마에똥,마에똥
바이젠하우스,바이젠하우스
오늘닭강정,오늘닭강정
똥집이야기,똥집이야기
재성밀면,재성밀면
8선곱창전골,8선곱창전골
집으로낙곱새,집으로낙곱새
슈퍼사이즈커피,슈퍼사이즈커피
제주울어멍해장국,제주울어멍해장국
얌이밀,얌이밀
쇼부,쇼부라멘
불로만치킨바베큐,불로만치킨바베큐
육대장,육대장
온센,온센
마피아떡볶이,마피아떡볶이
윤이불닭발,윤이불닭발
약콩밀면,약콩밀면
호두랑파이랑,호두랑파이랑
올리터,올리터카페앤디저트프랜차이즈
대족,3대족발
오륙칼국수,오륙오륙칼국수전문점
뼈대있는국밥,뼈대있는국밥
냉면덕후,냉면덕후
흥주선비국밥,흥주선비국밥
소바루,소바루
대손관,대손관
이태리식당,이태리식당
치킨더치킨,치킨더치킨경포점
치킨人류,치킨人류동탄카림점
청년피자,청년피자
돈타작,돈타작
버거맘,버거맘&코리엔탈깻잎두마리치킨
춤추는아양쭈꾸미,춤추는아양쭈꾸미
유담떡갈비,유담떡갈비
장모님치킨,장모님치킨
오호리준,오호리준
마라루,마라루
조스테이크,조스테이크
면도칼,안면도칼국수
면당포,면당포대구금호사수점
만두골,팔당만두골
명인만두,명인만두
동근이숯불두마리치킨,동근이숯불두마리치킨
청춘꼬마김밥앤떡볶이,청춘꼬마김밥앤떡볶이
백돈,해백돈카츠
현풍닭칼국수,현풍닭칼국수
킹덤푸드,킹덤푸드
산골항아리바베큐,산골항아리바베큐
돈짝,돈짝평택용죽점
면덕후,냉면덕후
준식당,준식당
계연탄,저팔계연탄쪽갈비
금화왕돈까스,금화왕돈까스
백하돼지생갈비,백하돼지생갈비
북경짜장,신북경짜장
밀방떡,매운국물떡볶이밀방떡
소메랑,소메랑범계점
북경상회,북경상회위례점
고레가참치,고레가참치
포케올데이,포케올데이
와유,아하또와유
청춘사업,청춘사업
거품없소,거품없소
카우보이,카우보이레스토랑
고구맘,고구맘
서가앤쿡,서가앤쿡
한빵울,한빵울
미친돈까스,미친돈까스
고택남,고택남
모도,이모도시락
신풍갈비,신풍갈비
뿔고,쇠뿔고추농장
화수브루어리,화수브루어리
어두리,어두리
와피,또띠와피자
야미마라탕,야미마라탕
이것이국밥이다,이것이국밥이다
키햐아,키햐아미포점
기대만족,기대만족
고기궁전,고기궁전
저스트마라관,저스트마라관
파이널나인,파이널나인
뚜레쥬르,뚜레쥬르명륜2차아이파크점
폴인카츠,폴인카츠
신당분식,신당분식
독고다이,독고다이&참새초밥
바게뜨양,바게뜨양
에그인,에그인브래드
사미반점,사미반점
몽땅다돼지,몽땅다돼지동백직영점
짐승파스타,짐승파스타
가평다하랑,가평다하랑
이기사식당,쌍둥이기사식당
압구정깍두기,압구정깍두기
헬로우낙곱새,헬로우낙곱새
응급실국물떡볶이,응급실국물떡볶이
분식닷컴,분식닷컴
조선현방,조선현방그릴
커피온리,커피온리
커피나무,커피나무
뿌기떡볶이,뿌기떡볶이
큐스,신의한큐스토어
용호동낙지,용호동낙지
달떡볶이,해달떡볶이
국민통닭,국민통닭
이가네곰탕,이가네곰탕
유케야,유케야
한끼한죽,한끼한죽
아라커피,아라커피
청춘튀겨,청춘튀겨
또먹고싶은피자,또먹고싶은피자
달리는족족,달리는족족
도미노피자,도미노피자
본우리반상,본우리반상
빽돈,빽돈
치킨히어로,치킨히어로
강순자옛맛김치찌개,강순자옛맛김치찌개
찬란한아구,찬란한아구
망고홀릭,망고홀릭대구스타디움직영점
엘치킨,씨씨엘치킨
수림식당,수림식당
목동버거,목동버거
피자알볼로,피자알볼로연제구청점
청춘얼큰이,청춘얼큰이
고래섬,고래섬
청춘국물닭발,청춘국물닭발
잠바주스,잠바주스
파스쿠찌,파스쿠찌
뉴욕꽈배기,뉴욕꽈배기강화전등사점
찐곱도리식당,찐곱도리식당
무인다방,무인다방
샤오당쟈,샤오당쟈마라탕
청연,청연
찌개엔,궁스부대찌개엔드오븐마루치킨
내이름은장어,내이름은장어
바니바니,바니바니
커피박스,커피박스
의춘숯불닭갈비,의춘숯불닭갈비
막창사냥꾼,막창사냥꾼
육회천지,육회천지
임떡,박영임떡집
교동면옥,교동면옥
이디야커피,이디야커피
모구모구과자점,모구모구과자점인전포
돈돈카츠,돈돈카츠
삼삼구,삼삼구이
미미찜닭,미미찜닭
쭈꾸미한판,쭈꾸미한판
원조강영숙봉평메밀촌,원조강영숙봉평메밀촌
꽃쟁반,꽃쟁반
검정고무신,검정고무신
깡돈,깡돈
육천돈까스,육천돈까스
아아수혈,아아수혈
교촌치킨,교촌치킨
귀일,귀일교자충주2점
요고닭,요고닭발
화성옥,화성옥
우리집팔당닭발,우리집팔당닭발
칸쿤,칸쿤
열선수애호박돼지국밥,열선수애호박돼지국밥
내가육회다,내가육회다
피자인류,피자인류
시루향기,시루향기
좋은초밥,좋은초밥
석바위토스트,석바위토스트
채우다,채우다춘천동내점
국민푸드,국민푸드
토스토어,토스토어
크리스피크림,크리스피크림도넛부산하단점
엔제리너스,엔제리너스
롯데리아,롯데리아
롱브레드,롱브레드
치킨마루,치킨마루동삼점
오구구이,응답하라오구구이
을용이곱창,을용이곱창
안동한우곱창,안동한우곱창
보글지글,보글지글
마라킹,마라킹
조선다방,조선다방
블루빈스,블루빈스커피
따숩,따숩
시선,스시선수
오투스커피,오투스커피
쌈불,쌈불고기
인생닭강정,인생닭강정
중경식객,중경식객
퍼사이공,퍼사이공
육회본가,육회본가
꼬돌이족발,꼬돌이족발
유림회관,유림회관식당
다샤브,큰바다샤브샤브
동적깡통구이,동적깡통구이
닭이봉춘천닭갈비,닭이봉춘천닭갈비
옥사장집밥,옥사장집밥
달마설렁탕숯불갈비,달마설렁탕숯불갈비연수
알떡,밀알떡집
국민감자탕,온국민감자탕
오규당,오규당
괭이부리마을,괭이부리마을희망멘토링카페느티나무
족발신선생,족발신선생
미소명가미역,미소명가미역
김성구의성마늘치킨,김성구의성마늘치킨
봉치킨,봉치킨
양산도,양산도
고봉민김밥人,고봉민김밥人
신야텐야,윙스버거신야텐야
대패꽃필무렵,대패꽃필무렵
커피네이션,커피네이션
식사준비,식사준비
헬로크랩,헬로크랩
긱스피자,긱스피자
나뚜루,나뚜루팝
생고기제작소,생고기제작소
이시키닭발,이시키닭발
장미맨숀,장미맨숀
완뽕,완뽕
타코파파,타코파파
꼬꼬뽀끼,꼬꼬뽀끼
에그바른,에그바른
현대옥,전주현대옥부산정관점
천하대창군,천하대창군
희치킨,희치킨
배달의쌀국수,배달의쌀국수
도우라이크피자,도우라이크피자
마약낙곱새,마약낙곱새
오늘도후라이드,오늘도후라이드
보람치킨,보람치킨
안국밥,밀양무안국밥
마선생마약국밥,마선생마약국밥
회장님댁,회장님댁
김치도가,김치도가
일품향,일품향
하루일과,하루일과
신기소,지웰시티1몰신기소
소노야,소노야
멘타로,멘타로
기소야,기소야
초장집,우리동네초장집
찰스탕수육,8군돈까스8군떡볶이8군불닭발찰스탕수육찜닭패밀리쌍용점
대국,밀양삼대국밥구서점
식스밀,식스밀
제육대회,제육대회
메밀당막국수,메밀당막국수
강촌닭멱살,강촌닭멱살
오떡,오떡
디저트스튜디오,디저트스튜디오
서울빙수,88서울빙수
미스터라멘,미스터라멘
사생활,사생활
박가부대,박가부대찌개
원할머니,원할머니보쌈
카페더치즈케익,카페더치즈케익
칼국수한마당,칼국수한마당
족발보감,족발보감
국민파스타,국민파스타
그놈포차,그놈포차
저스트텐동,저스트텐동충북
갑족발,김칠갑족발아저씨
이백장돈가스,이백장돈가스
놀부유황오리진흙구이,놀부유황오리진흙구이
이유치킨,이유치킨
명륜진사갈비,명륜진사갈비
찜샤브,청춘해물2단조개찜샤브산오징어
진미가효,진미가효수육국밥익산모현점
신치,육동신치킨
디저트39,디저트39
풍국면,풍국면
족발예찬,족발예찬
배부장찌개,배부장찌개가
한라맥주,한라맥주
33떡볶이,33떡볶이
북창동순두부,북창동순두부
육백더,육백더삼송
샤브향,샤브향
긴자료코,긴자료코
만족오향족발,만족오향족발
찰스의식탁,찰스의식탁갤러리아광교
놀부감자탕,놀부감자탕
삐사감러브스테이크,삐사감러브스테이크
삐사감김밥,삐사감김밥
치킨플러스,치킨플러스
티가렛,티가렛바이지노
을찌로정,을찌로정
삼삼막창1994,삼삼막창1994
직화방,직화방
집으로간참치,집으로간참치
크로앙쥬,크로앙쥬
호니도니,호니도니
프랭크버거,프랭크버거
코&타베,코&타베
셰프클라쓰,셰프클라쓰
페리카나,페리카나치킨
마포돈가,마포돈가
블레드,블레드푸드
샐러바웃,샐러바웃
와우곱창,와우곱창
호이차,호이차
모리커피,고모리커피공장
더드리계,더드리계
치킨678,치킨678
천하,천하임금님족발보쌈
백정,백정
바푸리,바푸리
보영만두,보영만두
무공돈까스,무공돈까스
김영태스시&사시미마을,김영태스시&사시미마을
모아모찜닭,모아모찜닭
오지게먹게,와커치킨과김쉐프의오지게먹게
피자플렉스,피자플렉스
팔도돼지곱창,팔도돼지곱창
백성,백성
천지감자탕,별천지감자탕
고팥슈,고팥슈
일공공샤브,일공공샤브
오늘도빙수,오늘도빙수
피자쿠치나,피자쿠치나
미미고,미미고찹쌀꽈배기
미미상회,미미상회
부산면관,부산면관
왓두유원두,왓두유원두
번패티번,번패티번
글린정원,글린정원
글린공원,Cafe글린공원
"오늘,맥주한잔","오늘,맥주한잔"
"오늘,와인한잔","오늘,와인한잔"
따로닭,따로닭
목우촌미소와돈,목우촌미소와돈
목우촌웰빙마을,목우촌웰빙마을정육점식당
만객가,만객가
모던통닭,모던통닭
에이바우트커피,에이바우트커피
900달러,900달러
죽이야기,죽이야기
파파도나스,파파도나스
샐러드식당,샐러드식당
참세족발,참세족발
홈바,와치홈바
스무치,스무치
보쌈주는족발집,보쌈주는족발집
설빙,설빙
중앙칼국수,중앙칼국수
짬장,짬장정육상회
베이커리로컬,베이커리로컬
쿠카쿠,쿠카쿠커피
전골마켓,전골마켓
꽈배기킹,꽈배기킹
육장장이,육장장이
오리지날,오리지날전통어죽
포피스피자,포피스피자
떡가계,떡가계
요치킨,마요치킨더쇼어묵
뽕뜨락피자,뽕뜨락피자기장청강점
피자나라치킨공주,피자나라치킨공주
금별맥주,금별맥주
가제트,가제트
피자마루,피자마루
신라방,신라방
라멘천하,라멘천하일본라멘전문점
방랑떡볶이,방랑떡볶이
로얄자카르타,로얄자카르타
옥이네김치찌개와직화삼겹,옥이네김치찌개와직화삼겹
파운데이,파운데이
선영아사랑해,선영아사랑해
죽선생,죽선생
콩밭,콩밭골순두부
카츠모리,카츠모리
카페아에,카페아에
족발슈퍼,족발슈퍼
열정도,열정도가맥집
우아한짬뽕,우아한짬뽕
타이반쩜,타이반쩜
흑도리,흑도리
도쿄스테이크,도쿄스테이크
화평동왕냉면,화평동왕냉면황제갈비
여우식당,여우식당
국수나무,국수나무
왕빈자전통주막,왕빈자전통주막양주
피자파는집,피자파는집
치요남치킨,치요남치킨
수유리우동집,수유리우동집
불닭발땡초동대문엽기떡볶이,불닭발땡초동대문엽기떡볶이덕천점
60계,60계치킨당감
짬뽕타임,짬뽕타임
사담손만두,사담손만두
달라커피,달라커피Dalracoffee
식빵연구소,식빵연구소
김밥킹,김밥킹
보편,보편적스테이
카페인스타,카페인스타
빨간토마토피자,빨간토마토피자
그릿,그릿비
봄날떡볶이,봄날떡볶이
초월관,초월관
샤브담,샤브담마치에비뉴점
1989역전꼬마김밥,1989역전꼬마김밥
자니로켓,자니로켓부산프리미엄아울렛점
트루바이,트루바이
후라이드참잘하는집,후라이드참잘하는집
뉴욕보틀,뉴욕보틀커피
자담치킨,자담치킨
참맛깔곱창,참맛깔곱창
온유월식당,온유월식당
마틸다,마틸다
류몽민,류몽민
꾸꾸삼겹,꾸꾸삼겹
짬뽕지존,짬뽕지존서면롯데점
바우네나주곰탕,바우네나주곰탕
영부분식,영부분식
포세븐,포세븐
코코샤브,코코샤브
멘무샤조이,멘무샤조이
멘무샤,멘무샤
호아빈,호아빈
악동통큰떡볶이,악동통큰떡볶이
군자대한곱창,군자대한곱창
싸다아구찜&탕,싸다아구찜&탕
권가제면소,권가제면소
청담곱떡,청담곱떡
빅딜,빅딜
고봉치킨,고봉치킨
차고집냉면,차고집냉면
송정동핫도그,송정동핫도그
봉팔이네찜닭,가을이네먹거리/봉팔이네찜닭
김씨방앗간,김씨방앗간장유
파탈리안,파탈리안
바니분식,뚱바니분식
닭꾸버,꾸바닭꾸버
레이지모닝,레이지모닝
모히또바인오션,모히또바인오션
얌샘김밥,얌샘김밥
고베규카츠,고베규카츠
한가족한방족발,한가족한방족발
솔가숯불갈비,솔가숯불갈비
두레숯불갈비,두레숯불갈비
유부공방,유부공방
버거비,버거비
구운초밥집여우상자,구운초밥집여우상자
레인보우마카롱,레인보우마카롱
부어치킨,부어치킨
공만치킨,공만치킨
당산오돌,당산오돌
샤브향,샤브향
본설렁탕,명가본설렁탕
착한파스타,착한파스타
핵밥,핵밥
치킨의민족,치킨의민족
씬피자,더블씬피자앤치킨
뿔난황소곱창,뿔난황소곱창에코
크라상점,크라상점
마리되야지,마리되야지
공주떡볶이,소문난공주떡볶이
시골숯불치킨,시골숯불치킨
정성담,정성담은
정무문,정무문
토끼분식,토끼분식
뉴욕쟁이디저트,뉴욕쟁이디저트
요녀석,요녀석
칼있으마,칼있으마손칼국수
우리분식,우리분식
가마솥김치찜,가마솥김치찜
돼지생갈비상회,돼지생갈비상회
불불이족발,불불이족발
마포옥고급소갈비,마포옥고급소갈비
신포우리만두,신포우리만두
토마토김밥,토마토김밥
푸주한,푸주한
그릴드버거,그릴드버거
꾸덕집,꾸덕집
충만치킨,충만치킨화명점
더철판삼겹,더철판삼겹
한냥노가리,한냥노가리
아리랑아구찜,아리랑아구찜
빅다방,빅다방
브라운래빗,브라운래빗
대맛담,대맛담족발
양만타조개나라,양만타조개나라
장터옛날통닭,장터옛날통닭
부릉카페,부릉카페
블럭제빵소,블럭제빵소
팔덕식당,팔덕식당
돈까스회관,돈까스회관
을지로골목집,을지로골목집
편백가원,편백가원
할멈탕수육,할멈탕수육
따띠삼겹,따띠삼겹
마치래빗,마치래빗샐러드가로수길본점
아재커피,아재커피
청솔로9,청솔로9
남자피자,남자피자
데일리커피,데일리커피
빵카페,복남이네메밀황기찐빵카페
파파1215,파파1215
효도쿡,효도쿡123
고담,고담
태화분식,태화분식
돈갓,돈갓
미카도스시,미카도스시아트몰링점
분식창고,분식창고홈플러스
홍대쌀국수,홍대쌀국수
커스텀커피,커스텀커피
텬고,텬고
토부가,토부가
진시앙,진시앙
솔청면옥,솔청면옥
봄채향,봄채향
맛소우,궁채맛소우
리또르,리또르
궁채,궁채
라무진,라무진
제주올레면옥,제주올레면옥
만이갈비,만이갈비
첨단한우국밥5900원,첨단한우국밥5900원
첨단돌솥감자탕,첨단돌솥감자탕
오마이카츠,오마이카츠
미친돼지,미친돼지
마루요시,마루요시
경성한우국밥,경성한우국밥
곱이곱다,곱이곱다
일팔양대창,일팔양대창
멕시카나,멕시카나
맵니떡볶이,맵니떡볶이
구삼짜글이,구삼짜글이
플렉스푸드,플렉스푸드
상무초밥,상무초밥
이플커피,이플커피
파리바게뜨,파리바게뜨
할미감성,할미감성
끝돈,제주끝돈
아재불닭발,아재불닭발
족황상제,족황상제수지성복점
고향옥얼큰순대국,고향옥얼큰순대국
만땅치킨,만땅치킨
소림마라,소림마라
홍콩반점0410,홍콩반점0410부산구남역점
인생설렁탕,인생설렁탕천안신
한신포차,한신포차부산경성대점
역전우동0410,역전우동0410화명역점
새마을식당,새마을식당
빽다방,빽다방부산대역점
본가,본가아구찜
백철판0410,백철판0410
백종원의원조쌈밥집,백종원의원조쌈밥집
백스비어,백스비어
미정국수0410,미정국수0410
리춘시장,리춘시장
롤링파스타,롤링파스타
돌배기집,돌배기집
존쿡델리미트,존쿡델리미트
샌드위밋,샌드위밋
"고기,원칙","고기,원칙"
어풍당당,어풍당당
신진통닭,신진통닭
오태식해바라기치킨,오태식해바라기치킨
봄봄,봄봄분식
미월당,미월당수원AK
본죽&비빔밥cafe,본죽&비빔밥cafe
본죽,본죽&비빔밥CAFE부산부경대경성대점
본도시락,본도시락
아이캔커피,아이캔커피
무교동유정낙지,무교동유정낙지
라스베이글,라스베이글
고기극찬,고기극찬
놀부부대찌개,놀부부대찌개센텀점
호떡당,호떡당
조순금닭도리탕,조순금닭도리탕
감성낙곱새,감성낙곱새
1830피자,1830피자
94번가,94번가
콰이찬,콰이찬
올리버브라운카페,올리버브라운카페
두부만드는사람들,두부만드는사람들
라떼킹,라떼킹
시나본,시나본
탐나종합어시장,탐나종합어시장
커피딜라이트,커피딜라이트
뻘속낙지,뻘속낙지
레드인,브레드인스마일
정성한줄,정성한줄
라헬의부엌,라헬의부엌
승승축산,승승축산
수포차,셀프국수포차
백참,이백참치
카툰공감,카툰공감대전관저점
비에뜨반미,비에뜨반미
리불버거,리불버거
숯돌이곱창,숯돌이곱창
우리동네찹쌀닭강정,우리동네찹쌀닭강정
펀비어킹,펀비어킹
돼지대첩,돼지대첩
카페오미니,카페오미니
스시노칸도,스시노칸도배곧점
오르새피자,오르새피자
홍베이팡,홍베이팡
장인미역,장인미역
델리칸,델리칸
뚝배기양평해장국,뚝배기양평해장국
누들보쌈배달만족,누들보쌈배달만족
엑소엑소핫도그앤커피,엑소엑소핫도그앤커피
겐텐,겐텐송도트리플스트리트
만복국수집,만복국수집
바른찌개,바른찌개
훠궈야,훠궈야스타필드시티
내맘에두닭,내맘에두닭
에그토스트,에그토스트
갈현동할머니떡볶이,갈현동할머니떡볶이집
차돌풍,차돌풍
소보롱,소보롱
오늘도돼지,오늘도돼지
농담,농담엔터테인먼트
비어첸,비어첸
쉐프의부대찌개,쉐프의부대찌개영도점
소담설렁탕,소담설렁탕
대천국밥,153대천국밥
밥꼬찜닭,밥꼬찜닭
경성진갈비,경성진갈비
덕꾼오리바베큐,덕꾼오리바베큐
청년고깃집,청년고깃집
신신모모,신신모모
정안정,정안정육점식당
전일맥주,전일맥주
김밥제일가,김밥제일가
가츠린,가츠린&이요우동
정동뚝배기,정동뚝배기
피자와치킨,피자와치킨의러브레터
유가네닭갈비,유가네닭갈비
어사출또,어사출또
이자와,이자와
피자스쿨,피자스쿨명륜점
이천가든,이천가든
껍데기클라쓰,껍데기클라쓰
구슬함박,구슬함박롯데부산본점
송담추어탕,송담추어탕
오페뜨,오페뜨
국대후라이드치킨,국대후라이드치킨
지구당,지구당
삼육칠하우스,삼육칠하우스
꿔바로우주는마라탕,꿔바로우주는마라탕
고반식당,고반식당
집밥애,집밥애
파스타입니다,파스타입니다
코돈카츠,코돈카츠
카페동네,카페동네
소도둑,소도둑
백곱식당,백곱식당
빙찌,빙찌
잇샐러드,잇샐러드
달리181,달리181
솥뚜껑바베큐통닭,솥뚜껑바베큐통닭
전설의치킨,최가네전설의치킨
노랑통닭,노랑통닭
핸즈업,핸즈업경기
땅스부대찌개,땅스부대찌개
콩두,콩두
죤슨앤바오,죤슨앤바오
대패맛집돈이덕이,대패맛집돈이덕이
한올면옥,한올면옥방촌점
영구스피자,영구스피자
통큰소한마리,통큰소한마리
불간짬뽕,불간짬뽕
온식당,라이온식당
제육대가,쭈대가제육대가
차룽반점,놀부차룽수서역차룽반점
일일양,일일양
오마뎅,오마뎅
곱품닭,곱품닭곱도리식당
탕수육주는육군짬뽕,탕수육주는육군짬뽕
롱쓰부대찌개,롱쓰부대찌개
비비큐,비비큐치킨점
한국밥,행복한국밥
달리는커피,달리는커피
컬투치킨,컬투치킨
복사꽃피는집,복사꽃피는집
커피에반하다,커피에반하다
옛날장터치킨,옛날장터치킨신곡2호점
백년회관서서갈비,백년회관서서갈비
한옥마을전주비빔밥,한옥마을전주비빔밥
다구오,다구오
신별떡볶이,신별떡볶이
명수네국물떡볶이,명수네국물떡볶이
더착한커피,더착한커피
청춘감성쌀핫도그,청춘감성쌀핫도그
빠레뜨한남,빠레뜨한남
커피아트,저니피플저니커피아트몰링점
짜짜왕,짜짜왕
곱닭,우이곱닭천안
애플틴,피자리아애플틴
홍안동,홍안동두마리찜닭
훌랄라숯불치킨,훌랄라숯불치킨
인앤피자,훌랄라.인앤피자
마크빈,마크빈
종로냄비,홍춘천&종로냄비&홍대마녀
천하제일족발,훌랄라천하제일족발
홍대마녀,홍춘천&종로냄비&홍대마녀
홍춘천,홍춘천
마미쿡,마미쿡치킨앤버거
부대장,부대장&천족
용우동,용우동다담시리
더족발,더족발
너랑나랑핫도그,너랑나랑핫도그
이탄집,이탄집
이차돌,이차돌
마약갈비,두툼마약갈비
아마스빈코리아,아마스빈코리아목동파리공원점
피자오래,못말리는파닭&피자오래
두판닭갈비,두판닭갈비
스떼이끄300,스떼이끄300블랙
네네치킨,네네치킨
연남물갈비,연남물갈비
화커피,평화커피
호천당,호천당
황찜,금황찜닭만촌점
남자닭게,남자닭게
더하고부대찌개,더하고부대찌개
반궁,반궁서면엔씨점
아시아문,아시아문해운대NC점
후원,후원
루고,다루고기
테루,테루해운대NC점
페르케노,페르케노롯데몰
피자몰,피자몰광안리켄트호텔점광안리켄트호텔점
리미니,리미니
스테이크어스,스테이크어스
하우마라탕,하우마라탕
빅찹핫도그,대보유통추풍령휴게소빅찹핫도그
갓성비보쌈,갓성비보쌈
더카페,"더카페,"
샤이바나,샤이바나
등꺼비식당,등꺼비식당
베브릿지,베브릿지평촌
스시웨이,스시웨이
인정국물떡볶이,인정국물떡볶이
이땔리방앗간,빚짜x이땔리방앗간
육값어치,육값어치
수찜닭,철수찜닭
달꽃다방,달꽃다방
조선화로집,조선화로집
조선갈비실록,조선갈비실록
제주도야지판,이바돔제주도야지판
이바돔감자탕,이바돔감자탕전포
강촌식당,강촌식당
와촌식육식당,와촌식육식당
포차이즈백두꺼비집,포차이즈백두꺼비집
남문통닭,남문통닭
임대장,임대장
군산오징어,군산오징어
봄담아,봄담아
강적,강적들숯불갈비
모던불닭,모던불닭
독도떡볶이,독도떡볶이
화로상회,화로상회
한제소곱창전골,한제소곱창전골
신단설렁탕,신단설렁탕
한촌설렁탕,한촌설렁탕
온정생돈까스,온정생돈까스
18인치피자,18인치피자
솔차니,솔차니
호봉토스트,호봉토스트
마시불,마시불
꺼먹지명태조림,꺼먹지명태조림
서민피자,서민피자
짚탄갈비,짚탄갈비
왕돌해물찜,왕돌해물찜
삼치기,삼치기
찬장,대찬장어
보배반점,보배반점
우아한치킨,열정분식소&우아한치킨
행님디저트카페,행님디저트카페
승도리네,승도리네
문전대박닭강정,문전대박닭강정
피자이탈리,피자이탈리
굿맘할매순대국&양선지해장국,굿맘할매순대국&양선지해장국
인생해장국,인생해장국
땡스얼랏,땡스얼랏경기대점
바른푸드,올바른푸드
치킨사냥,치킨사냥
잉치킨,잉치킨
부부요리단,부부요리단2탄
오구당당,오구당당우렁쌈밥
구웠닭,구웠닭
잭슨피자,잭슨피자
글래드버거,글래드버거
감동까스,감동까스배방
미소미소,미소미소
피자플래넷,피자플래넷
육감,육감식당
투존치킨,투존치킨
용범양대창,용범양대창
김경자소문난대구왕뽈찜,김경자소문난대구왕뽈찜유성점
블랙티드,블랙티드
피자꾼,피자꾼
떡볶이창고,떡볶이창고
다사랑,다사랑콩나물해장국밥뼈다귀해장국
갓튀김닭,갓튀김닭
돈기부여,돈기부여
딱좋아고기,딱좋아고기
봉황당,봉황당
김충기꽃삼겹,김충기꽃삼겹벤또
천미리,천미리
배스킨라빈스,배스킨라빈스31부산신호점
리얼펍,리얼펍
세븐치킨,세븐치킨
범프리카인생치킨,범프리카인생치킨
공룡고기,공룡고기
빵장수단팥빵,빵장수단팥빵부산사상점부산사상점
신할매닭발,신할매닭발
삼겹식당,삼겹식당
분식문방구,분식문방구
다오세,다오세
공룡슈퍼,공룡슈퍼
달구똥,달구똥
모던한식당,모던한식당
즐거운돈까스,즐거운돈까스원주기업도시점
대판장,대판장
열린밥상,열린밥상
면장수,면장수
걸작떡볶이치킨,걸작떡볶이치킨
라쿵푸마라탕,라쿵푸마라탕
밥맛나는세상,밥맛나는세상
류장군족발,류장군족발
패대기,패대기
뚜띠쿠치나,뚜띠쿠치나
피자메카,피자메카옥정
수촌마을,캘리포니아리스펍수촌마을점
소진담,소진담
치킨이즈백,치킨이즈백앤94번가
워너비박스,워너비박스
빵드밀식빵,빵드밀식빵
사나운치킨,사나운치킨
도쿄라멘,도쿄라멘
수상한탕수육,수상한탕수육
코리엔탈깻잎두마리치킨,코리엔탈깻잎두마리치킨
땅땅치킨,땅땅치킨
노랑김밥,노랑김밥
해낙전,해낙전
프랑제리,프랑제리
맥켄지커피,맥켄지커피
안동본가국밥,안동본가국밥
깨봉이국물떡볶이,깨봉이국물떡볶이
떡깨비,떡깨비
더블플레이치킨,더블플레이치킨
소고산제일루,소고산제일루Express
치&강,치&강
서오릉피자,서오릉피자
단오방,단오방
1990아구찜,1990아구찜
드립앤더치,드립앤더치
하이롤,하이롤
한나식빵,한나식빵부산
이선생짜글이,이선생짜글이
아덴블랑제리,아덴블랑제리
왕손피자,왕손피자
위대한카츠비,위대한카츠비
죽향갈비,죽향갈비
금수라부대찌개,금수라부대찌개신기직영점
울보떡볶이,울보떡볶이
겐우동,겐우동
그집돼지,그집돼지국밥
쿠웨이트떡볶이,쿠웨이트떡볶이앤드닭발신
라면데스요,라면데스요
반하는보쌈&밥상,반하는보쌈&밥상
수유동옛날면옥,수유동옛날면옥
시골보쌈&감자옹심이,시골보쌈&감자옹심이
홍할매,홍할매
명동칼국수,명동칼국수
팔도돼지,팔도돼지국밥
개념떡볶이,맛도리찬&개념떡볶이
바비박스,바비박스
볶찜,볶찜
해물떡찜0410,해물떡찜0410
원키친,현대종합연수원키친316
성성식당,성성식당
백스비빔밥,백스비빔밥
막이오름,막이오름
대한국밥,대한국밥
케이크를부탁해,케이크를부탁해
원조명품진갈비,원조명품진갈비
치킨버스,치킨버스
반달커피,반달커피
타코비,타코비
부산명가밀면,부산명가밀면
피자덕후,피자덕후
이화당,이화당제과
일계양득,일계양득
치즈쇼피자,치즈쇼피자
열정닭발,열정닭발
내가만든미케익,내가만든미케익
피자엠소마,피자엠소마
홍반장신의주찹쌀순대와감자탕,홍반장신의주찹쌀순대와감자탕
곱창가,곱창가
봉순이칼국수,봉순이칼국수
한끼정,한끼정
신의주찹쌀순대,홍반장신의주찹쌀순대와감자탕
고기대통령,생고기대통령
오빠네옛날떡볶이,오빠네옛날떡볶이
벌떡,용궁촌벌떡낙지
현죽,현죽
가마솥김밥,가마솥김밥
가마솥국밥.보쌈,가마솥국밥.보쌈
더치앤빈,더치앤빈
진심커피,진심커피숍
고망고,고망고
무쇠김치삼겹,무쇠김치삼겹
치킨테리아,치킨테리아
노커커피,노커커피
고향카츠,고향카츠
청년보쌈,청년보쌈
데일리오아시스,데일리오아시스
밥앤국,자연보리밥앤국수
밀립,밀립2
매스커피,매스커피
꼬꼬댁,꼬꼬댁
크라비츠피자,크라비츠피자
열이네식육식당,열이네식육식당
청춘식당,청춘식당
지호한방삼계탕,지호한방삼계탕수안점
한끼국밥,한끼국밥만두여행
만랩커피,만랩커피부산국제
가장맛있는족발,가장맛있는족발
퍼스트비어,퍼스트비어
갈비오브미,갈비오브미
용추골미궁순대,용추골미궁순대
인생돈가스,인생돈가스
닥치고곱창,닥치고곱창
이흥선참치,이흥선참치
반칙왕식탁,반칙왕식탁
도쿄짬뽕0820,도쿄짬뽕0820
공릉동원조멸치국수,공릉동원조멸치국수
치교치킨,치교치킨앤찐분식
찐분식,찐분식
일마레,일마레
교동짬뽕,교동짬뽕
선비꼬마김밥,선비꼬마김밥
연남토마,연남토마
카페온화,카페온화
마노핀,마노핀카페
미스터피자,미스터피자
떡슐랭,떡슐랭
기기커피,기기커피
족보잇는국밥,족보잇는국밥
아틀리에빈,아틀리에빈10호
알찬하루,알찬하루
아메리칸트레이,아메리칸트레이
폴콘,폴콘
락립배,락립배
동양족발,동양족발
숯불에구웠삼겹,숯불에구웠삼겹
박군치킨,박군치킨
깐부치킨,깐부치킨
발재반점,늘솜롯데아울렛고양점발재반점
생어거스틴,생어거스틴
더베이크,더베이크
논골집,논골집
치킨멤버,치킨멤버
왕서방왕치킨피자,왕서방왕치킨피자교현
라라감자탕,라라감자탕
월수금,토스피아군포천안월수금
장호짤라집,장호짤라집
고미후쿠데판,고미후쿠데판
면아당,면아당
만병통찜닭,만병통찜닭
노성일참치,노성일참치
남도연,남도연
비어웍스,비어웍스
캔카페,캔카페
열혈분식,열혈분식천안점
무국식탁편백집,무국식탁편백집
신촌설렁탕,신촌설렁탕
카페텀블러,카페텀블러
베이크스토리,베이크스토리광명사거리역점
달빛경성술집,달빛경성술집
델리웨건와작,델리웨건와작
청불,청불갈비촌
디초콜릿커피앤드,디초콜릿커피앤드
할리스커피,할리스커피부산송도점
요리를담다,요리를담다
우스타,프라우스타
부대찌개119,부대찌개119
곱사마,곱사마
계왕,저팔계왕족발보쌈
피자투어,피자투어
깜닭치킨,깜닭치킨
제주은희네해장국,제주은희네해장국
태성추어탕,태성추어탕
날쌘카페,날쌘카페
쭈꾸쭈꾸아,쭈꾸쭈꾸아&닭갈비
미친닭,찜에미친닭
채돈이,채돈이
치키니아,치키니아풍납점
코바코,코바코
샌드프레소,동원홈푸드샌드프레소청
소담비빔국수,소담비빔국수
꼽창꼽창,꼽창꼽창
삼대떡볶이,삼대떡볶이
피맥하우스,피맥하우스
카페차,카페차
농부바게트,농부바게트
국사랑,국사랑
봄이보리밥,봄이보리밥
전준수명품청기와감자탕,전준수명품청기와감자탕
세계쌀국수대전,세계쌀국수대전
이대감,이대감숯불갈비
월쌈,이월쌈밥
맛데이,맛데이
밀본,해밀본가진주냉면
다드림,다드림
백세면사무소,백세면사무소
마음한줄,마음한줄
스쿨푸드,스쿨푸드딜리버리
히츠지야,히츠지야4.5
명품상무팥죽,명품상무팥죽
맛을그리다오상미,맛을그리다오상미
비돈이제돈이,비돈이제돈이
치킨퐁237,치킨퐁237
작업반장,작업반장
치킨퐁,치킨퐁
청담피자,청담피자
갓샐러드,갓샐러드
신참떡볶이,신참떡볶이
이춘봉인생치킨,이춘봉인생치킨
오투닭갈비,오투닭갈비
매반생면,매반생면
정가네화덕구이족발,정가네화덕구이족발
폼프리츠,폼프리츠
불이아,불이아
밀가촌국수,밀가촌국수
블랙라인커피,블랙라인커피
김영희강남동태찜,김영희강남동태찜
김영희동태찜&코다리냉면,김영희동태찜&코다리냉면
삼미식당,삼미식당
오색동,고향집&오색동
청실홍실,청실홍실
아로이커피,아로이커피
아로이타이,AroiThai아로이타이
김연수소갈비살,김연수소갈비살
파파밸리피자,파파밸리피자
애플블러썸,애플블러썸
샌드리아,샌드리아
강다짐,강다짐삼각김밥
명랑시대쌀핫도그,명랑시대쌀핫도그
수완초밥생각,수완초밥생각
왕돈까스&왕냉면,왕돈까스&왕냉면
꽃마름,꽃마름
족발의제왕,족발의제왕
상아김밥,상아김밥
단물곤물,단물곤물
버거307,버거307
치킨선생,치킨선생
깍두기,서울깍두기
생고기대학교,생고기대학교반송
장미막창,장미막창
만푸쿠,만푸쿠스시
바보스,바보스
바비큐보스,바비큐보스
꿀닭,꿀닭
뉴욕버거,뉴욕버거
곱창민족,곱창민족
오리뱅크,오리뱅크
피자닷,피자닷
미사랑임실치즈피자,미사랑임실치즈피자
바른초밥,바른초밥
빵장수꽈배기,빵장수꽈배기
파파존스피자,파파존스피자남구점
스트릿츄러스,스트릿츄러스부산신세계
맥주기업,맥주기업
수뿌레닭갈비,수뿌레닭갈비
카츠젠,카츠젠
미아리우동집,미아리우동집
백청우칼국수,백청우칼국수
조가네갑오징어,조가네갑오징어
픽미픽미아이스크림할인점,픽미픽미아이스크림할인점
훗스테이크,훗스테이크
고기바보,소고기바보
육앤샤,육앤샤
어죽이네철렵국,어죽이네철렵국
숯불에닭,숯불에닭
나이스투미츄,나이스투미츄
퀸즈브라운,퀸즈브라운
스미비부타동,스미비부타동
손오공마라탕,손오공마라탕
미씽유,봉구통닭앤미씽유
보고싶다,보고싶다원두
팔팔핫도그,팔팔핫도그
차얌,쥬씨차얌
오복집,오복집
자매떡볶이,자매떡볶이
정쉐프탕수육,정쉐프탕수육
가락동리어카포차,가락동리어카포차
열정분식소,열정분식소
내가찜한닭,내가찜한닭
요거베리,요거베리
봉이치킨,봉이치킨
교자킹,교자킹
수육신,마시내탕수육신촌점
고려통닭,고려통닭
라떼떼,라떼떼베이글카페
초초,속초초밥
컨테이너피플,컨테이너피플
수제돈까스연승,수제돈까스연승
코인트커피,코인트커피
꼬꼬야시장,꼬꼬야시장
꽈배기친구들,꽈배기친구들
석쇠꾼,석쇠꾼
비스트로피자,비스트로피자재송
로꼬로꼬,로꼬로꼬
청양일초,청양일초
카츄마마,카츄마마대구동촌점
브알라,브알라누아르
장수본가해장국,장수본가해장국
낙지애가,낙지애가
골목안13번지,골목안13번지
하늘소불고기,하늘소불고기
더벤티,더벤티1
요거프레소,요거프레소부산반여점
너티차일드,너티차일드
직화방이,에디블직화방이
달우찜닭,달우찜닭
마이하노이,마이하노이
대패막창,달구지대패막창
나우커피,도나우커피
광부맥주,광부맥주
코코로벤또,코코로벤또
카모메,카모메
믿음직화,믿음직화
김밥의진수,김밥의진수
쌀통닭,쌀통닭
장충동왕족발보쌈,장충동왕족발보쌈
유달리,유달리서면점
오백국수,오백국수명가
서울미트볼,서울미트볼
바르미스시뷔페,바르미스시뷔페
경성육개장&부대찌개,경성육개장&부대찌개
에그박스,에그박스
짠앤짠스,짠앤짠스
비엔나핫도그,비엔나핫도그부산본점
곰브라더스,곰브라더스서산씨지브이
달강정앤떡볶이,달강정앤떡볶이
빌런,빌런
후후,후후
야끼텐,야끼텐분식제일가
분식제일가,야끼텐분식제일가
통닭연구소,통닭연구소
정희옥스시,정희옥스시
홍대돈부리,홍대돈부리
쌀쌀맞은닭,쌀쌀맞은닭온양점
서병장대김이병,서병장대김이병
베이커스필드,베이커스필드
레드락,레드락
두찜,두찜
가마치통닭,가마치통닭
남바완돈카츠,남바완돈카츠
철뚝길,철뚝길소머리국밥
육육간,육육간
포장맛차,포장맛차
별난커피,별난커피쟁이
신화불닭발,신화불닭발
악동떡볶이,악동떡볶이
숙달돼지,숙달돼지
청와삼대,청와삼대
호호반점,호호반점
신순애우동,신순애우동
복남이네꽁당보리밥,복남이네꽁당보리밥
제줏간,제줏간
요가파이어,요가파이어매운남자매운갈비찜
윤경양식당,윤경양식당
오술차,오술차영통점
깐깐한족발,깐깐한족발
디떽,디떽
꾸꾸루꾸바베큐,꾸꾸루꾸바베큐
포메인,포메인
불난술집,불난술집
쏘렌토,쏘렌토스파게티전문점
만만코코로,만만코코로
남도복국,남도복국
치라시스시,치라시스시
본까쓰델리카페,본까쓰델리카페
본까쓰,본까쓰델리카페
킹콩쥬스엔커피,킹콩쥬스엔커피부산화명점
팔팔분식당,팔팔분식당
지단분식,지단분식
청렴스시,청렴스시
팔도족발,안락팔도족발
싸다김밥,싸다김밥
뿔발,뿔발
안심치킨,안심치킨태안점&토마토
북촌삼대갈비,북촌삼대갈비
약초마을,약초마을한방차
진아구,풍진아구찜복국
투마리치킨,투마리치킨
후쿠오카함바그,후쿠오카함바그
후쿠오카함바그익스프레스,후쿠오카함바그익스프레스
미쿡식당,미쿡식당
간코,빨간코2
웰킨에스프레소,웰킨에스프레소
쌍교숯불갈비,쌍교숯불갈비
브이카페,브이카페대전
제주안방갈비,제주안방갈비
경양카츠,경양카츠
아리스타,아리스타커피부산점
커피기업,에스이커피기업성장센터점
타키,피스타키친
골라먹는덮밥,골라먹는덮밥찌개
위드치킨,위드치킨앤오리한마리
하오마라,하오마라탕
한명숙피자치킨,한명숙피자치킨
돈오야,돈오야
쭝일아찌5단계빨강떡,쭝일아찌5단계빨강떡볶이
정남옥,정남옥
스타동,떡볶이스타동성로
장안우동집,장안우동집
이태리곱창,이태리곱창
김군네통닭집,김군네통닭집
옷잘입는떡볶이,옷잘입는떡볶이
비에이블스터디카페,비에이블스터디카페
웨즐스프레즐,웨즐스프레즐
파스타이츠,파스타이츠
아이러브피자,아이러브피자
벤티프레소,벤티프레소
김씨화덕,더블유스퀘어김씨화덕
햇버거,"미미당,햇버거"
알바트로스,알바트로스
디오니스,디오니스
리킨치킨,리킨치킨
쪽찌,쪽찌센텀점
투고키친,투고키친
아무술집,아무술집
콘레드커피,콘레드커피
구노포차,구노포차
한국수,행복한국수집
슈퍼막셰,슈퍼막셰
강남최부자집,강남최부자집
6.25떡볶이,6.25떡볶이
피자다움,피자다움
그레야마더지,그레야마더지
매우당,매우당
임실치즈피자,임실치즈피자
삼시네끼,삼시네끼석쇠구이
순례국밥,순례국밥
열라불라연탄집,열라불라연탄집
볼빨간아구찜,볼빨간아구찜
에그벅,에그벅
선어도,선어도
아구킹,아구킹
대기만성,대기만성
트래블피자,트래블피자
뼈대장,달려라뼈대장
세꼬시공장,세꼬시공장
이태리면가게,이태리면가게
낭만쭈꾸미,낭만쭈꾸미&낭만다방
온기정,온기정
박군자진주냉면,박군자진주냉면
서울국수,서울국수
외식촌,외식촌
닭밥,장닭밥상삼계탕
홈쿡,더팜홈쿡
유가솜씨닭갈비,유가솜씨닭갈비센텀점
꽈백최선생,꽈백최선생
배떡,배떡엔함박
카레온,카레온
털보고된이,털보고된이
백미원,백미원마라탕
정진관의일품정,정진관의일품정
도리연닭도리탕,도리연닭도리탕
하트너카페,하트너카페
선릉역매운떡볶이,선릉역매운떡볶이
소신,소신-크리스탈
닭익는마을도리마루,닭익는마을도리마루
닭익는마을,닭익는마을
손찬,손찬
카르투시아,카르투시아
윤가네오리구이전문점,윤가네오리구이전문점
레코드피자,레코드피자
찡떡,찡떡
따블,"쁘띠따블,2nd"
뚱볶이,뚱볶이
김형제고기의철학,김형제고기의철학청주봉명
일미삼겹살,일미삼겹살
월남쌈김상사,월남쌈김상사
쿠우쿠우,장원에프앤비쿠우쿠우괴
신정골,신정골해장국
겐로쿠우동,겐로쿠우동
도야족발보쌈,진도야족발보쌈
어바웃샤브,어바웃샤브
담장옆에국화꽃,담장옆에국화꽃
치킨선수,치킨선수
피자애,219피자애비뉴
스쿨스토어,스쿨스토어
푸르릇,푸르릇
돈애반해,돈애반해
한식마을,한식마을
한근숯불닭갈비,한근숯불닭갈비
강릉장칼국수,강릉장칼국수
오유미당,오유미당
통발집,통발집
류가본가,류가본가
갓튀긴후라이드,갓튀긴후라이드부산
치킨을사랑한떡볶이,치킨을사랑한떡볶이
동빵,동빵
구공족발,구공족발
꽃돼지식당,꽃돼지식당
소한마리몽땅무쏘,소한마리몽땅무쏘
궁짜이,궁짜이
츄카롱,츄카롱&츄로아상
담미온,담미온수육국밥
뒷고기회관,뒷고기회관
내가진짜떡볶이다,내가진짜떡볶이다
한신우동,한신우동
다가치통닭,다가치통닭
토정삼계탕,토정삼계탕오창관
믹스쭈,믹스쭈
동양백반,동양백반
디에떼에스프레소,디에떼에스프레소
통큰갈비,통큰갈비
버섯잔치집,버섯잔치집
오떡후,맛동산오떡후
오리도니,오리도니춘천석사점
쥬스스타,쥬스스타
수유땡초닭발,수유땡초닭발
줄벼락,줄벼락
캔다방,캔다방
원카츠,원카츠
더조은갈비,더조은갈비성연점
여우감자탕,여우감자탕
정도너츠,정도너츠
목구멍,목구멍
선식당,영선식당
국제갈비,국제갈비
차돌박사,차돌박사
월홍갈비,월홍갈비
핑거커피,핑거커피
춘천꼬꼬닭갈비,춘천꼬꼬닭갈비
바르미샤브칼국수,바르미샤브칼국수
달곰김밥,달곰김밥
원청담면옥,원청담면옥
니뽕내뽕,니뽕내뽕
마포만두,마포만두
브라더탕수,브라더탕수
올떡,올떡볶이
와타미,와타미
홍대개미,홍대개미
얼맥당,얼맥당시흥배곧점
큰집아저씨,큰집아저씨
홉슈크림,홉슈크림
위찜,위찜
찜닭의정석,찜닭의정석
재벌술상,재벌술상
팔백집,팔백집
브라운돈까스,브라운돈까스
미식가의구이,미식가의구이
오풍미족발,오풍미족발
언양닭칼국수,언양닭칼국수
부리또인,부리또인
효자막창,효자막창
대관령양푼이동태찌개,대관령양푼이동태찌개
한방서원갈비,한방서원갈비생극해장곰탕
치킨뱅이,치킨뱅이
상상짬뽕,상상짬뽕
소문난밥상,소문난밥상
반할커피,반할커피
제주밤바다,제주밤바다
장모님상다리,장모님상다리
이비가짬뽕,이비가짬뽕
갑진즉석,갑진즉석
경성일번가,경성일번가
메밀골동해막국수,메밀골동해막국수
대구반야월막창,대구반야월막창
생활맥주,생활맥주
참토우,참토우
생활커피,생활커피
달려라팬,달려라팬&온식당
역전국밥,역전국밥우리집
굽네치킨,굽네치킨
발빠닭,발빠닭
평화면옥,평화면옥
오공복이,오공복이
육남매,육남매해장국
만고쿠,만고쿠배곧점
혼술식당,우아한혼술식당
고기이불볶음밥,고기이불볶음밥삼양
오븐마루,오븐마루
본세이로무시,본세이로무시
구어찌,구어찌
스시아오,스시아오
노군식당,노군식당
노군꼬치,노군꼬치서면점
천수통닭,천수통닭
청춘껍데기,청춘껍데기
고마담치킨,고마담치킨
메이탄,메이탄
파더스김밥,파더스김밥
아딸,아딸
치폴레옹,치폴레옹중앙대점
가츠몽,가츠몽
감탄떡볶이,감탄떡볶이오션시티점
행복한찜닭,행복한찜닭
백미옛날갈비,백미옛날갈비
아비꼬,아비꼬
만뽀,만뽀스키야키
듬박이찌개,듬박이찌개
천상마라탕,천상마라탕
코끼리가반한핫도그,코끼리가반한핫도그
커피마마,커피마마
별별치킨,별별치킨
청국장과보리밥,청국장과보리밥
으니의수라간,으니의수라간
착한막창,맛·가격·서비스가좋은착한막창
정코다리,송림정코다리냉면
캠토토스트,캠토토스트
북문당,북문당
화화,화화돼지왕갈비
닭꼬치브라더스,닭꼬치브라더스
축제갈비,축제갈비
반올림피자샵,반올림피자샵
삼다돈,제주삼다돈
한티재,한티재
백금당,백금당
청정돼지,청정돼지
신나불고,아싸신나불고명계
켄커피,켄커피
나무새다이닝,나무새다이닝
배달왔소,배달왔소
PHO38,PHO38
아리가또맘마,아리가또맘마
밀회관,밀회관원주기업도시점
통큰두마리찜닭,통큰두마리찜닭&수원왕갈비통닭
태기산더덕순대,태기산더덕순대
직화한상,더블유엠디직화한상
에잇비돌체,에잇비돌체
구도로통닭,구도로통닭
지즐,지즐숯불갈비
통닭1번가,통닭1번가
대한식당,대한식당
신이내린닭,신이내린닭
꽃꼬댁,꽃꼬댁불닭발
급냉삼겹살,급냉삼겹살
마실커피,마실커피
부여통닭,부여통닭
1967정남순서울곱창,1967정남순서울곱창
사랑담은묵은지찜찌개,사랑담은묵은지찜찌개
모캄보,모캄보
맛나감자탕,맛나감자탕
몽이의주방,몽이의주방
커피셀러,커피셀러
백촌진짜대구막창,백촌진짜대구막창옥동점
명계찜닭,명계찜닭화덕치킨
펍피맥,펍피맥
덕자네방앗간,덕자네방앗간
고을래이베리코흑돼지,고을래이베리코흑돼지전문점
소로야,소로야금호점
사이야,사이야
카페인중독,카페인중독
몬스터스시&사시미,몬스터스시&사시미
왔쏘,왔쏘
혼밥귀족,혼밥귀족
램플러스,램플러스
도넛킬러,도넛킬러
잇또라멘,잇또라멘
냉면왕,영동밀면냉면왕만두
피자블럭,피자블럭
돈카와치,돈카와치돈까스앤우동
서민돼지,서민돼지갈비
빨콩,빨콩
고양이부엌,고양이부엌상현점
청자다방,청자다방
룸비,청아라벨로블룸비스
피자런,피자런
북문로떡볶이,북문로떡볶이제천점
남매컵밥,남매컵밥
딜스테이크,딜스테이크
불고기브라더스,불고기브라더스
어게인리프레쉬,어게인리프레쉬
육회지존,육회지존
카페베네,카페베네
돈까스클럽,돈까스클럽
에그오리진,에그오리진
비거커피,비거커피에그오리진
블랙슈가,블랙슈가왕산
가배두림,가배두림
마루가메제면,마루가메제면
까스맨,돈까스맨대흥
청년찌개,청년찌개
설어정,설어정
인스타크랩,인스타크랩
봉춘회관,봉춘회관
이츠굿베이커리카페,이츠굿베이커리카페
막창도둑,막창도둑
베러댄와플,베러댄와플
형제닭발&오돌뼈,형제닭발&오돌뼈
구이구이쪽갈비,더맛구이구이쪽갈비
엄청난떡볶이,엄청난떡볶이
파리에다녀온치킨,파리에다녀온치킨
이웃집소녀떡볶이,이웃집소녀떡볶이
한양손칼국수,한양손칼국수
우리동네국수집,우리동네국수집
갈비토대왕,갈비토대왕
무지개맥주,무지개맥주
장상궁김밥,장상궁김밥
김봉남포장마차,김봉남포장마차
오닭꼬치,오닭꼬치
아웃닭,아웃닭
돈까스팩토리,돈까스팩토리
백년불고기,백년불고기
육콩,육콩
계림원누릉지통닭구이,계림원누릉지통닭구이
찜뚝딱,찜뚝딱
나성갈비,나성갈비
청춘연가,청춘연가
꼬지사께,꼬지사께부산연제점
엘리팝,엘리팝
또박꽈배기,또박꽈배기
한마음정육식당,한마음정육식당
카페라이더,카페라이더
수타5900,수타5900
자갈치브라더스,자갈치브라더스
킹스꼬마김밥,킹스꼬마김밥
별난아재맥주,별난아재맥주
대장부,전설의감자탕&대장부대찌개진천점
만복한쭈꾸미낙지볶음,만복한쭈꾸미낙지볶음
설원칡냉면&푸짐보쌈,"시골여행칼국수,설원칡냉면&푸짐보쌈"
또이스치킨찜닭,또이스치킨찜닭
백그릇국밥,백그릇국밥
새마을찜닭,새마을찜닭
황태장인,황태장인
조선닭볶음탕,조선닭볶음탕
놀란곱창,놀란곱창
광평도새기촌,광평도새기촌미사강변점
킹콩떡볶이,킹콩떡볶이
호야짬뽕1650,호야짬뽕1650
어묵먹은호랑이,어묵먹은호랑이
아키라커피,아키라커피
김복남맥주,김복남맥주
나베야,나베야
테트리스찜닭,테트리스찜닭
닥엔돈스,닥엔돈스
찜다해,찜다해식당
투사랑,투사랑풍암동부점
치르치르,치르치르예산점
복덮방,복덮방
뉴욕야시장,뉴욕야시장명지국제
군선생,군선생
놀란돼지,놀란돼지
닭강정총각,닭강정총각
한남동그집,한남동그집
고돼지,합천최고돼지국밥
돼지만,돼지만왕소금구이
대패만,대패만땅
갈비만,유가네닭갈비만덕점
칠성떡볶이,칠성떡볶이
셀렉토커피,셀렉토커피
죠샌드위치앤커피,죠샌드위치앤커피
이천가든,이천가든
로건커피,로건커피
큰정할매순대국,큰정할매순대국
교동전선생,교동전선생
봉명동내커피,봉명동내커피
백락촌,백락촌
콩밭뜰,콩밭뜰금촌
명장복집&24시명장복국,명장복집&24시명장복국
천상대게,천상대게
떡볶이스타,떡볶이스타
한냐마켓또,한냐마켓또
나루국밥,해나루국밥
괴물떡볶이,괴물떡볶이
돼지영농후계자,돼지영농후계자
마약먹태,마약먹태
우쿠야,우쿠야
신룽푸마라탕,신룽푸마라탕
아날로그키친,아날로그키친
미트볼라운지,미트볼라운지
바네스,바네스타코
육화미,육화미
돼지게티,돼지게티
리틀꼬마김밥,리틀꼬마김밥
순남시래기,순남시래기
옹헤야,옹헤야불백
하루엔소쿠,하루엔소쿠부산센텀점
르뽀미에,쁘띠르뽀미에자갈치농협점
빚은,손으로빚은그림
잇투고,에스피씨삼립잇투고
따삐오,따삐오
족장,족장의칼
서남왕족발,김주연서남왕족발
김스타치킨,김스타치킨
한채쭈꾸미,한채쭈꾸미
배터지는갈비,배터지는갈비
명태정가,명태정가
덤덤덤쪽갈비,덤덤덤쪽갈비
1일족발,"1일족발,오과장대패"
사랑채애,한식사랑채애
안지랑곱창막창,대구안지랑곱창막창
돈카츠&화꾸어,돈카츠&화꾸어금정
가얏골감자탕,가얏골감자탕
카츠탄탄,카츠탄탄
채다올김밥,채다올김밥
토스트굽는사람들,토스트굽는사람들
돈카냉면&파스타,돈카냉면&파스타
꼬꼬방집으로삼겹,돈찢남앤꼬꼬방집으로삼겹
육소단,육소단
카페까마르도,카페까마르도
국민맥주,국민맥주
쭈노치킨가게,쭈노치킨가게제전첨
국민삼겹살,국민삼겹살
뽀끼캠프,뽀끼캠프수영구점
치킨연맹,치킨연맹
삼남면촌닭,삼남면촌닭
삼겹식당,삼겹식당
카페게이트,카페게이트
한식의민족,한식의민족
어부홍씨물회,어부홍씨물회
감성대패,감성대패
피자인,피자인2호점
광장갈비,광장갈비
명덕총각족발,명덕총각족발상인점
벅스리아,벅스리아음성점
상문이두마리숯불양념치킨,상문이두마리숯불양념치킨
도리명가,곱도리명가돌곱창
불촌두마리치킨,불촌두마리치킨
치킨삼파전,나도짱깨치킨삼파전
온누리쭈꾸미,온누리쭈꾸미
온누리장작구이,온누리장작구이
종로직화쭈꾸미,종로직화쭈꾸미볶음
카페보니또,카페보니또
황소알곱창,황소알곱창
미진축산,미진축산
더만족,더만족
단골손님,단골손님
다가미,다가미
자연임실치즈피자,자연임실치즈피자
새벽네시반,새벽네시반
와인주막차차,와인주막차차역삼점
조선에서왔소,조선에서왔소
복어잡는사람들,복어잡는사람들
미친가리비,미친가리비
취중다마,취중다마
화통집,화통집
삼원돈,삼원돈
썬더치킨,썬더치킨
맛있게듬뿍,맛있게듬뿍고색점
세월촌,세월촌
그래도고기,그래도고기
마녀쌀국수,마녀쌀국수
토대력,토대력
츠츠허허,츠츠허허
동태랑,동태랑
서해물총칼국수,서해물총칼국수
코리앗치킨,코리앗치킨
킴쓰해물로스,킴쓰해물로스
샘물맥주,샘물맥주
투다리,투다리
코지하우스,코지하우스
갈비애드림,갈비애드림
김미자당진아구동태찜탕,김미자당진아구동태찜탕
올스타피자,올스타피자
설담재,본만두/설담재
웁스떡볶이,웁스떡볶이
텐동요츠야,텐동요츠야
수김밥,김희대할매즉석국수김밥
새우꺾기,새우꺾기
장발장,장발장
아마떼,아마떼
사나포차,사나포차
마파치킨,마파치킨
신머이,신머이
007떡볶이,007떡볶이
피자캡틴즈,피자캡틴즈
와사비,와사비꼬막정식전문점
동춘돌곱창,동춘돌곱창
김양비어,김양비어
티바두마리치킨,티바두마리치킨
일품투가리감자탕,일품투가리감자탕
은화수식당,은화수식당
참한맛족발,참한맛족발
블랭,블랭
부바스,부바스
범벅치킨,범벅치킨
비엔나커피하우스,비엔나커피하우스
터진만두,복터진만두뱅크
혼삼,혼삼
남다른대구막창,남다른대구막창
후니피자,후니피자
본가어탕,본가어탕
조바우가마솥추어탕,조바우가마솥추어탕
오이시라멘,오이시라멘
마녀주방,마녀주방
인사동고깃집,인사동고깃집혁신점
쿡친,쿡친
치순이통닭,치순이통닭
콩시루,콩시루
신전떡볶이,신전떡볶이덕천점
쩐주단,쩐주단
킹스타피자,킹스타피자
서래갈매기,서래갈매기
와플킹,와플킹
서래통,서래통
치킨이남달라,치킨이남달라
오부장치킨,오부장치킨
조춘식동태탕찜,조춘식동태탕찜
미치닥떡볶이,미치닥떡볶이
마이쿡,마이쿡
소문난대구왕뽈찜,김경자소문난대구왕뽈찜유성점
채선당키친,채선당키친
가월돈까스,가월돈까스
싱글벙글복어,싱글벙글복어
스구식탁,스구식탁
돈bro,돈bro
불맞고쭈꾸미&삼겹살,불맞고쭈꾸미&삼겹살
봉자막창,허봉자막창
오리궁뎅이,유황오리궁뎅이
어신코뎅이,어신코뎅이
파스타라이더스,파스타라이더스
피자네버슬립스,피자네버슬립스
마카나이,마카나이
샤브보트,샤브보트
2046팬스테이크,2046팬스테이크롯데백화점대구역점
족발야시장,족발야시장
후라토식당,후라토식당
미분당,미분당
글로리아진스커피,글로리아진스커피
송옥,송옥오리
불막열삼,불막열삼
보니또커피,보니또커피
은하별,은하별
파스타몽,파스타몽
한끼맛있다,한끼맛있다서면점
라밥,길라밥상
가리미김밥,가리미김밥석사세경점
치킨연구소,알통치킨연구소
종국이두마리치킨,종국이두마리치킨
더블핸드스테이크,더블핸드스테이크
두꺼비로멘스,두꺼비로멘스
오사카부루스,오사카부루스
백년가교동짬뽕,백년가교동짬뽕
죠스떡볶이,죠스떡볶이부산주례점
젠틀래빗,젠틀래빗
몰타,몰타
대만족,대만족
커핀그루나루,커핀그루나루
카페희다,카페희다
장산다방,장산다방명지국제
오덕후,오덕후
신의주부대찌개,신의주부대찌개
지환이네왕족발,지환이네왕족발
산주막,화산주막
해방곱창,해방곱창
대민족,대민족
마부육전,마부육전
백남옥달인손만두,백남옥달인손만두
불한당,불한당
육전면사무소,합정육전면사무소
풀잎채,풀잎채롯데아울렛부여점
콩밭에고등어,콩밭에고등어
진고복식당,진고복식당NC
모두국밥,모두국밥
전초전,전초전
잭아저씨족발&보쌈,잭아저씨족발&보쌈
일차돌,일차돌
토마틸로,토마틸로
월남국수,월남국수
토스트카페마리,토스트카페마리
명랑회관,명랑회관
청화당,청화당
청,청사포시골밥상
미소야,미소야
히코코,히코코
브럭시,브럭시
청원통닭,청원통닭
이을감자탕,이을감자탕
승승,승승수제갈비
크랩크랩,크랩크랩
정아니의불타는여고24시떡볶이,정아니의불타는여고24시떡볶이
장호덕손만두,장호덕손만두
황금바가지,황금바가지
장충당,장충당
신성아구찜,신가네신성아구찜
행복유부초밥,행복유부초밥
신차이,신차이나짬뽕&김밥
불당시장,불당시장
투썸플레이스,투썸플레이스
콩닥콩닭,콩닥콩닭
오즈앙,오즈앙피자
스시카츠,스시카츠대현점
마시기통차,마시기통차등뼈국수
강대포식당,강대포식당
꽃차돌,꽃차돌
부자돼지,부자돼지국밥
고기와국수이야기,고기와국수이야기
맥주공장,맥주공장
바보아재막창,바보아재막창
내가찜한코다리찜,내가찜한코다리찜
닭광정,닭광정
크래프트브루,프라하크래프트브루어리
황금곱창,황금곱창
섬진강다슬기마을,섬진강다슬기마을
매운상회,매운상회
돈불식당,돈불식당
짚신매운갈비찜,짚신매운갈비찜명지
윙스버거,윙스버거스
1943,1943
한량천하,한량천하
미스터낙지,미스터낙지
설동궁찜닭,설동궁찜닭
해양산,해양산
대박통,대박통
배가네동태탕찜전문점,배가네동태탕찜전문점상무점
종로맥가,종로맥가
55온족발,55온족발
황홀한막창,황홀한막창
왓삼,왓삼
홍단,대홍단랭면
달감치킨,달감치킨
바다쭈꾸미,바다쭈꾸미구이
우등생,생생우등생
성경만두요리전문점,성경만두요리전문점
설화참숯닭갈비,설화참숯닭갈비
빨간자전거,빨간자전거
브라더한정식도시락,브라더한정식도시락
채선당,채선당
도쿄이찌바,도쿄이찌바
쭈꾸미시스터즈,쭈꾸미시스터즈
명랑한찜닭,명랑한찜닭
든든한육떡,명랑한찜닭앤든든한육떡
스몰굿,스몰굿커피
직화삼겹통,직화삼겹통
두근돼지김치찜,두근돼지김치찜
우리둥지,우리둥지
불끈낙지,불끈낙지
더브라운,더브라운
팔공티,팔공티
애니데이,애니데이
주니아,주니아샌드위치
꾸이한끼,꾸이한끼
삼미대포,삼미대포
치킨시대,낭낭치킨시대점
홍대칼국수와족발,홍대칼국수와족발
랜돌프,랜돌프비어
피자캠프,피자캠프
구구족,구구족발
청년다방,청년다방
시래정각,시래정각
순수치킨,순수치킨
신라명과,신라명과
바른생갈비,조광조바른생갈비곤지암점
몬스터곱창,몬스터곱창
하루키야,하루키야
아기숟가락,아기숟가락
두레마을우동집,두레마을우동집
긴꼬리초밥,긴꼬리초밥
고미고미,고미고미생선구이
오별난멸치국수,오별난멸치국수
스시한판,스시한판
스시오블랙컨테이너,스시오블랙컨테이너
사보텐,사보텐신세계부산점
몽슈슈,몽슈슈
꽃담은소,꽃담은소
카페리빈,카페리빈
맨도롱국수,맨도롱국수
둘둘치킨,둘둘치킨
리김밥,두리김밥
항방양육관,항방양육관
소담촌,소담촌부산수영점
신도세기,신도세기
사이공본가,사이공본가
데이원,데이원
스므으커피,스므으커피
연어집,연무동연어집
육회한언니,육회한언니
세겹뚱이,세겹뚱이
마라선생,마라선생
모듬촌닭,모듬촌닭
전원숯불,전원숯불
진미면막국수,진미면막국수
조대포,조대포가든
순탄고기,순탄고기
원흥닭발통닭,원흥닭발통닭
삼겹촌놈,삼겹촌놈고기집
심할머니안흥찐빵만두,심할머니안흥찐빵만두
속초네어장,속초네어장황성점
카페앤스터프,카페앤스터프
개성집,개성집금왕점
오야스미,오야스미
휘드카페,휘드카페
도니버거,도니버거대구내당점&몬나니떡볶이
육회왕자연어공주,육회왕자연어공주
서울마라,서울마라
브라이트스타,브라이트스타대구
세련대게,세련대게
김윤미전복삼계탕,김윤미전복삼계탕
청기와뼈다귀해장국,청기와뼈다귀해장국향남점
명태골,조선명태골
신화신가네매운떡볶이,신화신가네매운떡볶이
그시절옛날통닭,그시절옛날통닭
카페루앤비,카페루앤비
토마토도시락,토마토도시락
낙원스낵,낙원스낵
로봇김밥,로봇김밥아트몰링하단점
해우리,간월도해우리횟집
오늘통닭,오늘통닭
커피면회소,커피면회소
싸가지고가게,싸가지고가게신대부적점
용범이네인계동껍데기,용범이네인계동껍데기
도깨비족발,도깨비족발
착한쭝식,충주댐만남의광장착한쭝식
대식가2900,대식가2900안락직영점
족발팩토리,족발팩토리
유동커피,유동커피&찰리베이커리
수니열닭발,수니열닭발
고미꽃시래,고미꽃시래
신미경정통춘천닭갈비,신미경정통춘천닭갈비-방배
두거리우신탕,두거리우신탕
홍주방,홍주방
최동민양푼갈비,최동민양푼갈비
툴스돈카츠,툴스돈카츠
바로그집,바로그집
쉐프아이가,쉐프아이가
경원해물찜아구찜,경원해물찜아구찜
진성아구찜,신진성아구찜해물찜
마슬랜,마슬랜&CK파닭
지붕위에,지붕위에파닭
맛존매콤닭불고기,맛존매콤닭불고기
전라도이야기,전라도이야기
진1926,진1926
강남교자,강남교자
스테프핫도그,스테프핫도그
짬뽕상회,짬뽕상회
정든닭발,정든닭발
1인자감자탕,수석1인자감자탕
방일해장국,방일해장국옥룡점
우거지품은순대국,우거지품은순대국
도스타코스,도스타코스
정통집,정통집
시타마치라멘,시타마치라멘
둥지닭볶음탕,둥지닭볶음탕
청춘닭꼬치,청춘닭꼬치&닭강정
마약떡볶이,신마약떡볶이
제네랄드링크샵,제네랄드링크샵
프랭크서울,프랭크서울
스시네코,스시네코
안성깍뚜기,안성깍뚜기
평화다방,평화다방
오정은A김밥,오정은A김밥
제이제이로스터스,제이제이로스터스경기도체육회관
맥주를구한피자,맥주를구한피자
용천통닭,용천통닭
미친고기,미친고기
죽금당,죽금당
양철식당,양철식당
5.5닭갈비,5.5닭갈비전문점
백년손님서서갈비,백년손님서서갈비성연점
오와스시,오와스시
부들부들떡볶이,부들부들떡볶이동백점
파파낙지,파파낙지
매란방,매란방광교점
반포식스,반포식스
그릴타이,그릴타이광주유스퀘어
키친랩,민스키친랩갤러리아광교
육감만족,육감만족
남오토코,남오토코
족발3시30분,족발3시30분
파시야,파시야
앤하우스,앤하우스
청담정스시,청담정스시
청담이상,청담이상서면점
밥엔청국장,밥엔청국장
찌개애감동,찌개애감동
좋구먼반상,좋구먼반상
월선네,월선네
보용만두,보용만두
부엉이돈가스,부엉이돈가스
스노우폭스,스노우폭스하남스타필드점
에그폭탄덮밥,키친엣홈/에그폭탄덮밥
엔칙스치킨,엔칙스치킨
배터지는생동까스,배터지는생동까스
인생건어물,인생건어물
육봉달,육봉달대구평리점
바로그집,바로그집
대한닭발1979,대한닭발1979
콜드스톤,콜드스톤크리머리
때깔,숙성생고기전문점때깔
제주와홍돼지,제주와홍돼지센텀점
바로e생멸치국수,바로e생멸치국수
온니닭,온니닭
오장동흥남집,오장동흥남집
묵소,묵소
영산강오리탕,영산강오리탕무안읍점
수생목,수생목
본가옛날통닭,본가옛날통닭
명동닭튀김,후라이드3대치킨명동닭튀김
딸부자꼬마김밥,딸부자꼬마김밥
소보양본가,소보양본가
최고갈비,최고갈비
토리스타특별한커피,토리스타특별한커피변동
모두의곱창,모두의곱창
맛있는영자씨네,맛있는영자씨네
피굽남피자,피굽남피자
굴천지&초계국수,굴천지&초계국수영운점
우와,새우와불닭
황금명태본가,황금명태본가
카페드림,카페드림동의과학대학교점
밥장인돼지찌개,밥장인돼지찌개
닭집에떡볶이,닭집에떡볶이
그램그램,그램그램영도점
피자헛,피자헛부산개금점
백억하누,백억하누
피치랑,피치랑
한입김밥,한입김밥맛있지요
골치기,골치기
오커치킨,오커치킨
해뜰닭,해뜰닭
야들리애,야들리애
강찜찌,"강찜찌찜,찌개전문점"
금강산감자탕,금강산감자탕
79네수육국밥,79네수육국밥앤철판
샤브쌈주머니,샤브쌈주머니관저점
몽키스비어,몽키스비어동천점
육분삼십,방이편백육분삼십
닭일배송,밥장인&닭일배송&럽밥
만추,만추정육식당
명장반점,명장반점
큰돈쪽쪽갈비,큰돈쪽쪽갈비
릴라돈가스,고릴라돈가스
불위에서노는닭,불위에서노는닭
범표어묵,범표어묵
대패갑1900,대패갑1900
심야라멘트럭,심야라멘트럭
진배족발,진배족발
커피가예쁘다,커피가예쁘다
빈스빈스,빈스빈스커피
홍리마라탕,홍리마라탕
홍익스테이크,홍익스테이크
수왕초장집,수왕초장집
윤옥연할매떡볶이,윤옥연할매떡볶이
낭만장작,낭만장작
세광양대창,세광양대창
통큰숯불갈비,통큰숯불갈비살
통큰삼겹,통큰삼겹불타는막창
오목집,경주족발오목집
세광교대이층집,세광교대이층집
7번가피자,7번가피자
오리지널시카고,오리지널시카고
와이블랙,와이블랙
하우돈곱창,하우돈곱창
조리고,조리고
따봉시래기,따봉시래기
빅쭌부대찌개,빅쭌부대찌개
노상치킨,노상치킨세종나성점
보노프,보노프
미소육화,미소육화평촌점
더맛있는족발보쌈,더맛있는족발보쌈
블랙캡피자,블랙캡피자
노포식당,노포식당
아티스티,제주스&아티스티
광안국밥,광안국밥
소제이,소제이
더다함감자탕,더다함감자탕병동
해운대31cm해물칼국수,해운대31cm해물칼국수
이바네돈까스,이바네돈까스
일품낙성불백,일품낙성불백
희미한옛사랑의그림자,희미한옛사랑의그림자
고레카레,고레카레/우면당
깜꼬치킨,깜꼬치킨
육수당,육수당
신사부대찌개&품격삼겹살,신사부대찌개&품격삼겹살
울타리없는만두집,울타리없는만두집
마중물추어탕,마중물추어탕
고집센그집갈비탕,고집센그집갈비탕
돼갈박,돼갈박
유생촌,유생촌
대패장사,대패장사
통불,통불
안성파닭,안성파닭
김가네김밥,대학로김가네김밥
치킨방앗간,치킨방앗간
석관동떡볶이,석관동떡볶이
삼선미나주곰탕,삼선미나주곰탕
쌈촌,쌈촌
이태리식당,이태리식당
국대떡볶이,국대떡볶이명륜아이파크
닭강정공방,닭강정공방
돼지새마을본부,돼지새마을본부
얌얌브레드,얌얌브레드
달인박경규항아리보쌈,달인박경규항아리보쌈
황철수피자,황철수피자
물고기,물고기
꾸버스피자,꾸버스피자
하우스홀드,하우스홀드
오쭈,쭈오쭈오연탄구이
빨간맛집,빨간맛집
팔꾸이팔당닭발,팔꾸이팔당닭발
데니스,카페데니스
족과의동침,가장맛있는족발족과의동침
홍대찜닭,홍대찜닭비어
우림칼국수,우림칼국수
연경호킹아구해물찜,연경호킹아구해물찜
곱창이최고예요,곱창이최고예요
공차,공차동아대구덕점
비어드파파,비어드파파
장인족발608,장인족발608
큰바다해물아구찜,큰바다해물아구찜
치킨특별시,치킨특별시
떡미당,떡미당
아라가야,"아라가야냉면,석쇠불고기"
더썬치킨,더썬치킨남
돼지코생곱창갈비,돼지코생곱창갈비구이
금커피별빙수,금커피별빙수
고기굽는카페조선,고기굽는카페조선
밥스토랑,밥스토랑
탁사정흑마늘닭강정,탁사정흑마늘닭강정
크레이프라이언,크레이프라이언
커피브라더,커피브라더
카츠백,카츠백
청년컵밥,청년컵밥
무한리필통큰소,무한리필통큰소
행복굽는돼지집딸,행복굽는돼지집딸
팬도로시,팬도로시상명대디자인관점
바비든든,바비든든
에그마카슈,에그마카슈
한끼덮밥,한끼덮밥
한끼삼계탕,한끼삼계탕
연희옥,연희옥
육각수냉면,육각수냉면
키로치킨,키로치킨
쪽쪽갈비,신부산쪽쪽갈비
비단로,비단로
조아저씨김밥,조아저씨김밥
평규술집,평규술집
단골손님,단골손님
아프로,아프로PC카페
부산어묵,웰빙부산어묵
짝태시대,짝태시대
육풍,육풍
난타5000피자,난타5000피자
팔당냉면,팔당냉면삼척
쑝쑝돈까스,쑝쑝돈까스
빈스킹토스트,빈스킹토스트&남태평양횟집
오말리,오말리
카페인버스,카페인버스
커피마마퀸,커피마마퀸
철뚝집,철뚝집
팔자막창,팔자막창
프로키친,프로키친
처갓집플러스케이준치킨,처갓집플러스케이준치킨
처갓집양념치킨,처갓집양념치킨
오래오래장충동왕족발보쌈,오래오래장충동왕족발보쌈
뚱뚱이할머니족발보쌈,장충동뚱뚱이할머니족발보쌈
한산주사골순댓국,한산주사골순댓국판교제2
산들바람,산들바람
빛고을닭강정,빛고을닭강정
쟁반집8292,쟁반집8292
달&달치킨,달&달치킨
홍콩할매불닭발,홍콩할매불닭발
아이벗치킨,아이벗치킨
현가네33족발,현가네33족발
국밥여행,국밥여행
88콩나물국밥,88콩나물국밥장승배기점
웰미가,웰미가
삼겹구이,삼겹구이
참한국밥,참한국밥
족제소,족제소
거송갈비찜,거송갈비찜
크레이지후라이,크레이지후라이
맛나슈퍼,아맛나슈퍼
대마족발,대마족발
화레무,화레무
동방축산,동방축산
냅다청양집,냅다청양집
그리너,그리너리
부엌19.83,부엌19.83
작렬곱창,작렬곱창
스타곱스,스타곱스
두끼,두끼동래롯데백화점
본만두,본만두
족발쌀롱,족발쌀롱
꼬꼬순이,꼬꼬순이
착한낙지,착한낙지
매취랑,매취랑
시골통돼지볶음,시골통돼지볶음삼겹살
삼돈이,삼돈이
코소코소,코소코소
닭갈비제작소,닭갈비제작소
몽짬뽕,몽짬뽕
장터순대국감자탕,장터순대국감자탕
25카츠,25카츠
농부치킨,농부치킨
참이맛감자탕,참이맛감자탕
맛깔참죽,맛깔참죽
맥시칸치킨,맥시칸치킨
불소식당,불소식당
소미미,카페소미미
식감이야기,식감이야기
고니지니,고니지니
본스튜,본스튜감자탕
천사곱창,천사곱창
탕화쿵푸마라탕,탕화쿵푸마라탕
등갈비달인,등갈비달인
유천냉면,유천냉면
육칠팔,삼육칠팔통장어
띵크커피,띵크커피
소곰집,소곰집
인정국물떡볶이,인정국물떡볶이
수유리혼밥왕,수유리혼밥왕
마장동김씨,마장동김씨
호식이두마리치킨,호식이두마리치킨최종하앤피자
79대포,79대포
코코이찌방야,코코이찌방야
임실N치즈피자,임실N치즈피자경성대
안동인안동찜닭,안동인안동찜닭
봉대박스파게티,봉대박스파게티
빛가람국밥,빛가람국밥계림점
봉대박찜닭,봉대박찜닭
봉대박파스타&찜닭,봉대박파스타&찜닭
마마치킨,마마치킨
서울전통육개장,서울전통육개장
촌돼지집,촌돼지집
반장떡볶이,반장떡볶이
한양장터국밥,한양장터국밥유원집
족도리,족도리
아라쭈꾸미,오아라쭈꾸미
해피슈르,해피슈르
오늘은카레,오늘은카레
닭발굽는청년,닭발굽는청년
커피시장,커피시장
월천삼계탕,월천삼계탕
어구미,어구미
샤브20,샤브20
키친콜라보,키친콜라보
등뼈가,등뼈가
쏭스클럽핫도그,쏭스클럽핫도그
브루웍스,브루웍스98
풍년제과,풍년제과점
푸라닭,푸라닭
조선짬뽕,조선짬뽕
양육점,양육점
하늘돼지,하늘돼지
햇살치킨,햇살치킨
계릴라도리탕,계릴라도리탕
눈꽃대패,눈꽃대패
땡기요,땡기요
해논미역,해논미역
전골의법칙,전골의법칙
데코르,데코르
수내닭꼬치,수내닭꼬치괴정점
엘아르카,엘아르카티그리스점
나드리김밥,나드리김밥
왕건이감자탕,왕건이감자탕
존스버거,존스버거강정보점
토스트앤후르츠,토스트앤후르츠
푸릴리,푸릴리
우박집,우박집
계경목장,계경목장
홍루이젠,홍루이젠
푸드모바일,푸드모바일
마치마치,마치마치
국민닭발,신국민닭발
돌삼닭,돌삼닭하남점
곽두리쪽갈비,곽두리쪽갈비
포36거리,포36거리
하노이별,하노이별
마이고기,마이고기앤하노이식당
비빔가,비빔가
티니호박,티니호박
모박사부대찌개,모박사부대찌개
새싹정원,새싹정원
젤라뚜또,젤라뚜또
아리노마마,아리노마마
아트몬스터,아트몬스터
옆집떡볶이,옆집떡볶이
빤닭빤닭,빤닭빤닭운정점
서울도넛츠,서울도넛츠
하삼동커피,하삼동커피
조방낙지,조방낙지
나무꾼이야기,나무꾼이야기
빨라쪼델프레도,빨라쪼델프레도
마시온,마시온
뚱보집부산양대창,뚱보집부산양대창
롤링핀,롤링핀장산점
고기박사,고기박사냉면초계막국수
배씨상회,배씨상회족발
해남김치식당,해남김치식당구로지벨리몰점
조이박꽃도새기,조이박꽃도새기
짬뽕9단,짬뽕9단
전설의짬뽕,전설의짬뽕
마리왕,마리왕
차타임라운지,차타임라운지
치킨신드롬,치킨신드롬다대포몰운대점다대포몰운대점
씨앤오푸드,씨앤오푸드
이여곰탕,이여곰탕
큰맘할매순대국,큰맘할매순대국
카가와식당,카가와식당
남도분식,남도분식
치킨파머스,치킨파머스
해선정해물찜,해선정해물찜
보승회관,보승회관
미쓰족발,미쓰족발
에덴치킨,에덴치킨분식
그래도달,그래도달
꿀육회,꿀육회
진수곱창,진수곱창
아낙촌,아낙촌
허바허바,허바허바
쭈꾸미블루스,쭈꾸미블루스
삼덕통닭,삼덕통닭
달인의찜닭,달인의찜닭시지점
카라돈,카라돈가스
수라섬,수라섬
아이엠쿡,아이엠쿡
온채당,온채당
달테이블,달테이블
주커피,주커피
미즈컨테이너,미즈컨테이너스몰플레이트서면점
토끼정,토끼정
율이육땅,율이육땅
피자베이,피자베이
갈비냉면,산성숯불갈비냉면
떡장군,떡장군
줄리브,줄리브
곽일품닭,곽일품닭
돈까스본능,옛날통닭X돈까스본능X탕수육본능
삼겹본능,쫄면주는삼겹본능
탕수육본능,옛날통닭X돈까스본능X탕수육본능
헤일리스커피,헤일리스커피
사쿠사쿠,사쿠사쿠
동오부대찌개,의정부동오부대찌개
튀지1985,튀지1985충북
병만네닭갈비,춘천병만네닭갈비
혼다라멘,혼다라멘
빨간모자피자,빨간모자피자
옥탑방오봉자싸롱,옥탑방오봉자싸롱
짬뽕타운,짬뽕타운
동서네낙지,동서네낙지
꼬기냉면,어쭈구리꼬기냉면&돼지갈비
곱깨비,곱깨비부산지사
달링스테이크,달링스테이크
계탄집,계탄집
밤새먹소,밤새먹소
남문떡볶이,남문떡볶이
라패,라패
카츠윤,카츠윤
교반,생고기대학교반송
왕비돈까스,왕비돈까스
노랑분식,노랑분식
쭈블링,쭈블링
산청자매훠궈,산청자매훠궈
밀플랜비,밀플랜비
철순이네김치찌개,철순이네김치찌개
에쎄레젤라또,에쎄레젤라또
치킨더홈,치킨더홈
무적의돈까스,무적의돈까스
송사부수제쌀고로케,송사부수제쌀고로케
자갈치식당,자갈치식당
커피사피엔스,커피사피엔스
오마이양대창,오마이양대창
킹스아구찜,킹스아구찜
커피매거진,커피매거진
흥부찜닭,흥부찜닭
벨라빈스커피,벨라빈스커피
스시덴고쿠,스시덴고쿠
구이쟁이꾼,구이쟁이꾼
치킨매니아,치킨매니아부산화명점
삼백돈돈가츠,삼백돈돈가츠
곱테랑,곱테랑
빌리엔젤,빌리엔젤
마루돈스텍,마루돈스텍
마라내음,마라내음
구이가,구이가
도쿄술집,도쿄술집
호박치킨,호박치킨
라이스쉐프,방배김밥이만든라이스쉐프
빈체로,빈체로
슈슈레인,슈슈레인
이츠이츠,이츠이츠
힘난다버거,롯데월드잠실고메브릿지힘난다버거
여장군,여장군
여우愛,여우愛김밥
바빈스,바빈스
진짜배기명태촌,진짜배기명태촌
배달돼지,배달돼지
행복치킨,행복치킨
종로김밥,종로김밥용암점
착한파스타,착한파스타
서요,서요
정가왕만두,정가왕만두
멘야마쯔리,멘야마쯔리
두둠치밥,두둠치밥
호반식,백운호반식당
놀부숯불애장닭,놀부숯불애장닭
시로이돈까스,시로이돈까스부산명지점
마리웨일237,마리웨일237동아대점
루시카토캔디,루시카토캔디
스시투어,스시투어
대패가1900,대패가1900
피자스쿨,피자스쿨명륜점
이화수전통육개장,이화수전통육개장사상구청점
와이주스,와이주스
아띠몽,솔아띠몽
무보까국밥,무보까국밥
퀴즈노스서브,퀴즈노스서브
미미당,미미당906
커피명가,커피명가
친정,친정밥상
삼청동샤브,삼청동샤브홍성시티아일랜드점
진골김치찜,진골김치찜
소굴,산적소굴
유흥떡볶이,유흥떡볶이
놀부화덕족발,놀부화덕족발withbeer
마싰는끼니,마싰는끼니 부산국제신도시점
장금수부대찌개,장금수부대찌개
최고당돈가스,최고당돈가스
만파식적,만파식적
아비아채,아비아채
고봉밥짜글이,고봉밥짜글이
달빛맥주,달빛맥주
꼬챙이,불오뎅과불꼬챙이
육회한연어,육회한연어
참치라이더,참치라이더
마이카츠,마이카츠
파육장,파육장
아임일리터,아임일리터
알촌,알촌
카페라떼르,카페라떼르
제주스,제주스해운대백병원점
돼지33,돼지33
홍성래특허김밥,홍성래특허김밥
킹부대찌개테이크아웃,킹부대찌개테이크아웃
망원동티라미수,망원동티라미수전포카페거리점
연어로만,연어로만
쿠소이,쿠소이
공수간,공수간
옥소반,옥소반
그린머그,그린머그
바푸리수제식빵,바푸리수제식빵
본건강한상,본건강한상
라라치킨,라라치킨&피자
접시고기,접시고기
유부남,유부남김밥
마이쥬스,마이쥬스
우된장,우된장
댓짱돈까스,댓짱돈까스
브라우니70,브라우니70
붐바타,붐바타천안불당점
쌈의정석,쌈의정석
치칵치칵,치칵치칵
놀부옛날통닭,놀부옛날통닭
놀부항아리갈비,놀부항아리갈비
프루체,프루체
종로계림닭도리탕원조,종로계림닭도리탕원조대구현대백화점직영점
술바다,술바다
오레노카츠,오레노카츠
덕뽀리,덕뽀리
마녀돈앤파스타,마녀돈앤파스타
어명이요,어명이요
쪼오꼬,쪼오꼬
필리스테이크,필리스테이크
구름공방,구름공방
우마루,우마루
육장갈비,육장갈비청주1호점
만석장,만석장
와바,와바
킹프레소,킹프레소
게매니아,게매니아
황장군,황장군돼지국밥그리고족발
정선애곤드레밥,정선애곤드레밥
닭대장,우리동네찜닭대장
헬로팬,헬로팬장유코아점
살아있네아구,살아있네아구
기왓골,기왓골
가마솥철마한우곰탕,가마솥철마한우곰탕
수유리찌개백반,수유리찌개백반
봉추찜닭,씨봉추찜닭
파머스빈,파머스빈
크앙분식,크앙분식
혼밥대장,짱혼밥대장
하루방뒷고기,하루방뒷고기
옛날농장,옛날농장
까사밍고,까사밍고
불맛공장,불맛공장
내조국국밥,내조국국밥
아구좋은날,아구좋은날
이두부야순두부,이두부야순두부찌개
뜸들이다,뜸들이다
태양부양꼬치,태양부양꼬치
개집비어,개집비어
돈가네김치찌개,돈가네김치찌개
소가담,소가담
낙원갈비집,낙원갈비집
고바슨,고바슨
간이역,간이역
칠프로칠백식당,칠프로칠백식당
샤브정,미채담샤브정스타필드시티
에바돈가츠,에바돈가츠
통달배,통달배
인생극장,인생극장
빠아앙,빠아앙
흑본당,흑본당버블티
갓요거트,갓요거트
카페원플러스원,카페원플러스원
123막창,123막창
맛닭꼬,맛닭꼬사상점
강산면옥,강산면옥
한스델리쿡,한스델리쿡
한스델리,한스델리
정든낙지,정든낙지
엉클부대찌개,엉클부대찌개
가마실감자탕,가마실감자탕.쌀쌀맞은닭
별애별떡,별애별떡
사천노마훠궈,사천노마훠궈
뭐양,뭐양옥포점
모던잡방,모던잡방
사랑탕,사랑탕
오스푼,오스푼레스토랑
릴렉스라운지,릴렉스라운지별내점
스푼더스트릿,스푼더스트릿
스푼더마켓,스푼더마켓S충북진천점
카페데베르,카페데베르선릉점
도너츠윤,도너츠윤
만면희색,만면희색역삼지에스점
놀부보쌈족발,놀부보쌈족발지산범물점
청키면가,청키면가
메이젠,메이젠
무한샤브샤브버섯나라,무한샤브샤브버섯나라
바로온쉐프,바로온쉐프직영점
지배온삼겹,지배온삼겹
화를품은닭,화를품은닭
통파이브,통파이브
땡큐맘치킨,땡큐맘치킨
바른치킨,바른치킨
킹스빈,킹스빈
해까득,해까득
커피스미스,커피스미스
커피스미스드래프트,커피스미스드래프트
연타발,연타발
쌈빠찹쌀강정,쌈빠찹쌀강정앤치밥
짬뽕빡쓰,짬뽕빡쓰
노걸대,노걸대
피자1번가,피자1번가
문토스트,문토스트
KFC,KFC
어나더키친,어나더키친
떼루와,떼루와천안불당점
조림철통닭갈비,조림철통닭갈비
플레어비,플레어비롯데프리미엄
피자뿌,피자뿌
이도춘양,이도춘양
육시리,육시리
마리짱,마리짱
탄탄면공방,탄탄면공방부산롯데서면점
황칠가,황칠가
골목,골목돼지
대건명가,대건명가
황소갈비,황소갈비
토핑스,토핑스
혜화동돈까스극장,혜화동돈까스극장
폭풍갈비,폭풍갈비
836숯불바베큐치킨,836숯불바베큐치킨
테이스트오브비엣,속초중앙시장해물짬뽕&정다래함박스텍&테이스트오브비엣
오징어청춘,오징어청춘
쭈소반,쭈소반
소소떡볶이,소소떡볶이
와플몬스터,와플몬스터
와플대학,와플대학
놀부김치찜,삼겹본능&놀부김치찜
청담동꿀꽈배기,청담동꿀꽈배기
스파게티스토리,스파게티스토리
정담은보쌈,정담은보쌈
맛들의축제,맛들의축제
씨앗호떡,오병씨앗호떡비빔탕수육떡볶이
복고다방,복고다방
꿀삐닭강정,꿀삐닭강정
추오정,추오정남원추어탕
오가다,오가다짬뽕
정성을다한갈비찜,정성을다한갈비찜
면장의밥상,면장의밥상
한와담,한와담
촌댁맥주,촌댁맥주
잇츠에그,잇츠에그
킹마니,킹마니치킨앤찜닭
유미카츠,유미카츠
오땅비어,오땅비어
우마이마루,우마이마루
불오뎅,불오뎅
오늘김해생뒷고기,오늘김해생뒷고기
와플칸,와플칸
영동족발,영동족발
오늘한점,오늘한점
지짐이,지짐이
즐거운심야식당,즐거운심야식당만성점
육회이야기,육회이야기
농부애갈비,농부애갈비
짬뽕10101,고구려짬뽕10101
까투리,까투리
호박식당,호박식당
양파이,양파이
엘마노,엘마노
미돈미가,미돈미가
핏제리아오,핏제리아오스타필드고양
치킨곱하기떡볶이,치킨곱하기떡볶이
본가장수촌,본가장수촌
홍마떡,홍마떡
낭만,낭만연어명지점
코리안바베큐,코리안바베큐
원조설악추어탕,r김가네원조설악추어탕
휴롬주스,휴롬주스다솜
청년고기장수,청년고기장수
흑화당,흑화당
야무진냄비,야무진냄비
그믐족발,그믐족발
가유카페,가유카페광교
동백연가,동백연가
찐도리도리닭도리,찐도리도리닭도리
낭만닭발,낭만닭발
다깡,다깡
세븐펍,세븐펍
용달통닭,용달통닭행신
얌샘,얌샘김밥
테이트모던,테이트모던
신떡순신천할매떡볶이,신떡순신천할매떡볶이
히노아지,히노아지
대운정,대운정
고철상,고철상
철판떼기,철판떼기
희귀한족발,희귀한족발
도니스바베큐,도니스바베큐
본정,본정냉면
삼백집,삼백집
쿡1015,쿡1015
버거스테이지,버거스테이지
모소리,남천모소리
돈치킨,돈치킨
강너머남촌숯불닭갈비,강너머남촌숯불닭갈비
강릉엄지네꼬막집,강릉엄지네꼬막집
모범떡볶이1976,모범떡볶이1976
153구포국수,153구포국수
구구향훠궈,구구향훠궈
부라보맥주,부라보맥주
면채반,면채반
원조의령소바,원조의령소바
에이쓰리바우트커피,에이쓰리바우트커피
선굼터,선굼터
피자리움,피자리움
방태막국수,방태막국수
제주면장,제주면장
북촌손만두,북촌손만두
텀브커피,텀브커피
아지양,아지양
노가리슈퍼,노가리슈퍼
111치킨,111치킨&떡볶이
모로미,모로미
한옥집김치찜,한옥집김치찜
인기명,인기명
카페아이엠티,카페아이엠티
명동할머니국수,명동할머니국수
커피베이,커피베이
어사또,어사또
카츠야미,카츠야미
꼬치의품격,꼬치의품격
부산양대창,부산양대창
카페천국,카페천국
갈비씨,갈비씨
백오도찹쌀누룽지탕,백오도찹쌀누룽지탕
마루샤브,마루샤브
배달5삼겹,배달5삼겹
육회공작소,육회공작소
화적단,화적단
통큰무한삼겹,통큰무한삼겹
모미락,모미락
완백부대찌개,완백부대찌개
김부삼,김부삼삼겹살
어참치,오빠연어참치
고메돈까스,고메돈까스
미소그릴,미소그릴
림스치킨,림스치킨
보드레족,보드레족
남가네설악추어탕,남가네설악추어탕
미소공장,미소공장
우리밀동우,신우리밀동우
몰틀리,몰틀리
리원,리원사직점
원가회관,원가회관
모모스테이크,모모스테이크남포점
곱돌이곱창,곱돌이곱창
고기듬뿍대왕비빔밥,고기듬뿍대왕비빔밥
부대통령뚝배기,부대통령뚝배기
최가네크레이지떡볶이,최가네크레이지떡볶이
투핑거스,투핑거스
오븐에빠진닭,오븐에빠진닭
피자에땅,피자에땅
한쌈대패,한쌈대패
오늘도뚠뚠,오늘도뚠뚠
마라당,마라당
아부찌부대찌개,아부찌부대찌개
산쪼메,산쪼메
흑백집,흑백집
킹콩부대찌개,킹콩부대찌개괴정점
홍익돈까스,홍익돈까스
공룡닭발,공룡닭발
땡스피자,땡스피자
국가대패,국가대패
배달삼겹직구삼,배달삼겹직구삼
플라잉볼,플라잉볼익스프레스센텀시티점
신통치킨,신통치킨
스탠딩스테이크,스탠딩스테이크배곧점
미스터보쌈5379,미스터보쌈5379
힐링초이스,힐링초이스
불란다쭈꾸미,불란다쭈꾸미명지점
목촌나주곰탕왕갈비탕,목촌나주곰탕왕갈비탕
족발중심,족발중심인계
밥앤스낵,밥앤스낵
꾼떡,꾼떡
삼통치킨,삼통치킨충주점
경아두마리치킨,경아두마리치킨
엉터리생고기,엉터리생고기
파티오42,파티오42
갈매기브루잉,갈매기브루잉
서소문족발,서소문족발
봉구통닭,봉구통닭
더몰트하우스,더몰트하우스
프레드피자,프레드피자
시장통,시장통
육회말투아웃,육회말투아웃
멜팅그릴,멜팅그릴
디델리,디델리
가소,명가소국밥
굴마을낙지촌,굴마을낙지촌
착한전복,착한전복전문점
두둑한샤브칼국수,두둑한샤브칼국수
샐러디,샐러디
미쳐버린파닭,미쳐버린파닭
종가삼대화로집,종가삼대화로집
편장군족발,편장군족발
간식창고,간식창고
아그라,아그라레스토랑
카페진리,카페진리
뿔도깨비탕수육,뿔도깨비탕수육
스시다이닝준,스시다이닝준
맵도리탕,맵도리탕
키햐아,키햐아미포점
달닭,달닭
에디슨치킨,에디슨치킨
떡무꼬빨닭,떡무꼬빨닭
바베큐통족구이,바베큐통족구이
호미곶간,호미곶간
바른곱창,바른곱창
상도늘보리,상도늘보리광명밤일마을점
숙성의미,숙성의미껍데기
치주고고,치주고고
행컵,행컵
빛나는바다,빛나는바다신연수점
다채,한정식다채
어머나생고기,어머나생고기
주왕산삼계탕,주왕산삼계탕
대가야삼계탕,대가야삼계탕
커피바이브,커피바이브
국산특허마늘곱창막창,국산특허마늘곱창막창
탄광맥주,탄광맥주
원웨이,원웨이
감성커피,감성커피
존슨켄터키,존슨켄터키
몽뜨레셰프,몽뜨레셰프
동리장,은태에프앤비동리장
못난이꽈배기,못난이꽈배기
꽈배기브라더스,꽈배기브라더스
다솥맛집,다솥맛집
화포식당,화포식당
몬나니떡볶이,몬나니떡볶이대전모다점
앗싸곱창,앗싸곱창
노랑강정,노랑강정
배달짜글OH짜글,배달짜글OH짜글
추닭집,추닭집
아리아치킨,아리아치킨
8800켄터키치킨,8800켄터키치킨
등갈비애꼬치다,등갈비애꼬치다
행복한도야지,행복한도야지
화양가옥,화양가옥
포트리스,포트리스
잔잔,잔잔한집
댓끼리짬뽕,댓끼리짬뽕
인기가요,인기가요안양엔터식스점
바른화로,바른화로관평직영점
주인의주방,주인의주방
베트남노상식당,베트남노상식당
계복치,계복치
본앤본,본앤본
두남자찜닭,두남자찜닭
재주당,재주당
바이킹스,바이킹스
문래돼지불백,문래돼지불백
타도삼겹,타도삼겹강릉
제주도그릴,제주도그릴
쥬스팩토리,쥬스팩토리오산점
넙딱집,넙딱집불당
커피홀베이커리,커피홀베이커리
남강메기,남강메기찜탕
카페글렌,카페글렌
가마깨비,가마깨비
아랑고기국수,아랑고기국수국밥
찜피,찜피
꽃찬찜닭,꽃찬찜닭
우주최강도시락,우주최강도시락미사
피맥컴퍼니,피맥컴퍼니
베스트빈,베스트빈
황제육회,황제육회
부야스곱창,부야스곱창
88시장버거,88시장버거
샵도쿄시장,샵도쿄시장
안흥갈비,안흥갈비
카페아슬란,카페아슬란
달려라달봉이떡볶이,달려라달봉이떡볶이민락점
나능이,나능이능이버섯백숙
신기한면,신기한면
오산조은참치,오산조은참치
딜리버리쉐프,딜리버리쉐프
피자연합,피자연합
카페코지,카페코지
피자헤븐,피자헤븐
양계장집아들,양계장집아들
가마통,서가마통닭
망향비빔국수,망향비빔국수
육쌈냉면,육쌈냉면
이공국시,이공국시
산촌신쭈꾸미,산촌신쭈꾸미
스시민,코렉스시민로평화대리점
소담치킨,소담치킨
족발꾼,족발꾼
혼밥대왕,혼밥대왕
생극해장국,원조생극해장국
돈까스고집,돈까스고집
보스턴피자,보스턴피자
포보스,포보스
설레족발,설레족발
상개분식,상개분식
서가원김밥,서가원김밥
오봉도시락,오봉도시락
명태어장,명태어장당리점
삼구포차,삼구포차
홍짜장,홍짜장부산동서대점
가락곰칼국수,가락곰칼국수
착한명태,착한명태
빵사부식빵공방,빵사부식빵공방
동산만두,동산만두
라니마라탕,라니마라탕
남도애꽃,남도애꽃
광명대창집,광명대창집
곱창폭식,곱창폭식
치킨투어237,치킨투어237
순수한돼지,순수한돼지
파핑스치킨,파핑스치킨교현
곰작골나주곰탕,삼대곰작골나주곰탕
빅원치킨,빅원치킨생극
햇잎갈비,햇잎갈비
컬러인커피,컬러인커피
로반스윗,로반스윗
돌통,돌통돌아온옛날통닭
방구족발,방구족발
헬로피쉬,헬로피쉬
인근주민,인근주민
두이모,통큰두이모
마라하오,마라하오
아랑경양회관,아랑경양회관
수원왕갈비통닭,수원왕갈비통닭
오복미역,오복미역남천점
정항우케익,정항우케익
대독장,대독장
귀품찬,귀품찬
김삿갓통닭,김삿갓통닭
동경에서먹었던규동,동경에서먹었던규동
커피코트,커피코트
정성찬,정성찬
명랑부대찌개,명랑부대찌개&돈까스
삼시세끼,삼시세끼
택이네,택이네조개전골
세겹살,우리돈세겹살
노란꼬무줄,노란꼬무줄
다코기,다코기석수
쉐프가만든떡볶이,쉐프가만든떡볶이
라크리마커피,라크리마커피
꼬꼬봉투통닭,꼬꼬봉투통닭
돈까스상회,돈까스상회
한앤둘치킨,한앤둘치킨홍천점
홍구등갈비,홍구등갈비
소소린,소소린
델리웨건등등,델리웨건등등
곱창고,곱창고경성대점
밀크밥버거,밀크밥버거
분식쌀롱,분식쌀롱
심야오뎅,심야오뎅
파주닭국수,파주닭국수
피자빅,피자빅
엠쿡,엠쿡
돈통마늘보쌈,돈통마늘보쌈화점
사쿠라테이엔,사쿠라테이엔
곱창광,곱창광
탐라포차,탐라포차
국밥쟁이,국수쟁이와국밥쟁이
차일드큐브,차일드큐브
그라찌에,그라찌에
이찌방이야기,이찌방이야기
똥꼬치킨,똥꼬치킨
더도이축산직영점,더도이축산직영점
고향통닭,고향통닭
자연갈비,자연갈비테크노밸리
로라방앗간,로라방앗간
봄초밥여름소바,봄초밥여름소바
정성신더큰도시락,정성신더큰도시락
말자네약속다방,말자네약속다방
청담동말자싸롱,청담동말자싸롱
김종용누룽지통닭,김종용누룽지통닭
부엉이빌라,부엉이빌라
월남선생,월남선생춘천
비턴,비턴동래메가마트점
꾼노리,꾼노리
청춘싸롱,청춘싸롱
크로와플,"마침내카페,크로와플"
호밀호두,호밀호두
진갈매기,진갈매기
탐진강면사무소,탐진강면사무소
황금코다리,황금코다리어울림
오춘자비어,오춘자비어와남포궁물떡볶이
숨비소리,숨비소리
매드후라이치킨,매드후라이치킨
만수통닭,만수통닭
정일면옥,정일면옥
바로만든족발,바로만든족발
오므토토마토,오므토토마토현대아울렛
아수라떡볶이,아수라떡볶이
서희생선구이밥상,서희생선구이밥상
우리소육회마왕,우리소육회마왕
최프로의요리킹,최프로의요리킹
조코만삼겹떡볶이,조코만삼겹떡볶이
바다향왕코다리,바다향왕코다리
치맥킹,치맥킹
마린커피,마린커피
강정이기가막혀,강정이기가막혀
헬로피자,헬로피자
다빈치커피,다빈치커피
카페다빈치,카페다빈치
집으로돼지,집으로돼지
미래식부,미래식부
브라더오뎅,브라더오뎅
우럼마왕만두,우럼마왕만두
붐비어,붐비어
추억닭발,추억닭발
순돌이네연탄집,순돌이네연탄집
오지다,오지다
돈돈정,돈돈정
더도이종가집돼지국밥,더도이종가집돼지국밥
스페로스페라,스페로스페라
돼지치마집,돼지치마집
왕뼈사랑,왕뼈사랑
쑤와리질러,빠가닭&쑤와리질러
루이팡,인생에프앤비루이팡
용무있습니까,용무있습니까
원당감자탕,원당감자탕
신사소곱창,신사소곱창
징기스칸치킨,징기스칸치킨
양마니순대곱창,양마니순대곱창
최배달바로보쌈,최배달바로보쌈
낙곱새미장원,낙곱새미장원
행복이있는그곳돈까스식당,행복이있는그곳돈까스식당
오마이치킨,오마이치킨
거성치킨,거성치킨
석봉토스트,석봉토스트남산
맘스민,맘스민
쿠마키친,쿠마키친
윙글,윙글치킨
태권치킨,태권치킨
돈탐라제주,돈탐라제주
와이쿠페,와이쿠페
청년곱창,청년곱창
곱스떡스,곱스떡스
끄티집,끄티집
토스피아,토스피아
피자브라더스,피자브라더스
본스치킨,본스치킨남천점
앗싸마늘닭,앗싸마늘닭
쌍다리돼지불백,쌍다리돼지불백
가마로강정,가마로강정
모찌모찌브레드,모찌모찌브레드
장군닭발,장군닭발
육회에빠지다,육회에빠지다
내만삼겹살,내만삼겹살
부드럽소,부드럽소
황금대구뽈,황금대구뽈
삼대족발,삼대족발
서민국밥,서민국밥
바나나테이블,바나나테이블
문창식갈비탕,문창식갈비탕
애플꼬마김밥,애플꼬마김밥
빙달,빙달
떡볶이몽테이너,떡볶이몽테이너
미사리밀빛초계국수,미사리밀빛초계국수
마시그래이,마시그래이
키햐아,키햐아미포점
순구치떡,순구치떡
신마녀떡볶이,신마녀떡볶이
국민마늘치킨,국민마늘치킨
집밥연구소,집밥연구소
미스터쭝,미스터쭝
후라이드바삭킹,후라이드바삭킹
모자온달,모자온달포장
치끌림치킨,치끌림치킨
냠냠족발앤보쌈,냠냠족발앤보쌈
단골집,단골집
미스터오징어,미스터오징어청주복대점
웰덤치킨,웰덤치킨
홈팝참치,홈팝참치
컨트리맨즈,컨트리맨즈
뿔난닭두마리,뿔난닭두마리
지구대표족발,지구대표족발
하누소갈비살,하누소갈비살
하누소,하누소뒷고기
새벽달,새벽달
치특,치특
불떡불떡,불고기떡볶이불떡불떡1등
아메리칸에그샌드,아메리칸에그샌드
터치카페,터치카페
김치찌개미화식당,김치찌개미화식당
서리서리멸치국수,서리서리멸치국수가경터미널직영점
돈까스잔치,돈까스잔치
무봉리토종순대국,무봉리토종순대국
팔미엔,팔미엔
행진푸드,행진푸드
와우족발,와우족발보쌈
미태리,미태리
밥스테이크,밥스테이크명지국제
이북만두락원,이북만두락원
9cafe,L9cafe
홍수계찜닭,홍수계찜닭엔터식스
코나야,코나야
부산아지매국밥,부산아지매국밥의정부점
콩사돈,콩사돈
마신떡볶이,마신떡볶이&신사동두목야식
우동텐,우동텐신도림TM
이태원천상,이태원천상
마성떡볶이,마성떡볶이
사이드쇼,사이드쇼
치킨도령,치킨도령
김영화부대찌개,김영화부대찌개
혼술식당,우아한혼술식당
연안식당,연안식당해운대
황금식당,황금식당
한라담,한라담배곧점
차돌6키로,차돌6키로
진미국수,진미국수
연안해물칼국수,연안해물칼국수
애플삼겹살,애플삼겹살
신마포갈매기,신마포갈매기
반달전집,반달전집
미추냉삼,미추냉삼
미술관,미술관
연막술,연막술
호호닭발,호호닭발당감점
135튀김집,135튀김집
올리브명품찹쌀꽈배기,올리브명품찹쌀꽈배기
치킨런,치킨런
진송추어탕,진송추어탕
온마리,온마리
바른생활샌드위치,바른생활샌드위치춘천
겐돈소바,"겐돈소바,우동"
달봉이치킨,달봉이치킨
싸움의고수,싸움의고수
대한맥주집,대한맥주집
경복궁개성손만두,경복궁개성손만두
공화춘,공화춘수타손짜장
도시수산시장,도시수산시장
레드문,레드문
고래식당,돌고래식당
고래감자탕,고래감자탕청주율량점
피자어셈블,피자어셈블
나나케이크,나나케이크
칠칠켄터키,칠칠켄터키
완산골명가,완산골명가
막돼먹은막창,막돼먹은막창
이만구교동짬뽕,이만구교동짬뽕
김해시락국밥,김해시락국밥
신존떡볶이,신존떡볶이
맥주활력수,맥주활력수
궤도에오르다,궤도에오르다
수코미치,수코미치대전유성
신정만국밥,신정만국밥
냉철한삼겹,냉철한삼겹
세가프레도,세가프레도
만타떡볶이,만타떡볶이
더비빔,더비빔
입큰아구알곤이찜,입큰아구알곤이찜
누베스커피,누베스커피
닭에꼬치닭,닭에꼬치닭
손문대구막창갈매기살,손문대구막창갈매기살
무쏘,무쏘
뿅가야채곱창,뿅가야채곱창
아구신랑콩나물색시,아구신랑콩나물색시
배불뚝집,배불뚝집
무한장소,무한장소
가마꿉,가마꿉치킨
고로케하우스,고로케하우스
뽕사부,뽕사부
다다미,다다미일식
성원정양대창,성원정양대창
황해수육,황해수육
CBTL,커피빈코리아CBTL서울
뉴욕핫도그앤커피,뉴욕핫도그앤커피
텐퍼센트스페셜티커피,텐퍼센트스페셜티커피
부산칠칠집,부산칠칠집
새우락,새우락
도도랑,도도랑족발보쌈하가점
오식야주육회관,오식야주육회관
청춘명랑치킨,청춘명랑치킨
이동근선산뒷고기,이동근선산뒷고기
배사장,배사장
레트로키친,레트로키친
맘스케익,맘스케익
돈까스파티,"몬떡,돈까스파티"
몬떡,"몬떡,돈까스파티"
생생돈까스,생생돈까스구서남산점
호이안로스터리,호이안로스터리
피맥당,피맥당
뚱보집,뚱보집부산양대창
소플러스,천안맛집소플러스
웰자청,웰자청
길동우동,길동우동
감성키친,감성키친
필바든치킨,필바든치킨소사벌점
깔보냐,깔보냐
닭권브이,닭권브이
인생아구찜,인생아구찜
정담은알탕,정담은알탕
착한돼지,착한돼지
엉클족,엉클족딜리버리
삼환축산,삼환축산
유명진의육미정담,유명진의육미정담
날마다대박나는집,날마다대박나는집
쉐프돼지,쉐프돼지
술낭구,술낭구복현점
달인촨차이,달인촨차이
제주미향해장국,제주미향해장국
동대문떡볶이동떡,동대문떡볶이동떡
깨순이김밥,깨순이김밥
바비후,바비후진천혁신
지정환피자,지정환피자
부뚜막치킨,부뚜막치킨
원빙고떡볶이,원빙고떡볶이
허갈닭강정,허갈닭강정
해두리치킨,해두리치킨
남도술상,남도술상
두돈까스,만두돈까스
포차스미스,포차스미스
포차끝판왕,포차끝판왕
몸애존짜장,몸애존짜장
무쇠쫄갈비,무쇠쫄갈비
하남돼지집,하남돼지집
코페아커피,코페아커피범어
싱싱난리부르스,싱싱난리부르스5000냥신천점
노랑고래찹쌀꽈배기,노랑고래찹쌀꽈배기
쭈꾸미도사,쭈꾸미도사
신복관,신복관
옹아리벌교꼬막,옹아리벌교꼬막과찜마을
육첩반상,육첩반상신세계백화점센텀점
통닭왕,중앙통닭왕족발
마포껍데기,마포껍데기
손군부대찌개,손군부대찌개전문점송도직영점
일품양평해장국,일품양평해장국
해장꾹이,해장꾹이
제주고깃집,제주고깃집
알로하포케,알로하포케
쿠크봉,쿠크봉
왓츠피데,왓츠피데
셰프의돈까스,셰프의돈까스
굽는치킨,굽는치킨
덮덮밥,덮덮밥
후암편백,후암편백
달빛에구운고등어,달빛에구운고등어
카카듀,카카듀
짝태시대,짝태시대
더프리,더프리티
우마이살몬,우마이살몬
돈페,돈페
피자써클,피자써클
제주까망돼지,제주까망돼지
바람의핫도그,바람의핫도그
바다사랑,바다사랑
부타앤카츠,부타앤카츠
꿀백,꿀백
홍스떡,홍스떡볶이
홍스포차,홍스포차
소공동뚝배기집,소공동뚝배기집
비츠비츠,비츠비츠
빛뜰,고운빛뜰리에
리얼안심탕수육,리얼안심탕수육&널찜했닭
유온달포장,유온달포장
아델라7,아델라7
갈비꽃,갈비꽃
박은자맛사랑,박은자맛사랑
동래별장,동래별장
토리고야,토리고야영일대점
빨간병아리,빨간병아리
다카라함바그,다카라함바그
한국순대,한국순대국해장국
굴세상,굴세상
변사또,변사또냉면집
금동이두마리치킨,금동이두마리치킨
트레비어,수제맥주트레비어
쌀똑핫도그,쌀똑핫도그
독도참치,독도참치
노마세야매운갈비찜,노마세야매운갈비찜
우림관화로구이,우림관화로구이
신만용신가네매운떡볶이,신만용신가네매운떡볶이
야식공장,야식공장
명가통닭,명가통닭
화사랑화로구이,화사랑화로구이
영칼로리,영칼로리
배달의떡볶이,배달의떡볶이
리얼파스타,리얼파스타
나베코이,신풍인삼명가&나베코이
북해도목장,북해도목장
홍미당,홍미당
본구이,숯불갈비전문점본구이
무한사케무사,무한사케무사
게매니아,게매니아
다케,다케
존슨부대찌개,존슨부대찌개
라공방,라공방
행인당,행인당
사위식당,사위식당
노가리까는언니,노가리까는언니
코코호도,코코호도
일편등심,일편등심산내점
바보형제쭈꾸미,바보형제쭈꾸미
철판위에빨간쭈꾸미,철판위에빨간쭈꾸미
한씨네대가추어탕,한씨네대가추어탕
생돈우리,생돈우리
닐리,닐리파스타&피자
찰스숯불김밥,찰스숯불김밥
막창드라마,JBC막창드라마
곤트란쉐리에,곤트란쉐리에
아프리카커피초콜릿,아프리카커피초콜릿전주효자점
팔색삼겹살,팔색삼겹살
콩불,콩불이야기
카페띠아모,카페띠아모
두꺼비식당,금두꺼비식당
덮다,덮다
와치킨,피자와치킨의러브레터
돈희극,돈희극
더갈비,미포더갈비
OK무진푸드,OK무진푸드
삼청동멸치국수,삼청동멸치국수배곧점
대독장,대독장
하늘보리피자,하늘보리피자
타르타르,타르타르
버무리떡볶이,버무리떡볶이
로타리치킨상회,로타리치킨상회
혁명닭발,혁명닭발
치피떡,치피떡
카사하라앤카츠,카사하라앤카츠
토프레소,토프레소
백성고기집,백성고기집
헤비스테이크,헤비스테이크
덮밥90도씨,덮밥90도씨
곱창혁명,곱창혁명
명동칼국수샤브샤브,명동칼국수샤브샤브
또뽀끼야,또뽀끼야
심봉사도로케,심봉사도로케
아리랑수제핫도그,아리랑수제핫도그
초을치킨,초을치킨
서해해물칼국수,서해해물칼국수에스에스
닭발먹은새우,닭발먹은새우
육회먹은연어,육회먹은연어
아임홈,아임홈
연암곱창,연암곱창
봉구스밥버거,봉구스밥버거
뚱쓰부대찌개,뚱쓰부대찌개
마호가니,마호가니스타필드
마리야,두마리야
짱구야학교가자,짱구야학교가자
도담치킨,도담치킨
다다믄,다다믄충무김밥
강학구참국밥,강학구참국밥
봉할매김치찌개불백,봉할매김치찌개불백전문점
삼곱식당,삼곱식당
라화쿵부,라화쿵부
루이스버거,루이스버거
고기싸롱,고기싸롱
고기굽는방앗간,고기굽는방앗간
도둑고기,도둑고기
화통삼,화통삼테크노밸리점
청진동해장국,최용석의뼈큰청진동해장국
김밥천국,김밥천국Cafe
존슨식당,존슨식당
우리집다음에맛있는집양평해장국,우리집다음에맛있는집양평해장국
달콤,달콤한속삭임
돈수백,돈수백
바보돼지두마리,바보돼지두마리당리하단점
구포국수,구포국수영농조합
얌스,더얌스
돔베초밥,돔베초밥탄방
양대장,양대장
일오닭갈비,일오닭갈비
새벽나주곰탕,새벽나주곰탕
한패,한패밀리푸드
전주남문조춘자토종피순대국,전주남문조춘자토종피순대국
보돌미역,보돌미역
이동진꼬끼오닭개장,이동진꼬끼오닭개장
도스마스,도스마스
두리맛감자탕,두리맛감자탕
김명자낙지마당,김명자낙지마당
하코야,하코야
호수꼬치,호수꼬치
삼첩분식,삼첩분식
존가네,존가네
조옥당,조옥당
와닭꼬치,와닭꼬치
문진옥숯불바베큐치킨,"이태리칼국수,문진옥숯불바베큐치킨"
삼겹시대1900,삼겹시대1900
다기야,다기야
신가네정읍국밥,신가네정읍국밥
여비내부잣집석쇠불고기,여비내부잣집석쇠불고기
헝그리브라더스,헝그리브라더스
로띠번,로띠번
꼬꼬아찌,꼬꼬아찌
한결통아구찜,한결통아구찜
떡볶킹,슈퍼떡볶킹
자연고구마순감자탕,자연고구마순감자탕
리얼하노이,리얼안심탕수육&리얼하노이
청년순대국,청년순대국
동네창고,동네창고
전광수커피,전광수커피하우스
가인채,명동칼국수.가인채샤브샤브
마당쇠껍데기와소금구이,마당쇠껍데기와소금구이마리포사점
족발맨,족발맨
양아치킨,양아치킨
쉐이크포테이토,쉐이크포테이토
아이커버거&치킨,아이커버거&치킨
둘마니치킨,둘마니치킨&튀족둔포점
깡우동,깡우동
길성이치킨,길성이치킨
길성이,길성이
퀸즈블랙,퀸즈블랙성연점
종로상회,종로상회
반반식당,반반식당
신동키닭,신동키닭
수피자,이유수피자샵
영커피,영커피
퍼스트플로어,퍼스트플로어
씨에프숯불바베큐치킨,씨에프숯불바베큐치킨
다찜,푸른바다찜탕
양연화로,양연화로
대구우야지막창,대구우야지막창
문어부인삼교비,문어부인삼교비
십원집,십원집
이태리상회,이태리상회
남천할매떡볶이,남천할매떡볶이
돈샐,돈샐
미스터빠삭,미스터빠삭
제일회관,제일회관
오하루,오하루수제돈까스
마담순살떡볶이,마담순살떡볶이
더꼬치다,더꼬치다
별주막,별주막
카페판다,카페판다
갈통삼,배달삼겹갈통삼
장만호양지국밥,장만호양지국밥
마당쇠돼지갈비,마당쇠돼지갈비
돈오락쪽갈비,돈오락쪽갈비해운대점
도도텐,도도텐
한뚝수육국밥,한뚝수육국밥
쭈꾸미집,송도동쭈꾸미집
디들리밥,디들리밥
신떡,한신떡집
나인어클락커피,나인어클락커피
심슨양곱창,심슨양곱창
야간얼큰우동,야간얼큰우동
열도분식,열도분식
보리네생고깃간,보리네생고깃간
김밥일번지,김밥일번지
도쿄빙수,도쿄빙수
하루비어,하루비어
청진동해장국,최용석의뼈큰청진동해장국
모찌이야기,모찌이야기
브로스비어,고기중심과브로스비어
떡볶당,떡볶당
진이찬방,진이찬방
양대감600,양대감600
한가네숯불닭갈비,한가네숯불닭갈비
쿠시마사,쿠시마사
커피더캠프,커피더캠프
중평떡볶이,중평떡볶이
환공어묵베이커리,환공어묵베이커리
천리향마라오리,천리향마라오리
모두뼈다귀감자탕,모두뼈다귀감자탕
경성양꼬치,경성양꼬치
누나홀닭,누나홀닭
이딸리아나,이딸리아나피자
고칸,고칸
가마카레,가마카레
똥꼬,똥꼬식당
金太郞,金太郞
치어스,치어스라이브
하와이새우트럭,하와이새우트럭
조선팔도,조선팔도피자
분짜라붐,분짜라붐롯데아울렛
대갈탕6949,대갈탕6949
명미트싸롱,명미트싸롱바베큐삼겹9900원무한리필
쎄오1080,쎄오1080분당정자점
엉뚱한상상,엉뚱한상상
징차이짜장,징차이짜장
한우궁,한우궁
통뼈감자탕,통뼈감자탕부산금곡점
에이그레이트카페,에이그레이트카페구리교문점
맥켄치킨,맥켄치킨
롤링킹꽈배기,롤링킹꽈배기원주
활짝핀메밀,활짝핀메밀난곡점
통큰낙지,통큰낙지
압구정곱떡,압구정곱떡
왕돈까스&왕냉면,왕돈까스&왕냉면
펠어커피,펠어커피
홍탕,홍탕
신불떡볶이,신불떡볶이
레트로지,레트로지
팔각도,팔각도
채영진의명품생고기무한리필,채영진의명품생고기무한리필
그집닭갈비,그집닭갈비
코이라멘,코이라멘신
동경야시장,동경야시장
전설의켄터키,전설의켄터키
장인닭갈비,장인닭갈비천안두정점
에그셀런트,에그셀런트
보슬보슬,보슬보슬
숯겹살집,숯겹살집
엉클인더키친,엉클인더키친
담락참치일잔,담락참치일잔
송주불냉면앤칼국수,송주불냉면앤칼국수용현점
카페일루이스,카페일루이스
전주옥,푸드엠파이어전주옥
뜰커피,예뜰커피숍
두리아,두리아
소래버섯나라,소래버섯나라
본래순대,본래순대
쭉심,쭉심
피니치니,피니치니
라오니피자,라오니피자장전
갈매기먹짱,갈매기먹짱
돈까스짱,돈까스짱
삼청동궁물떡볶이,[수원]삼청동궁물떡볶이
콜삼,콜삼
감동칩스,감동칩스
달빛한모금,달빛한모금
도이창커피,도이창커피농장
호치킨,철인7호치킨
팔팔,진팔팔감자탕
코다차야,코다차야
박사단팥빵,박사단팥빵석전
콩심,콩심
첫번째필족사랑,첫번째필족사랑
두마리치킨마당,두마리치킨마당피자
장도뚝배기,장도뚝배기
계경순대국,계경순대국
남노갈비,남노갈비
진지방,진지방
곱선생,곱선생
홍스쭈꾸미,용두동홍스쭈꾸미
팔래스도우넛,홍익회팔래스도우넛
25센치,25센치
마라홀릭,마라홀릭
정씨함박,정씨함박
다이닝센,다이닝센
유리카모메,유리카모메
달구지막창,달구지막창
계동치킨,계동치킨
월면가,월면가
금복주류,금복주류
와인싸롱뱅뱅,와인싸롱뱅뱅빈빈
강창구찹쌀진순대,강창구찹쌀진순대
메고지고,메고지고한성그린점
경성주막1929,경성주막1929
야끼화로,야끼화로
한모둠,서문해장국.한모둠
게고집,게고집
아찌라멘,아찌라멘
본초맘죽,본초맘죽
본초불닭발,본초불닭발
오징어와친구들,오징어와친구들
메콩타이,메콩타이
텐퍼센트스페셜티커피,텐퍼센트스페셜티커피
칠칠켄터키,칠칠켄터키
갓식빵,갓식빵
수철이네왕새우튀김,수철이네왕새우튀김
모노치즈,모노치즈
옳은식당,옳은식당
딜리버리쿡,딜리버리쿡
양철북,양철북
마포곱창,마포곱창
곱창백화점,곱창백화점
뭐꼬뭐꼬,뭐꼬뭐꼬
닭깡,닭깡
쓰리몽키즈,쓰리몽키즈
오매족,오매족서면본점
싸와디식당,싸와디식당
일등가,일등가
빨봉분식,빨봉분식미니다대포점
최대패,최대패
곽만근갈비탕이야기,곽만근갈비탕이야기미사점
곽만근갈비탕,곽만근갈비탕
치교치밥,치교치밥
큐큐면관,큐큐면관
정직유부,정직유부
교토돈부리,교토돈부리
예가수제순대,예가수제순대식당
아마스빈,아마스빈버블티
갈비1번가,갈비1번가
기막힌뒷고기,기막힌뒷고기
지코바양념치킨,지코바양념치킨
엉클박스,엉클박스
집밥e선생,집밥e선생
아지야가꿉으께,아지야가꿉으께
고수라,고수라
하나돈까스,하나돈까스
시오도메,시오도메
공씨네주먹밥,공씨네주먹밥
더츠커피,더츠커피팩토리
도리토리,도리토리
제주몬트락,제주몬트락한티점
제주산방식당,제주산방식당오투테라스점
치킨주막,치킨주막
마키아티,마키아티
88옛날통닭,1988옛날통닭
회락,회락
우리동네면반장,우리동네면반장
경성함바그,경성함바그
백채,백채김치찌
경성코페,경성코페
가마솥옛날시골통닭,가마솥옛날시골통닭
또아식빵,또아식빵
꼬레랑,꼬레랑
홍익궁중전통육개장,홍익궁중전통육개장
누리마을감자탕,누리마을감자탕
틈새라면,틈새라면
김둘레순대국,김둘레순대국
방스만두,방스만두전골
돈카춘,돈카춘
귀한족발,고귀한족발
동방불패,동방불패
브라보치킨피자,브라보치킨피자
구팔한우,구팔한우
밀포유,밀포유
돌빙커피,돌빙커피
모모야,모모야마
대부대왕유부초밥,대부대왕유부초밥
철인7호,철인7호
육갈탕,육갈탕
피자야,도미노피자야탑점
스푼필라프,스푼필라프부산대
시칠리아피떡,시칠리아피떡피나클
카츠오모이,카츠오모이
김진철동래통닭,김진철동래통닭
미트락,미트락
백년가마솥옛날통닭,백년가마솥옛날통닭
꽃남연어집,꽃남연어집
커피왕,커피왕
핵커피,핵커피
핵스테이크,핵스테이크
핵볶이키친,핵볶이키친
제주양가네해물한상,제주양가네해물한상고양삼송스타필드점
전복서커스,전복서커스
그늘집,동원로얄컨트리클럽-그늘집
롱타임노씨,롱타임노씨
단골손님,단골손님
김경옥닭발,김경옥닭발
돈카츠프라이,돈카츠프라이
바르다김선생,바르다김선생
브라더직화배달삼겹,브라더직화배달삼겹엄궁
제주둘레국수,제주둘레국수
기용,오뚜기용달화물
히메노라멘,히메노라멘
네모오징어,네모오징어
소풍경,소풍경
아주커,아주커
춘천중앙로숯불닭갈비,춘천중앙로숯불닭갈비
개미집,개미집
닭발싸롱,닭발싸롱
몬스터김밥,몬스터김밥
치킨공방,치킨공방
소소한쌈,소소한쌈
곤드레찜드레,곤드레찜드레
타이지엔,타이지엔
바른모밀,바른모밀
치킨욜로,치킨욜로
만년닭강정,만년닭강정
미방,미방집
오릿대,명가오릿대
주원명가,주원명가
마왕족발,마왕족발
더바스켓,더바스켓
사거리식당,사거리식당
명동찌개마을,명동찌개마을
용두동갈비,용두동갈비
3일국밥,3일국밥
이여사나무김밥,이여사나무김밥
수누리,수누리감자탕금왕점
꼬꼬씨참숯불닭갈비,꼬꼬씨참숯불닭갈비
학보상회,학보상회
치킨처럼,치킨처럼
서민족발,서민족발
비어사케,비어사케
농부네찹쌀이야기,농부네찹쌀이야기
짝태&노가리,짝태&노가리
대독장,대독장
아빠곰탕,아빠곰탕
맛찬들왕소금구이,이동관의맛찬들왕소금구이해운대직영점
신열떡볶이,신열떡볶이
반마리가격에한마리반한찜닭,반마리가격에한마리반한찜닭
DDC치킨,DDC치킨
홍미단,홍미단
떡군이네떡볶이,떡군이네떡볶이
슈퍼커피,슈퍼커피둔산타임월드
밥은화,밥은화
무한정차돌,무한정차돌
치킨커플,치킨커플
어묵나라,어묵나라
커피스토어,커피스토어
미뜨보루,미뜨보루
마마도마,마마도마
마마돈,마마돈
생생낙지,생생낙지제천점
조마루감자탕,조마루감자탕
마부곱창,마부곱창
천씨씨커피,천씨씨커피
양대포,양대포
호랑이식당,호랑이식당
하바나익스프레스,하바나익스프레스
정든밤,정든밤
메밀나라,메밀나라
스시메이진,스시메이진황금접시
야미가,야미가
육전국밥,육전국밥
맨날국수,맨날국수
일호감자탕,일호감자탕
언덕집,언덕집꼬리곰탕
베러먼데이,베러먼데이
착한피자,착한피자
뼈큰감자탕,뼈큰감자탕봉덕점
신라찜닭,진성닭갈비신라찜닭
행복한우동가게,행복한우동가게두번째이야기
플루800,플루800
이태리부대찌개,이태리부대찌개
밀겨울,투플레이컴퍼니유성4지점밀겨울
오니기리와이규동,오니기리와이규동
요거트맨,요거트맨
차뜨라므,차뜨라므
남자마늘보쌈,남자마늘보쌈수정점
삼겹파티,삼겹파티
신교령사골순대국,신교령사골순대국
모두의만족,모두의만족
징기스,징기스
아메리칸존슨,아메리칸존슨
고우,중마고우
심야스테이크,심야스테이크
약선당,약선당명품삼계탕
미스터스시,미스터스시
일품장수미역,일품장수미역
쭈꾸미본색,쭈꾸미본색
이불덮밥,이불덮밥
쭈꾸미킹,쭈꾸미킹강화
포호아,포호아
김사또산더미오리&탕,김사또산더미오리&탕
심청아배고파,심청아배고파사천점
그린하노이,그린하노이식당
짱큰대구대가리,짱큰대구대가리
몬스터커피,몬스터커피
라벨스하이디,라벨스하이디명지국제신도시점
국제통닭,국제통닭감천
순곱이네,순곱이네
고쿠텐,고쿠텐
육감족,육감족
찜꽁찜닭,곱떡치떡&찜꽁찜닭
키무카츠,키무카츠
루스트플레이스,루스트플레이스
쎌빠,쎌빠
아침닭,아침닭옛날통닭
또또닭강정,또또또닭강정
우성돈까스,우성돈까스
사람사는고깃집김일도,사람사는고깃집김일도
낭만피자,낭만피자
일산생갈비,일산생갈비
정정아식당,정정아식당
핫도그꽈배기스타,핫도그꽈배기스타
핫브레드,타임핫브레드
병천황토방순대,병천황토방순대
뚱삼이와대삼이,뚱삼이와대삼이
할매손충무김밥,할매손충무김밥
에바돈가츠,에바돈가츠
송미미네집,송미미네집
감성족발,감성족발
등초마라탕,등초마라탕
새벽회,새벽회
중화가정,중화가정
아그집쭈꾸미,아그집쭈꾸미&전골
국민부대찌개,국민부대찌개
또봉이통닭,또봉이통닭카페
개정,개정
두부품은육개장,두부품은육개장
하이꼬꼬,하이꼬꼬
맷돌로만,맷돌로만
오늘도꽈배기,오늘도꽈배기
치풍당당,치풍당당
팔팔닭국수,팔팔닭국수
불스떡볶이,불스떡볶이
주순희찌개마을시골촌,주순희찌개마을시골촌
통뼈감자탕,통뼈감자탕부산금곡점
통큰손쭈꾸미마을,통큰손쭈꾸미마을
남빙고생맥주,남빙고생맥주
해빔,해빔
사랑관,삼성웰스토리나사렛대사랑관식당
춘향골남원추어탕,춘향골남원추어탕밀면
조시치킨,찹쌀로만든조시치킨
콩샌,콩샌
보노보노웍,보노보노웍
개성집,개성집금왕점
순흥골,순흥골
회덮밥전문점인마루,회덮밥전문점인마루
한입만초밥,한입만초밥
미라노디저트,미라노디저트
헝그리박스,헝그리박스
하나샤브샤브,하나샤브샤브
그린애플,그린애플
안가,수안가마솥돼지국밥
도노텀블,도노텀블
국대오리,국대오리
해늘찹쌀순대,해늘찹쌀순대
브로피자,업텐브로피자
해리스카페,해리스카페
수페부엌,수페부엌
인더비엣,인더비엣
토향,토향식당
만권화밥,만권화밥
에그파파,에그파파치킨
코만도,코만도
청주본가,청주본가
거북이동네,거북이동네
지랄닭발,지랄닭발
목연식당,목연식당신
짬뽕타운,짬뽕타운
먹태,황금먹태
흑운당,흑운당
투마리나,투마리나
돼지청문회,돼지청문회
자박갈비,자박갈비
치몬치킨,치몬치킨
황가네꼼닭,황가네꼼닭참숯구이
보고싶다,보고싶다원두
피자빙고,피자빙고
바삭마차,바삭마차
김프로부대찌개,김프로부대찌개
아멜라떼,비엔슈가X아멜라떼
마라공방,마라공방
밥통령,밥통령
황금소,79황금소
꿈을요리하다닭한끼,꿈을요리하다닭한끼앞산점
화르화르,화르화르
뚱뚱이할머니족발보쌈,장충동뚱뚱이할머니족발보쌈
전주24시참편한39콩나물국밥,전주24시참편한39콩나물국밥
1987금빛통닭,1987금빛통닭
해안식당,서해안식당
흙에서,흙에서
낭만치킨,낭만치킨
고씨네,고씨네
알통떡강정,알통떡강정
번지농장돌판아구찜,번지농장돌판아구찜
가마고개,가마고개
국수평천하,국수평천하
춘하추동,춘하추동
수유다래함박스텍,수유다래함박스텍
네오피자,네오피자
시골애,시골애
막창품은뒷고기,막창품은뒷고기
삼교리동치미막국수,삼교리동치미막국수
플레이스38커피,플레이스38커피
곱선,곱선
송기원진주냉면,송기원진주냉면산
무꼬뭐꼬떡볶이,무꼬뭐꼬떡볶이
알리바바버거,알리바바버거
알리바바쏙쏙김밥,알리바바쏙쏙김밥
알리바바치킨,알리바바치킨
최프로배달삼겹,최프로배달삼겹
진국본가,진국본가&명륜등심해장국
박달재찜,박달재찜
광수네곱창&해장국,광수네곱창&해장국
삼시세때,삼시세때국밥
연어이야기,살몬연어이야기
예향정,예향정
이태리반점,이태리반점
로니로티,로니로티
경복궁삼계탕,경복궁삼계탕
소미돈까스,소미돈까스
땡초우동,진땡초우동
홍익마늘치킨,홍익마늘치킨
노리울,노리울
슈퍼떡볶킹,슈퍼떡볶킹
바비큐BOX,바비큐BOX
곱창파이터,곱창파이터
어벤더치커피,어벤더치커피부경대점
코다리밥상,코다리밥상
커피나뜨래,커피나뜨래
곱창제작소,곱창제작소오창점
왕가탕후루,왕가탕후루
굴담,굴담
포로이,포로이
미식가의우동,미식가의우동
애플김밥,애플김밥
샤브마니아,샤브마니아
구백도,구백도
아리아리닭강정,세원아리아리닭강정
신진성아구찜,신진성아구찜해물찜
고덕갈비,고덕갈비
더마스터커피,더마스터커피
조춘식동갑이네,조춘식동갑이네
해초과메기,해초과메기
어죽대부,어죽대부
신의계시,신의계시
마녀치킨,일칠오도씨와마녀치킨
드림숯불갈비,다드림숯불갈비
피자명인,피자명인
사리원,사리원냉면
심여사천북양념통닭,심여사천북양념통닭
가온밀면,가온밀면
농장사람들,농장사람들
꼴목,꼴목안집
화덕고깃간,화덕고깃간
곤지암할매소머리국밥,곤지암할매소머리국밥
생선지존,생선지존진땡이
전주팔미콩나물국밥,전주팔미콩나물국밥
미각양꼬치,미각양꼬치
서울편백찜,서울편백찜
하겐다즈,하겐다즈
어찬바다해물찜,어찬바다해물찜
빌라드스파이시,빌라드스파이시
못말리는파닭,못말리는파닭
미스터파파임실치즈피자,미스터파파임실치즈피자
팜팜대패,팜팜대패
대동,대동강밀면
커피볶는집,원두커피볶는집버니빈
정가대박집,정가대박집
원봉치킨,원봉치킨
쉬림진,쉬림진
호세야오리바베큐,호세야오리바베큐
숯양두마리치킨,숯양두마리치킨
쉐프삼촌,쉐프삼촌
겐코,겐코
이삭토스트,이삭토스트
통영청정어묵,경기광주휴게소통영청정어묵
브라더꽈배기,브라더꽈배기
청초수물회&섭국,청초수물회&섭국
포항황소곱창,포항황소곱창
철판목장,철판목장자이언츠파크점
버금새우,버금새우
능이와백숙,능이와백숙
우텐더,우텐더해운대
정성육회,정성육회
울통치킨,울통치킨
도담육개장,도담육개장
히야꾸,히야꾸
우향,우향
치고야,치고야
주민상회,주민상회
카페코나퀸즈,카페코나퀸즈
꿀딱,꿀딱
포갈집,포갈집
땡큐꼬마김밥,땡큐꼬마김밥
북성회관,북성회관가정루원
초대창,초대창
후레쉬팩토리,후레쉬팩토리
88선수촌,88선수촌
도토리편백집,도토리편백집
이공족발,이공족발
타이완슈가,타이완슈가
한교방,한교방서울냉면곰탕
루머팡,루머팡
천안옛날호두과자,천안옛날호두과자
들르미짬뽕,들르미짬뽕
송촌꼬마김밥,송촌꼬마김밥
꼬꼬번피자&치킨,꼬꼬번피자&치킨
양대박,온양대박횟집
김덕후의차돌조,김덕후의차돌조
싸다구족발&보쌈,싸다구족발&보쌈
도꼬돈카츠,도꼬돈카츠
배양리두루치기,배양리두루치기
홍콩다방,홍콩다방
한방전주콩나물국밥,한방전주콩나물국밥
돼지상륙작전,돼지상륙작전
야곱293,야곱293
DON돈까츠,DON돈까츠
냠냠숯불두마리치킨,냠냠숯불두마리치킨
강씨가문의족발,강씨가문의족발
엔틱정,엔틱정
등심연구소,등심연구소
분식대장,분식대장
조선양평해장국,조선양평해장국
반반한족발닭발,반반한족발닭발
어썸피자,어썸피자
미소연곰탕집,미소연곰탕집
후드,보이후드
속초명가,속초명가
한입,한입김밥맛있지요
마뇨떡볶이,마뇨떡볶이
야한식당,야한식당
청년이닭,청년이닭
양스부대찌개,양스부대찌개
엔타스시,경복궁청주점엔타스시스템
마포선장,마포선장
타코락,타코락
신이내린족발과보쌈,신이내린족발과보쌈
