id,do,si(gu),dong,population
1,서울특별시,종로구,청운효자동,12095
2,서울특별시,종로구,사직동,9543
3,서울특별시,종로구,삼청동,2530
4,서울특별시,종로구,부암동,9819
5,서울특별시,종로구,평창동,18308
6,서울특별시,종로구,무악동,8380
7,서울특별시,종로구,교남동,10230
8,서울특별시,종로구,가회동,4203
9,서울특별시,종로구,종로1.2.3.4가동,7227
10,서울특별시,종로구,종로5.6가동,5264
11,서울특별시,종로구,이화동,7399
12,서울특별시,종로구,혜화동,16711
13,서울특별시,종로구,창신1동,5054
14,서울특별시,종로구,창신2동,8198
15,서울특별시,종로구,창신3동,6752
16,서울특별시,종로구,숭인1동,6041
17,서울특별시,종로구,숭인2동,9542
18,서울특별시,중구,소공동,2143
19,서울특별시,중구,회현동,5114
20,서울특별시,중구,명동,2930
21,서울특별시,중구,필동,4015
22,서울특별시,중구,장충동,4566
23,서울특별시,중구,광희동,5343
24,서울특별시,중구,을지로동,1796
25,서울특별시,중구,신당동,7680
26,서울특별시,중구,다산동,14141
27,서울특별시,중구,약수동,16920
28,서울특별시,중구,청구동,13894
29,서울특별시,중구,신당5동,10501
30,서울특별시,중구,동화동,10586
31,서울특별시,중구,황학동,12613
32,서울특별시,중구,중림동,12310
33,서울특별시,용산구,후암동,17360
34,서울특별시,용산구,용산2가동,9879
35,서울특별시,용산구,남영동,7544
36,서울특별시,용산구,청파동,19700
37,서울특별시,용산구,원효로1동,16099
38,서울특별시,용산구,원효로2동,14140
39,서울특별시,용산구,효창동,10251
40,서울특별시,용산구,용문동,12207
41,서울특별시,용산구,한강로동,21596
42,서울특별시,용산구,이촌1동,27739
43,서울특별시,용산구,이촌2동,8547
44,서울특별시,용산구,이태원1동,6822
45,서울특별시,용산구,이태원2동,9193
46,서울특별시,용산구,한남동,20778
47,서울특별시,용산구,서빙고동,13105
48,서울특별시,용산구,보광동,14053
49,서울특별시,성동구,왕십리2동,16922
50,서울특별시,성동구,왕십리도선동,26798
51,서울특별시,성동구,마장동,22636
52,서울특별시,성동구,사근동,11956
53,서울특별시,성동구,행당1동,14089
54,서울특별시,성동구,행당2동,23836
55,서울특별시,성동구,응봉동,15671
56,서울특별시,성동구,금호1가동,15634
57,서울특별시,성동구,금호2.3가동,23187
58,서울특별시,성동구,금호4가동,14589
59,서울특별시,성동구,옥수동,26489
60,서울특별시,성동구,성수1가1동,16869
61,서울특별시,성동구,성수1가2동,13191
62,서울특별시,성동구,성수2가1동,16381
63,서울특별시,성동구,성수2가3동,11124
64,서울특별시,성동구,송정동,10633
65,서울특별시,성동구,용답동,11901
66,서울특별시,광진구,화양동,22746
67,서울특별시,광진구,군자동,19793
68,서울특별시,광진구,중곡1동,15561
69,서울특별시,광진구,중곡2동,21734
70,서울특별시,광진구,중곡3동,16451
71,서울특별시,광진구,중곡4동,28962
72,서울특별시,광진구,능동,11423
73,서울특별시,광진구,광장동,35180
74,서울특별시,광진구,자양1동,22591
75,서울특별시,광진구,자양2동,25308
76,서울특별시,광진구,자양3동,28530
77,서울특별시,광진구,자양4동,17529
78,서울특별시,광진구,구의1동,21862
79,서울특별시,광진구,구의2동,26666
80,서울특별시,광진구,구의3동,29056
81,서울특별시,동대문구,용신동,31006
82,서울특별시,동대문구,제기동,24690
83,서울특별시,동대문구,전농1동,29536
84,서울특별시,동대문구,전농2동,18954
85,서울특별시,동대문구,답십리1동,29052
86,서울특별시,동대문구,답십리2동,28842
87,서울특별시,동대문구,장안1동,38445
88,서울특별시,동대문구,장안2동,32698
89,서울특별시,동대문구,청량리동,19256
90,서울특별시,동대문구,회기동,10397
91,서울특별시,동대문구,휘경1동,13667
92,서울특별시,동대문구,휘경2동,24114
93,서울특별시,동대문구,이문1동,18015
94,서울특별시,동대문구,이문2동,20203
95,서울특별시,중랑구,면목2동,24704
96,서울특별시,중랑구,면목4동,19224
97,서울특별시,중랑구,면목5동,14601
98,서울특별시,중랑구,면목본동,34247
99,서울특별시,중랑구,면목7동,22143
100,서울특별시,중랑구,면목3.8동,25358
101,서울특별시,중랑구,상봉1동,24639
102,서울특별시,중랑구,상봉2동,20113
103,서울특별시,중랑구,중화1동,20058
104,서울특별시,중랑구,중화2동,25267
105,서울특별시,중랑구,묵1동,35072
106,서울특별시,중랑구,묵2동,19318
107,서울특별시,중랑구,망우본동,30229
108,서울특별시,중랑구,망우3동,16979
109,서울특별시,중랑구,신내1동,39098
110,서울특별시,중랑구,신내2동,20991
111,서울특별시,성북구,성북동,16711
112,서울특별시,성북구,삼선동,23153
113,서울특별시,성북구,동선동,15507
114,서울특별시,성북구,돈암1동,14983
115,서울특별시,성북구,돈암2동,24322
116,서울특별시,성북구,안암동,14944
117,서울특별시,성북구,보문동,15556
118,서울특별시,성북구,정릉1동,18413
119,서울특별시,성북구,정릉2동,23261
120,서울특별시,성북구,정릉3동,15186
121,서울특별시,성북구,정릉4동,25295
122,서울특별시,성북구,길음1동,35766
123,서울특별시,성북구,길음2동,16642
124,서울특별시,성북구,종암동,39187
125,서울특별시,성북구,월곡1동,26668
126,서울특별시,성북구,월곡2동,19720
127,서울특별시,성북구,장위1동,24100
128,서울특별시,성북구,장위2동,13716
129,서울특별시,성북구,장위3동,16398
130,서울특별시,성북구,석관동,35298
131,서울특별시,강북구,삼양동,24196
132,서울특별시,강북구,미아동,21974
133,서울특별시,강북구,송중동,29933
134,서울특별시,강북구,송천동,27040
135,서울특별시,강북구,삼각산동,31503
136,서울특별시,강북구,번1동,18706
137,서울특별시,강북구,번2동,16213
138,서울특별시,강북구,번3동,17209
139,서울특별시,강북구,수유1동,20963
140,서울특별시,강북구,수유2동,21441
141,서울특별시,강북구,수유3동,23276
142,서울특별시,강북구,우이동,20691
143,서울특별시,강북구,인수동,30933
144,서울특별시,도봉구,창1동,25013
145,서울특별시,도봉구,창2동,29385
146,서울특별시,도봉구,창3동,14153
147,서울특별시,도봉구,창4동,26960
148,서울특별시,도봉구,창5동,24944
149,서울특별시,도봉구,도봉1동,21333
150,서울특별시,도봉구,도봉2동,27401
151,서울특별시,도봉구,쌍문1동,21690
152,서울특별시,도봉구,쌍문2동,18921
153,서울특별시,도봉구,쌍문3동,16734
154,서울특별시,도봉구,쌍문4동,18928
155,서울특별시,도봉구,방학1동,28717
156,서울특별시,도봉구,방학2동,19946
157,서울특별시,도봉구,방학3동,27592
158,서울특별시,노원구,월계1동,21973
159,서울특별시,노원구,월계2동,27195
160,서울특별시,노원구,월계3동,30259
161,서울특별시,노원구,공릉1동,37312
162,서울특별시,노원구,공릉2동,39315
163,서울특별시,노원구,하계1동,27164
164,서울특별시,노원구,하계2동,22418
165,서울특별시,노원구,중계본동,24571
166,서울특별시,노원구,중계1동,27121
167,서울특별시,노원구,중계4동,20450
168,서울특별시,노원구,중계2.3동,34931
169,서울특별시,노원구,상계1동,38725
170,서울특별시,노원구,상계2동,20304
171,서울특별시,노원구,상계3.4동,26842
172,서울특별시,노원구,상계5동,24375
173,서울특별시,노원구,상계6.7동,33125
174,서울특별시,노원구,상계8동,22740
175,서울특별시,노원구,상계9동,20862
176,서울특별시,노원구,상계10동,18596
177,서울특별시,은평구,녹번동,37143
178,서울특별시,은평구,불광1동,39168
179,서울특별시,은평구,불광2동,28161
180,서울특별시,은평구,갈현1동,22791
181,서울특별시,은평구,갈현2동,28612
182,서울특별시,은평구,구산동,32323
183,서울특별시,은평구,대조동,27186
184,서울특별시,은평구,응암1동,30773
185,서울특별시,은평구,응암2동,27572
186,서울특별시,은평구,응암3동,24897
187,서울특별시,은평구,역촌동,46127
188,서울특별시,은평구,신사1동,27309
189,서울특별시,은평구,신사2동,20591
190,서울특별시,은평구,증산동,15144
191,서울특별시,은평구,수색동,11230
192,서울특별시,은평구,진관동,56474
193,서울특별시,서대문구,천연동,17366
194,서울특별시,서대문구,북아현동,16366
195,서울특별시,서대문구,충현동,20597
196,서울특별시,서대문구,신촌동,19229
197,서울특별시,서대문구,연희동,35723
198,서울특별시,서대문구,홍제1동,24004
199,서울특별시,서대문구,홍제3동,15576
200,서울특별시,서대문구,홍제2동,14003
201,서울특별시,서대문구,홍은1동,22867
202,서울특별시,서대문구,홍은2동,26772
203,서울특별시,서대문구,남가좌1동,15634
204,서울특별시,서대문구,남가좌2동,29704
205,서울특별시,서대문구,북가좌1동,18330
206,서울특별시,서대문구,북가좌2동,32311
207,서울특별시,마포구,아현동,25549
208,서울특별시,마포구,공덕동,37549
209,서울특별시,마포구,도화동,21443
210,서울특별시,마포구,용강동,21735
211,서울특별시,마포구,대흥동,14415
212,서울특별시,마포구,염리동,12535
213,서울특별시,마포구,신수동,22839
214,서울특별시,마포구,서강동,24868
215,서울특별시,마포구,서교동,25034
216,서울특별시,마포구,합정동,17735
217,서울특별시,마포구,망원1동,20601
218,서울특별시,마포구,망원2동,18794
219,서울특별시,마포구,연남동,15404
220,서울특별시,마포구,성산1동,19134
221,서울특별시,마포구,성산2동,39978
222,서울특별시,마포구,상암동,30905
223,서울특별시,양천구,목1동,31274
224,서울특별시,양천구,목2동,30212
225,서울특별시,양천구,목3동,22242
226,서울특별시,양천구,목4동,25768
227,서울특별시,양천구,목5동,41823
228,서울특별시,양천구,신월1동,20689
229,서울특별시,양천구,신월2동,20987
230,서울특별시,양천구,신월3동,15452
231,서울특별시,양천구,신월4동,18225
232,서울특별시,양천구,신월5동,14903
233,서울특별시,양천구,신월6동,13789
234,서울특별시,양천구,신월7동,20239
235,서울특별시,양천구,신정1동,20600
236,서울특별시,양천구,신정2동,19742
237,서울특별시,양천구,신정3동,49213
238,서울특별시,양천구,신정4동,33175
239,서울특별시,양천구,신정6동,24854
240,서울특별시,양천구,신정7동,29490
241,서울특별시,강서구,염창동,41954
242,서울특별시,강서구,등촌1동,24192
243,서울특별시,강서구,등촌2동,20668
244,서울특별시,강서구,등촌3동,31106
245,서울특별시,강서구,화곡1동,52083
246,서울특별시,강서구,화곡2동,18202
247,서울특별시,강서구,화곡3동,21494
248,서울특별시,강서구,화곡4동,20952
249,서울특별시,강서구,화곡본동,34467
250,서울특별시,강서구,화곡6동,24822
251,서울특별시,강서구,화곡8동,24826
252,서울특별시,강서구,가양1동,34130
253,서울특별시,강서구,가양2동,14254
254,서울특별시,강서구,가양3동,15314
255,서울특별시,강서구,발산1동,36768
256,서울특별시,강서구,우장산동,43308
257,서울특별시,강서구,공항동,28768
258,서울특별시,강서구,방화1동,43653
259,서울특별시,강서구,방화2동,23215
260,서울특별시,강서구,방화3동,23144
261,서울특별시,구로구,신도림동,35853
262,서울특별시,구로구,구로1동,21128
263,서울특별시,구로구,구로2동,24239
264,서울특별시,구로구,구로3동,23687
265,서울특별시,구로구,구로4동,20058
266,서울특별시,구로구,구로5동,29349
267,서울특별시,구로구,가리봉동,9093
268,서울특별시,구로구,고척1동,22804
269,서울특별시,구로구,고척2동,27087
270,서울특별시,구로구,개봉1동,34328
271,서울특별시,구로구,개봉2동,31400
272,서울특별시,구로구,개봉3동,20520
273,서울특별시,구로구,오류1동,22766
274,서울특별시,구로구,오류2동,38602
275,서울특별시,구로구,수궁동,23828
276,서울특별시,구로구,항동,16332
277,서울특별시,금천구,가산동,23210
278,서울특별시,금천구,독산1동,42081
279,서울특별시,금천구,독산2동,18856
280,서울특별시,금천구,독산3동,24445
281,서울특별시,금천구,독산4동,15405
282,서울특별시,금천구,시흥1동,33246
283,서울특별시,금천구,시흥2동,21550
284,서울특별시,금천구,시흥3동,10950
285,서울특별시,금천구,시흥4동,20604
286,서울특별시,금천구,시흥5동,19497
287,서울특별시,영등포구,영등포본동,21243
288,서울특별시,영등포구,영등포동,28442
289,서울특별시,영등포구,여의동,33516
290,서울특별시,영등포구,당산1동,20593
291,서울특별시,영등포구,당산2동,37240
292,서울특별시,영등포구,도림동,17987
293,서울특별시,영등포구,문래동,32891
294,서울특별시,영등포구,양평1동,17397
295,서울특별시,영등포구,양평2동,22252
296,서울특별시,영등포구,신길1동,17239
297,서울특별시,영등포구,신길3동,16721
298,서울특별시,영등포구,신길4동,12283
299,서울특별시,영등포구,신길5동,10937
300,서울특별시,영등포구,신길6동,19102
301,서울특별시,영등포구,신길7동,19995
302,서울특별시,영등포구,대림1동,14794
303,서울특별시,영등포구,대림2동,12230
304,서울특별시,영등포구,대림3동,22728
305,서울특별시,동작구,노량진1동,31920
306,서울특별시,동작구,노량진2동,12696
307,서울특별시,동작구,상도1동,44621
308,서울특별시,동작구,상도2동,28535
309,서울특별시,동작구,상도3동,24809
310,서울특별시,동작구,상도4동,28792
311,서울특별시,동작구,흑석동,31807
312,서울특별시,동작구,사당1동,22900
313,서울특별시,동작구,사당2동,27024
314,서울특별시,동작구,사당3동,24835
315,서울특별시,동작구,사당4동,14279
316,서울특별시,동작구,사당5동,14614
317,서울특별시,동작구,대방동,38494
318,서울특별시,동작구,신대방1동,23492
319,서울특별시,동작구,신대방2동,19912
320,서울특별시,관악구,보라매동,24383
321,서울특별시,관악구,청림동,15333
322,서울특별시,관악구,성현동,29848
323,서울특별시,관악구,행운동,29086
324,서울특별시,관악구,낙성대동,16902
325,서울특별시,관악구,청룡동,35200
326,서울특별시,관악구,은천동,33664
327,서울특별시,관악구,중앙동,15192
328,서울특별시,관악구,인헌동,25970
329,서울특별시,관악구,남현동,18166
330,서울특별시,관악구,서원동,22648
331,서울특별시,관악구,신원동,18100
332,서울특별시,관악구,서림동,23497
333,서울특별시,관악구,신사동,22596
334,서울특별시,관악구,신림동,21805
335,서울특별시,관악구,난향동,15540
336,서울특별시,관악구,조원동,17360
337,서울특별시,관악구,대학동,23639
338,서울특별시,관악구,삼성동,23079
339,서울특별시,관악구,미성동,31040
340,서울특별시,관악구,난곡동,27304
341,서울특별시,서초구,서초1동,20801
342,서울특별시,서초구,서초2동,22083
343,서울특별시,서초구,서초3동,32128
344,서울특별시,서초구,서초4동,31241
345,서울특별시,서초구,잠원동,27813
346,서울특별시,서초구,반포본동,11467
347,서울특별시,서초구,반포1동,32089
348,서울특별시,서초구,반포2동,15889
349,서울특별시,서초구,반포3동,22352
350,서울특별시,서초구,반포4동,19211
351,서울특별시,서초구,방배본동,21008
352,서울특별시,서초구,방배1동,17062
353,서울특별시,서초구,방배2동,19954
354,서울특별시,서초구,방배3동,20529
355,서울특별시,서초구,방배4동,23633
356,서울특별시,서초구,양재1동,43885
357,서울특별시,서초구,양재2동,22249
358,서울특별시,서초구,내곡동,17921
359,서울특별시,강남구,신사동,16384
360,서울특별시,강남구,논현1동,22712
361,서울특별시,강남구,논현2동,21628
362,서울특별시,강남구,압구정동,26904
363,서울특별시,강남구,청담동,26738
364,서울특별시,강남구,삼성1동,13183
365,서울특별시,강남구,삼성2동,29806
366,서울특별시,강남구,대치1동,24556
367,서울특별시,강남구,대치2동,36753
368,서울특별시,강남구,대치4동,20087
369,서울특별시,강남구,역삼1동,35507
370,서울특별시,강남구,역삼2동,36399
371,서울특별시,강남구,도곡1동,21911
372,서울특별시,강남구,도곡2동,33777
373,서울특별시,강남구,개포1동,6538
374,서울특별시,강남구,개포2동,22107
375,서울특별시,강남구,개포4동,23705
376,서울특별시,강남구,세곡동,43973
377,서울특별시,강남구,일원본동,23665
378,서울특별시,강남구,일원1동,15486
379,서울특별시,강남구,일원2동,17928
380,서울특별시,강남구,수서동,15049
381,서울특별시,송파구,풍납1동,13524
382,서울특별시,송파구,풍납2동,25358
383,서울특별시,송파구,거여1동,12769
384,서울특별시,송파구,거여2동,19045
385,서울특별시,송파구,마천1동,19334
386,서울특별시,송파구,마천2동,19215
387,서울특별시,송파구,방이1동,16004
388,서울특별시,송파구,방이2동,26116
389,서울특별시,송파구,오륜동,18341
390,서울특별시,송파구,오금동,39052
391,서울특별시,송파구,송파1동,24506
392,서울특별시,송파구,송파2동,19772
393,서울특별시,송파구,석촌동,32095
394,서울특별시,송파구,삼전동,31059
395,서울특별시,송파구,가락본동,26836
396,서울특별시,송파구,가락1동,27327
397,서울특별시,송파구,가락2동,32786
398,서울특별시,송파구,문정1동,20469
399,서울특별시,송파구,문정2동,29209
400,서울특별시,송파구,장지동,29816
401,서울특별시,송파구,위례동,31987
402,서울특별시,송파구,잠실본동,28278
403,서울특별시,송파구,잠실2동,35585
404,서울특별시,송파구,잠실3동,34802
405,서울특별시,송파구,잠실4동,21397
406,서울특별시,송파구,잠실6동,16982
407,서울특별시,송파구,잠실7동,9747
408,서울특별시,강동구,강일동,40642
409,서울특별시,강동구,상일동,37880
410,서울특별시,강동구,명일1동,26036
411,서울특별시,강동구,명일2동,17455
412,서울특별시,강동구,고덕1동,25370
413,서울특별시,강동구,고덕2동,22540
414,서울특별시,강동구,암사1동,34959
415,서울특별시,강동구,암사2동,15343
416,서울특별시,강동구,암사3동,18130
417,서울특별시,강동구,천호1동,27174
418,서울특별시,강동구,천호2동,33849
419,서울특별시,강동구,천호3동,26428
420,서울특별시,강동구,성내1동,20191
421,서울특별시,강동구,성내2동,24057
422,서울특별시,강동구,성내3동,23364
423,서울특별시,강동구,길동,46160
424,서울특별시,강동구,둔촌1동,134
425,서울특별시,강동구,둔촌2동,25188
426,부산광역시,중구,중앙동,2506
427,부산광역시,중구,동광동,2832
428,부산광역시,중구,대청동,6453
429,부산광역시,중구,보수동,10788
430,부산광역시,중구,부평동,4701
431,부산광역시,중구,광복동,1058
432,부산광역시,중구,남포동,997
433,부산광역시,중구,영주1동,4737
434,부산광역시,중구,영주2동,7298
435,부산광역시,서구,동대신1동,4488
436,부산광역시,서구,동대신2동,7475
437,부산광역시,서구,동대신3동,7688
438,부산광역시,서구,서대신1동,13749
439,부산광역시,서구,서대신3동,8627
440,부산광역시,서구,서대신4동,7862
441,부산광역시,서구,부민동,7786
442,부산광역시,서구,아미동,6852
443,부산광역시,서구,초장동,4503
444,부산광역시,서구,충무동,9953
445,부산광역시,서구,남부민1동,4958
446,부산광역시,서구,남부민2동,9408
447,부산광역시,서구,암남동,13102
448,부산광역시,동구,초량1동,4816
449,부산광역시,동구,초량2동,5773
450,부산광역시,동구,초량3동,11897
451,부산광역시,동구,초량6동,6184
452,부산광역시,동구,수정1동,4179
453,부산광역시,동구,수정2동,10052
454,부산광역시,동구,수정4동,4056
455,부산광역시,동구,수정5동,5434
456,부산광역시,동구,좌천동,10963
457,부산광역시,동구,범일1동,11773
458,부산광역시,동구,범일2동,8614
459,부산광역시,동구,범일5동,4477
460,부산광역시,영도구,남항동,10930
461,부산광역시,영도구,영선1동,4090
462,부산광역시,영도구,영선2동,8617
463,부산광역시,영도구,신선동,8761
464,부산광역시,영도구,봉래1동,7112
465,부산광역시,영도구,봉래2동,5094
466,부산광역시,영도구,청학1동,6478
467,부산광역시,영도구,청학2동,18197
468,부산광역시,영도구,동삼1동,28408
469,부산광역시,영도구,동삼2동,3520
470,부산광역시,영도구,동삼3동,10300
471,부산광역시,부산진구,부전1동,15615
472,부산광역시,부산진구,부전2동,9876
473,부산광역시,부산진구,연지동,20891
474,부산광역시,부산진구,초읍동,22254
475,부산광역시,부산진구,양정1동,20297
476,부산광역시,부산진구,양정2동,12788
477,부산광역시,부산진구,전포1동,22342
478,부산광역시,부산진구,전포2동,20977
479,부산광역시,부산진구,부암1동,22896
480,부산광역시,부산진구,부암3동,17778
481,부산광역시,부산진구,당감1동,23476
482,부산광역시,부산진구,당감2동,10368
483,부산광역시,부산진구,당감4동,11479
484,부산광역시,부산진구,가야1동,19441
485,부산광역시,부산진구,가야2동,17029
486,부산광역시,부산진구,개금1동,17008
487,부산광역시,부산진구,개금2동,11203
488,부산광역시,부산진구,개금3동,29258
489,부산광역시,부산진구,범천1동,12030
490,부산광역시,부산진구,범천2동,20639
491,부산광역시,동래구,수민동,32918
492,부산광역시,동래구,복산동,9993
493,부산광역시,동래구,명륜동,24940
494,부산광역시,동래구,온천1동,19479
495,부산광역시,동래구,온천2동,15049
496,부산광역시,동래구,온천3동,39042
497,부산광역시,동래구,사직1동,10785
498,부산광역시,동래구,사직2동,27934
499,부산광역시,동래구,사직3동,17490
500,부산광역시,동래구,안락1동,14852
501,부산광역시,동래구,안락2동,27617
502,부산광역시,동래구,명장1동,14426
503,부산광역시,동래구,명장2동,14972
504,부산광역시,남구,대연1동,15940
505,부산광역시,남구,대연3동,32953
506,부산광역시,남구,대연4동,12543
507,부산광역시,남구,대연5동,16884
508,부산광역시,남구,대연6동,15575
509,부산광역시,남구,용호1동,44764
510,부산광역시,남구,용호2동,17067
511,부산광역시,남구,용호3동,12468
512,부산광역시,남구,용호4동,8653
513,부산광역시,남구,용당동,8235
514,부산광역시,남구,감만1동,13555
515,부산광역시,남구,감만2동,6913
516,부산광역시,남구,우암동,13098
517,부산광역시,남구,문현1동,13878
518,부산광역시,남구,문현2동,8655
519,부산광역시,남구,문현3동,15918
520,부산광역시,남구,문현4동,8660
521,부산광역시,북구,구포1동,14554
522,부산광역시,북구,구포2동,25952
523,부산광역시,북구,구포3동,20225
524,부산광역시,북구,금곡동,38816
525,부산광역시,북구,화명1동,42326
526,부산광역시,북구,화명2동,15464
527,부산광역시,북구,화명3동,30187
528,부산광역시,북구,덕천1동,12082
529,부산광역시,북구,덕천2동,12290
530,부산광역시,북구,덕천3동,10974
531,부산광역시,북구,만덕1동,12746
532,부산광역시,북구,만덕2동,27158
533,부산광역시,북구,만덕3동,19077
534,부산광역시,해운대구,우1동,22845
535,부산광역시,해운대구,우2동,31196
536,부산광역시,해운대구,우3동,28746
537,부산광역시,해운대구,중1동,26834
538,부산광역시,해운대구,중2동,15942
539,부산광역시,해운대구,좌1동,18204
540,부산광역시,해운대구,좌2동,32244
541,부산광역시,해운대구,좌3동,16224
542,부산광역시,해운대구,좌4동,23384
543,부산광역시,해운대구,송정동,9968
544,부산광역시,해운대구,반여1동,35003
545,부산광역시,해운대구,반여2동,12967
546,부산광역시,해운대구,반여3동,8842
547,부산광역시,해운대구,반여4동,16331
548,부산광역시,해운대구,반송1동,14226
549,부산광역시,해운대구,반송2동,23813
550,부산광역시,해운대구,재송1동,38175
551,부산광역시,해운대구,재송2동,25139
552,부산광역시,사하구,괴정1동,19855
553,부산광역시,사하구,괴정2동,14178
554,부산광역시,사하구,괴정3동,12777
555,부산광역시,사하구,괴정4동,12270
556,부산광역시,사하구,당리동,26895
557,부산광역시,사하구,하단1동,21572
558,부산광역시,사하구,하단2동,25352
559,부산광역시,사하구,신평1동,17358
560,부산광역시,사하구,신평2동,15922
561,부산광역시,사하구,장림1동,10951
562,부산광역시,사하구,장림2동,27884
563,부산광역시,사하구,다대1동,39480
564,부산광역시,사하구,다대2동,27898
565,부산광역시,사하구,구평동,11616
566,부산광역시,사하구,감천1동,19101
567,부산광역시,사하구,감천2동,6193
568,부산광역시,금정구,서1동,5646
569,부산광역시,금정구,서2동,9546
570,부산광역시,금정구,서3동,11403
571,부산광역시,금정구,금사회동동,8093
572,부산광역시,금정구,부곡1동,8517
573,부산광역시,금정구,부곡2동,16715
574,부산광역시,금정구,부곡3동,16080
575,부산광역시,금정구,부곡4동,13075
576,부산광역시,금정구,장전1동,18036
577,부산광역시,금정구,장전2동,27143
578,부산광역시,금정구,선두구동,2368
579,부산광역시,금정구,청룡노포동,9907
580,부산광역시,금정구,남산동,29355
581,부산광역시,금정구,구서1동,19918
582,부산광역시,금정구,구서2동,33732
583,부산광역시,금정구,금성동,1071
584,부산광역시,강서구,대저1동,6638
585,부산광역시,강서구,대저2동,7072
586,부산광역시,강서구,강동동,4350
587,부산광역시,강서구,명지1동,51189
588,부산광역시,강서구,명지2동,30311
589,부산광역시,강서구,가락동,2406
590,부산광역시,강서구,녹산동,33461
591,부산광역시,강서구,가덕도동,3812
592,부산광역시,연제구,거1동,29564
593,부산광역시,연제구,거2동,12464
594,부산광역시,연제구,거3동,10083
595,부산광역시,연제구,거4동,10674
596,부산광역시,연제구,연산1동,16298
597,부산광역시,연제구,연산2동,20954
598,부산광역시,연제구,연산3동,7364
599,부산광역시,연제구,연산4동,16568
600,부산광역시,연제구,연산5동,16505
601,부산광역시,연제구,연산6동,16801
602,부산광역시,연제구,연산8동,14353
603,부산광역시,연제구,연산9동,35791
604,부산광역시,수영구,남천1동,14006
605,부산광역시,수영구,남천2동,12285
606,부산광역시,수영구,수영동,14858
607,부산광역시,수영구,망미1동,27682
608,부산광역시,수영구,망미2동,11324
609,부산광역시,수영구,광안1동,25921
610,부산광역시,수영구,광안2동,18658
611,부산광역시,수영구,광안3동,9551
612,부산광역시,수영구,광안4동,13405
613,부산광역시,수영구,민락동,28455
614,부산광역시,사상구,삼락동,5899
615,부산광역시,사상구,모라1동,28085
616,부산광역시,사상구,모라3동,10930
617,부산광역시,사상구,덕포1동,8809
618,부산광역시,사상구,덕포2동,13063
619,부산광역시,사상구,괘법동,22197
620,부산광역시,사상구,감전동,13671
621,부산광역시,사상구,주례1동,15442
622,부산광역시,사상구,주례2동,23390
623,부산광역시,사상구,주례3동,13275
624,부산광역시,사상구,학장동,28802
625,부산광역시,사상구,엄궁동,27689
626,부산광역시,기장군,기장읍,52694
627,부산광역시,기장군,장안읍,8583
628,부산광역시,기장군,정관읍,81686
629,부산광역시,기장군,일광면,25083
630,부산광역시,기장군,철마면,8010
631,대구광역시,중구,동인동,8395
632,대구광역시,중구,삼덕동,6702
633,대구광역시,중구,성내1동,5050
634,대구광역시,중구,성내2동,4490
635,대구광역시,중구,성내3동,5077
636,대구광역시,중구,대신동,8051
637,대구광역시,중구,남산1동,5074
638,대구광역시,중구,남산2동,4310
639,대구광역시,중구,남산3동,6994
640,대구광역시,중구,남산4동,11764
641,대구광역시,중구,대봉1동,7548
642,대구광역시,중구,대봉2동,2192
643,대구광역시,동구,신암1동,7590
644,대구광역시,동구,신암2동,10644
645,대구광역시,동구,신암3동,9959
646,대구광역시,동구,신암4동,12454
647,대구광역시,동구,신암5동,6515
648,대구광역시,동구,신천1.2동,13142
649,대구광역시,동구,신천3동,12373
650,대구광역시,동구,신천4동,7465
651,대구광역시,동구,효목1동,14114
652,대구광역시,동구,효목2동,13893
653,대구광역시,동구,도평동,4172
654,대구광역시,동구,불로.봉무동,21630
655,대구광역시,동구,지저동,14791
656,대구광역시,동구,동촌동,15867
657,대구광역시,동구,방촌동,18166
658,대구광역시,동구,해안동,15098
659,대구광역시,동구,안심1동,43270
660,대구광역시,동구,안심2동,11290
661,대구광역시,동구,안심3동,21322
662,대구광역시,동구,안심4동,29372
663,대구광역시,동구,혁신동,18833
664,대구광역시,동구,공산동,20696
665,대구광역시,서구,내당1동,8605
666,대구광역시,서구,내당2.3동,10073
667,대구광역시,서구,내당4동,16875
668,대구광역시,서구,비산1동,9786
669,대구광역시,서구,비산2.3동,9601
670,대구광역시,서구,비산4동,9965
671,대구광역시,서구,비산5동,6322
672,대구광역시,서구,비산6동,7829
673,대구광역시,서구,비산7동,10939
674,대구광역시,서구,평리1동,7937
675,대구광역시,서구,평리2동,8089
676,대구광역시,서구,평리3동,10059
677,대구광역시,서구,평리4동,18252
678,대구광역시,서구,평리5동,1788
679,대구광역시,서구,평리6동,5176
680,대구광역시,서구,상중이동,20305
681,대구광역시,서구,원대동,7831
682,대구광역시,남구,이천동,12319
683,대구광역시,남구,봉덕1동,9271
684,대구광역시,남구,봉덕2동,12222
685,대구광역시,남구,봉덕3동,17149
686,대구광역시,남구,대명1동,11501
687,대구광역시,남구,대명2동,10605
688,대구광역시,남구,대명3동,11062
689,대구광역시,남구,대명4동,11227
690,대구광역시,남구,대명5동,7250
691,대구광역시,남구,대명6동,9643
692,대구광역시,남구,대명9동,15958
693,대구광역시,남구,대명10동,9275
694,대구광역시,남구,대명11동,8524
695,대구광역시,북구,고성동,4957
696,대구광역시,북구,칠성동,23433
697,대구광역시,북구,침산1동,4222
698,대구광역시,북구,침산2동,19300
699,대구광역시,북구,침산3동,20240
700,대구광역시,북구,산격1동,9450
701,대구광역시,북구,산격2동,11040
702,대구광역시,북구,산격3동,9125
703,대구광역시,북구,산격4동,8618
704,대구광역시,북구,대현동,18422
705,대구광역시,북구,복현1동,7680
706,대구광역시,북구,복현2동,28979
707,대구광역시,북구,검단동,6653
708,대구광역시,북구,무태조야동,36726
709,대구광역시,북구,관문동,37212
710,대구광역시,북구,태전1동,22360
711,대구광역시,북구,태전2동,24978
712,대구광역시,북구,구암동,36242
713,대구광역시,북구,관음동,17031
714,대구광역시,북구,읍내동,26782
715,대구광역시,북구,동천동,28880
716,대구광역시,북구,노원동,12036
717,대구광역시,북구,국우동,23999
718,대구광역시,수성구,범어1동,16116
719,대구광역시,수성구,범어2동,15932
720,대구광역시,수성구,범어3동,16425
721,대구광역시,수성구,범어4동,19951
722,대구광역시,수성구,만촌1동,23096
723,대구광역시,수성구,만촌2동,11342
724,대구광역시,수성구,만촌3동,20199
725,대구광역시,수성구,수성1가동,18579
726,대구광역시,수성구,수성2.3가동,12179
727,대구광역시,수성구,수성4가동,15077
728,대구광역시,수성구,황금1동,24164
729,대구광역시,수성구,황금2동,11088
730,대구광역시,수성구,중동,11221
731,대구광역시,수성구,상동,16910
732,대구광역시,수성구,파동,12850
733,대구광역시,수성구,두산동,14243
734,대구광역시,수성구,지산1동,22434
735,대구광역시,수성구,지산2동,19060
736,대구광역시,수성구,범물1동,11596
737,대구광역시,수성구,범물2동,17335
738,대구광역시,수성구,고산1동,31410
739,대구광역시,수성구,고산2동,27619
740,대구광역시,수성구,고산3동,33933
741,대구광역시,달서구,성당동,23806
742,대구광역시,달서구,두류1.2동,14572
743,대구광역시,달서구,두류3동,8441
744,대구광역시,달서구,감삼동,27210
745,대구광역시,달서구,죽전동,13812
746,대구광역시,달서구,장기동,17546
747,대구광역시,달서구,용산1동,31477
748,대구광역시,달서구,용산2동,29287
749,대구광역시,달서구,이곡1동,23498
750,대구광역시,달서구,이곡2동,16734
751,대구광역시,달서구,신당동,32010
752,대구광역시,달서구,본리동,21937
753,대구광역시,달서구,월성1동,43643
754,대구광역시,달서구,월성2동,16342
755,대구광역시,달서구,진천동,76501
756,대구광역시,달서구,상인1동,38773
757,대구광역시,달서구,상인2동,20102
758,대구광역시,달서구,상인3동,11323
759,대구광역시,달서구,도원동,36150
760,대구광역시,달서구,송현1동,19648
761,대구광역시,달서구,송현2동,18380
762,대구광역시,달서구,본동,12985
763,대구광역시,달성군,화원읍,47775
764,대구광역시,달성군,논공읍,4656
765,대구광역시,달성군,논공읍공단출장소,13577
766,대구광역시,달성군,다사읍,50482
767,대구광역시,달성군,다사읍서재출장소,38586
768,대구광역시,달성군,유가읍,29680
769,대구광역시,달성군,옥포읍,25333
770,대구광역시,달성군,현풍읍,23071
771,대구광역시,달성군,가창면,7863
772,대구광역시,달성군,하빈면,3696
773,대구광역시,달성군,구지면,15114
774,인천광역시,중구,연안동,6223
775,인천광역시,중구,신포동,5167
776,인천광역시,중구,신흥동,13251
777,인천광역시,중구,도원동,3945
778,인천광역시,중구,율목동,3293
779,인천광역시,중구,동인천동,5824
780,인천광역시,중구,북성동,2769
781,인천광역시,중구,송월동,4417
782,인천광역시,중구,영종동,15800
783,인천광역시,중구,영종1동,43405
784,인천광역시,중구,운서동,31192
785,인천광역시,중구,용유동,4039
786,인천광역시,동구,만석동,7043
787,인천광역시,동구,화수1.화평동,6088
788,인천광역시,동구,화수2동,7742
789,인천광역시,동구,송현1.2동,10611
790,인천광역시,동구,송현3동,3667
791,인천광역시,동구,송림1동,1653
792,인천광역시,동구,송림2동,2891
793,인천광역시,동구,송림3.5동,7984
794,인천광역시,동구,송림4동,4407
795,인천광역시,동구,송림6동,6672
796,인천광역시,동구,금창동,2997
797,인천광역시,미추홀구,숭의2동,14690
798,인천광역시,미추홀구,숭의1.3동,14447
799,인천광역시,미추홀구,숭의4동,16525
800,인천광역시,미추홀구,용현1.4동,17160
801,인천광역시,미추홀구,용현2동,17931
802,인천광역시,미추홀구,용현3동,7419
803,인천광역시,미추홀구,용현5동,48051
804,인천광역시,미추홀구,학익1동,30873
805,인천광역시,미추홀구,학익2동,18879
806,인천광역시,미추홀구,도화1동,23161
807,인천광역시,미추홀구,도화2.3동,32237
808,인천광역시,미추홀구,주안1동,20635
809,인천광역시,미추홀구,주안2동,16540
810,인천광역시,미추홀구,주안3동,8906
811,인천광역시,미추홀구,주안4동,13889
812,인천광역시,미추홀구,주안5동,17310
813,인천광역시,미추홀구,주안6동,22216
814,인천광역시,미추홀구,주안7동,12830
815,인천광역시,미추홀구,주안8동,21259
816,인천광역시,미추홀구,관교동,15332
817,인천광역시,미추홀구,문학동,13885
818,인천광역시,연수구,옥련1동,19617
819,인천광역시,연수구,옥련2동,20773
820,인천광역시,연수구,선학동,17259
821,인천광역시,연수구,연수1동,19956
822,인천광역시,연수구,연수2동,21462
823,인천광역시,연수구,연수3동,16473
824,인천광역시,연수구,청학동,25136
825,인천광역시,연수구,동춘1동,25721
826,인천광역시,연수구,동춘2동,18560
827,인천광역시,연수구,동춘3동,18822
828,인천광역시,연수구,송도1동,38110
829,인천광역시,연수구,송도2동,36750
830,인천광역시,연수구,송도3동,48834
831,인천광역시,연수구,송도4동,25010
832,인천광역시,연수구,송도5동,37994
833,인천광역시,남동구,구월1동,31754
834,인천광역시,남동구,구월2동,35684
835,인천광역시,남동구,구월3동,29644
836,인천광역시,남동구,구월4동,14965
837,인천광역시,남동구,간석1동,22298
838,인천광역시,남동구,간석2동,22126
839,인천광역시,남동구,간석3동,27998
840,인천광역시,남동구,간석4동,29037
841,인천광역시,남동구,만수1동,17332
842,인천광역시,남동구,만수2동,24516
843,인천광역시,남동구,만수3동,17821
844,인천광역시,남동구,만수4동,21396
845,인천광역시,남동구,만수5동,15504
846,인천광역시,남동구,만수6동,24732
847,인천광역시,남동구,장수서창동,20218
848,인천광역시,남동구,서창2동,39702
849,인천광역시,남동구,남촌도림동,21156
850,인천광역시,남동구,논현1동,32196
851,인천광역시,남동구,논현2동,32950
852,인천광역시,남동구,논현고잔동,41684
853,인천광역시,부평구,부평1동,37091
854,인천광역시,부평구,부평2동,15496
855,인천광역시,부평구,부평3동,12930
856,인천광역시,부평구,부평4동,36337
857,인천광역시,부평구,부평5동,32855
858,인천광역시,부평구,부평6동,15057
859,인천광역시,부평구,산곡1동,13296
860,인천광역시,부평구,산곡2동,31665
861,인천광역시,부평구,산곡3동,22291
862,인천광역시,부평구,산곡4동,17956
863,인천광역시,부평구,청천1동,7011
864,인천광역시,부평구,청천2동,34956
865,인천광역시,부평구,갈산1동,16391
866,인천광역시,부평구,갈산2동,19141
867,인천광역시,부평구,삼산1동,34028
868,인천광역시,부평구,삼산2동,29182
869,인천광역시,부평구,부개1동,16443
870,인천광역시,부평구,부개2동,18845
871,인천광역시,부평구,부개3동,31633
872,인천광역시,부평구,일신동,12646
873,인천광역시,부평구,십정1동,12717
874,인천광역시,부평구,십정2동,23403
875,인천광역시,계양구,효성1동,24900
876,인천광역시,계양구,효성2동,29548
877,인천광역시,계양구,계산1동,19625
878,인천광역시,계양구,계산2동,15990
879,인천광역시,계양구,계산3동,19583
880,인천광역시,계양구,계산4동,23333
881,인천광역시,계양구,작전1동,28366
882,인천광역시,계양구,작전2동,20282
883,인천광역시,계양구,작전서운동,34131
884,인천광역시,계양구,계양1동,21232
885,인천광역시,계양구,계양2동,33836
886,인천광역시,계양구,계양3동,25945
887,인천광역시,서구,검암경서동,45670
888,인천광역시,서구,연희동,41191
889,인천광역시,서구,청라1동,31428
890,인천광역시,서구,청라2동,48839
891,인천광역시,서구,청라3동,30608
892,인천광역시,서구,가정1동,28254
893,인천광역시,서구,가정2동,6598
894,인천광역시,서구,가정3동,9785
895,인천광역시,서구,석남1동,22644
896,인천광역시,서구,석남2동,13268
897,인천광역시,서구,석남3동,14066
898,인천광역시,서구,신현원창동,31961
899,인천광역시,서구,가좌1동,12262
900,인천광역시,서구,가좌2동,20268
901,인천광역시,서구,가좌3동,16524
902,인천광역시,서구,가좌4동,10828
903,인천광역시,서구,검단동,32972
904,인천광역시,서구,불로대곡동,22739
905,인천광역시,서구,원당동,24628
906,인천광역시,서구,당하동,28224
907,인천광역시,서구,오류왕길동,24632
908,인천광역시,서구,마전동,23143
909,인천광역시,강화군,강화읍,22567
910,인천광역시,강화군,선원면,7843
911,인천광역시,강화군,불은면,4912
912,인천광역시,강화군,길상면,7031
913,인천광역시,강화군,화도면,4512
914,인천광역시,강화군,양도면,4257
915,인천광역시,강화군,내가면,3034
916,인천광역시,강화군,하점면,3989
917,인천광역시,강화군,양사면,1856
918,인천광역시,강화군,송해면,3232
919,인천광역시,강화군,교동면,2885
920,인천광역시,강화군,삼산면,2230
921,인천광역시,강화군,서도면,390
922,인천광역시,강화군,서도면볼음출장소,270
923,인천광역시,옹진군,북도면,1164
924,인천광역시,옹진군,북도면장봉출장소,985
925,인천광역시,옹진군,백령면,5094
926,인천광역시,옹진군,대청면,1225
927,인천광역시,옹진군,대청면소청출장소,227
928,인천광역시,옹진군,덕적면,1872
929,인천광역시,옹진군,영흥면,6434
930,인천광역시,옹진군,자월면,929
931,인천광역시,옹진군,자월면이작출장소,379
932,인천광역시,옹진군,연평면,2026
933,광주광역시,동구,충장동,4526
934,광주광역시,동구,동명동,3853
935,광주광역시,동구,계림1동,10550
936,광주광역시,동구,계림2동,7837
937,광주광역시,동구,산수1동,8827
938,광주광역시,동구,산수2동,10373
939,광주광역시,동구,지산1동,4383
940,광주광역시,동구,지산2동,4674
941,광주광역시,동구,서남동,3187
942,광주광역시,동구,학동,7987
943,광주광역시,동구,학운동,11798
944,광주광역시,동구,지원1동,7940
945,광주광역시,동구,지원2동,16532
946,광주광역시,서구,양동,3935
947,광주광역시,서구,양3동,4705
948,광주광역시,서구,농성1동,11027
949,광주광역시,서구,농성2동,5023
950,광주광역시,서구,광천동,8430
951,광주광역시,서구,유덕동,10671
952,광주광역시,서구,치평동,30550
953,광주광역시,서구,상무1동,24954
954,광주광역시,서구,상무2동,23970
955,광주광역시,서구,화정1동,15805
956,광주광역시,서구,화정2동,20883
957,광주광역시,서구,화정3동,10245
958,광주광역시,서구,화정4동,15692
959,광주광역시,서구,서창동,5923
960,광주광역시,서구,금호1동,20336
961,광주광역시,서구,금호2동,28949
962,광주광역시,서구,풍암동,37375
963,광주광역시,서구,동천동,16218
964,광주광역시,남구,양림동,7182
965,광주광역시,남구,방림1동,6919
966,광주광역시,남구,방림2동,9074
967,광주광역시,남구,봉선1동,13782
968,광주광역시,남구,봉선2동,29074
969,광주광역시,남구,사직동,5290
970,광주광역시,남구,월산동,7259
971,광주광역시,남구,월산4동,8760
972,광주광역시,남구,월산5동,6499
973,광주광역시,남구,백운1동,12361
974,광주광역시,남구,백운2동,6505
975,광주광역시,남구,주월1동,19985
976,광주광역시,남구,주월2동,8252
977,광주광역시,남구,효덕동,45939
978,광주광역시,남구,송암동,20586
979,광주광역시,남구,대촌동,6309
980,광주광역시,북구,중흥1동,4976
981,광주광역시,북구,중흥2동,6820
982,광주광역시,북구,중흥3동,4900
983,광주광역시,북구,중앙동,3228
984,광주광역시,북구,임동,7945
985,광주광역시,북구,신안동,12048
986,광주광역시,북구,용봉동,38443
987,광주광역시,북구,운암1동,19400
988,광주광역시,북구,운암2동,12246
989,광주광역시,북구,운암3동,13040
990,광주광역시,북구,동림동,23687
991,광주광역시,북구,우산동,10639
992,광주광역시,북구,풍향동,5923
993,광주광역시,북구,문화동,21036
994,광주광역시,북구,문흥1동,16235
995,광주광역시,북구,문흥2동,15951
996,광주광역시,북구,두암1동,7884
997,광주광역시,북구,두암2동,16243
998,광주광역시,북구,두암3동,13737
999,광주광역시,북구,삼각동,14302
1000,광주광역시,북구,일곡동,30240
1001,광주광역시,북구,매곡동,14059
1002,광주광역시,북구,오치1동,11222
1003,광주광역시,북구,오치2동,12676
1004,광주광역시,북구,석곡동,2628
1005,광주광역시,북구,건국동,22557
1006,광주광역시,북구,양산동,38011
1007,광주광역시,북구,신용동,29524
1008,광주광역시,광산구,송정1동,11047
1009,광주광역시,광산구,송정2동,6598
1010,광주광역시,광산구,도산동,15590
1011,광주광역시,광산구,신흥동,4670
1012,광주광역시,광산구,어룡동,32869
1013,광주광역시,광산구,우산동,28235
1014,광주광역시,광산구,월곡1동,11178
1015,광주광역시,광산구,월곡2동,16052
1016,광주광역시,광산구,비아동,7298
1017,광주광역시,광산구,첨단1동,27604
1018,광주광역시,광산구,첨단2동,43585
1019,광주광역시,광산구,신가동,18761
1020,광주광역시,광산구,운남동,31343
1021,광주광역시,광산구,수완동,77845
1022,광주광역시,광산구,하남동,24564
1023,광주광역시,광산구,임곡동,2148
1024,광주광역시,광산구,동곡동,1928
1025,광주광역시,광산구,평동,4104
1026,광주광역시,광산구,삼도동,2266
1027,광주광역시,광산구,본량동,2045
1028,광주광역시,광산구,신창동,35209
1029,대전광역시,동구,중앙동,4743
1030,대전광역시,동구,효동,24916
1031,대전광역시,동구,신인동,12156
1032,대전광역시,동구,판암1동,12376
1033,대전광역시,동구,판암2동,8651
1034,대전광역시,동구,용운동,21574
1035,대전광역시,동구,대동,14914
1036,대전광역시,동구,자양동,10570
1037,대전광역시,동구,가양1동,13824
1038,대전광역시,동구,가양2동,18304
1039,대전광역시,동구,용전동,20547
1040,대전광역시,동구,성남동,12209
1041,대전광역시,동구,홍도동,10920
1042,대전광역시,동구,삼성동,14375
1043,대전광역시,동구,대청동,2474
1044,대전광역시,동구,산내동,20916
1045,대전광역시,중구,은행선화동,15955
1046,대전광역시,중구,목동,14593
1047,대전광역시,중구,중촌동,13169
1048,대전광역시,중구,대흥동,13964
1049,대전광역시,중구,문창동,4714
1050,대전광역시,중구,석교동,15850
1051,대전광역시,중구,대사동,5526
1052,대전광역시,중구,부사동,6661
1053,대전광역시,중구,용두동,9533
1054,대전광역시,중구,오류동,10409
1055,대전광역시,중구,태평1동,13494
1056,대전광역시,중구,태평2동,26170
1057,대전광역시,중구,유천1동,6661
1058,대전광역시,중구,유천2동,13785
1059,대전광역시,중구,문화1동,22662
1060,대전광역시,중구,문화2동,12789
1061,대전광역시,중구,산성동,27666
1062,대전광역시,서구,복수동,22716
1063,대전광역시,서구,도마1동,15179
1064,대전광역시,서구,도마2동,17455
1065,대전광역시,서구,정림동,16446
1066,대전광역시,서구,변동,16180
1067,대전광역시,서구,용문동,12427
1068,대전광역시,서구,탄방동,27440
1069,대전광역시,서구,괴정동,19241
1070,대전광역시,서구,가장동,12155
1071,대전광역시,서구,내동,23936
1072,대전광역시,서구,갈마1동,21596
1073,대전광역시,서구,갈마2동,25072
1074,대전광역시,서구,월평1동,11209
1075,대전광역시,서구,월평2동,14991
1076,대전광역시,서구,월평3동,21605
1077,대전광역시,서구,가수원동,41537
1078,대전광역시,서구,관저1동,15798
1079,대전광역시,서구,관저2동,50533
1080,대전광역시,서구,기성동,3781
1081,대전광역시,서구,둔산1동,17118
1082,대전광역시,서구,둔산2동,36320
1083,대전광역시,서구,만년동,12912
1084,대전광역시,서구,둔산3동,20038
1085,대전광역시,유성구,진잠동,34904
1086,대전광역시,유성구,온천1동,34920
1087,대전광역시,유성구,온천2동,40074
1088,대전광역시,유성구,노은1동,22090
1089,대전광역시,유성구,노은2동,24785
1090,대전광역시,유성구,노은3동,37650
1091,대전광역시,유성구,신성동,26000
1092,대전광역시,유성구,전민동,27009
1093,대전광역시,유성구,구즉동,27806
1094,대전광역시,유성구,관평동,28942
1095,대전광역시,유성구,원신흥동,45956
1096,대전광역시,대덕구,오정동,14596
1097,대전광역시,대덕구,대화동,7127
1098,대전광역시,대덕구,회덕동,12593
1099,대전광역시,대덕구,비래동,16471
1100,대전광역시,대덕구,송촌동,27684
1101,대전광역시,대덕구,중리동,19533
1102,대전광역시,대덕구,신탄진동,11020
1103,대전광역시,대덕구,석봉동,16534
1104,대전광역시,대덕구,덕암동,13814
1105,대전광역시,대덕구,목상동,6634
1106,대전광역시,대덕구,법1동,13242
1107,대전광역시,대덕구,법2동,16324
1108,울산광역시,중구,학성동,10367
1109,울산광역시,중구,반구1동,17176
1110,울산광역시,중구,반구2동,8800
1111,울산광역시,중구,복산1동,4600
1112,울산광역시,중구,복산2동,11308
1113,울산광역시,중구,중앙동,13021
1114,울산광역시,중구,우정동,18999
1115,울산광역시,중구,태화동,33413
1116,울산광역시,중구,다운동,22914
1117,울산광역시,중구,병영1동,22341
1118,울산광역시,중구,병영2동,20400
1119,울산광역시,중구,약사동,10891
1120,울산광역시,중구,성안동,21046
1121,울산광역시,남구,신정1동,18951
1122,울산광역시,남구,신정2동,24511
1123,울산광역시,남구,신정3동,16358
1124,울산광역시,남구,신정4동,21163
1125,울산광역시,남구,신정5동,8837
1126,울산광역시,남구,달동,27252
1127,울산광역시,남구,삼산동,48875
1128,울산광역시,남구,삼호동,20590
1129,울산광역시,남구,무거동,32070
1130,울산광역시,남구,옥동,26582
1131,울산광역시,남구,대현동,30299
1132,울산광역시,남구,수암동,16960
1133,울산광역시,남구,선암동,14332
1134,울산광역시,남구,야음장생포동,11279
1135,울산광역시,동구,방어동,40189
1136,울산광역시,동구,일산동,5814
1137,울산광역시,동구,화정동,19811
1138,울산광역시,동구,대송동,11714
1139,울산광역시,동구,전하1동,14969
1140,울산광역시,동구,전하2동,20764
1141,울산광역시,동구,남목1동,8841
1142,울산광역시,동구,남목2동,21398
1143,울산광역시,동구,남목3동,12253
1144,울산광역시,북구,농소1동,37173
1145,울산광역시,북구,농소2동,40158
1146,울산광역시,북구,농소3동,38865
1147,울산광역시,북구,강동동,16527
1148,울산광역시,북구,효문동,29800
1149,울산광역시,북구,송정동,35968
1150,울산광역시,북구,양정동,9972
1151,울산광역시,북구,염포동,10018
1152,울산광역시,울주군,온산읍,20243
1153,울산광역시,울주군,언양읍,28293
1154,울산광역시,울주군,온양읍,28623
1155,울산광역시,울주군,범서읍,70255
1156,울산광역시,울주군,청량읍,19341
1157,울산광역시,울주군,삼남읍,21905
1158,울산광역시,울주군,서생면,8319
1159,울산광역시,울주군,웅촌면,7701
1160,울산광역시,울주군,두동면,4157
1161,울산광역시,울주군,두서면,3114
1162,울산광역시,울주군,상북면,7935
1163,울산광역시,울주군,삼동면,1799
1164,세종특별자치시,,조치원읍,43304
1165,세종특별자치시,,연기면,2758
1166,세종특별자치시,,연동면,3156
1167,세종특별자치시,,부강면,6251
1168,세종특별자치시,,금남면,8912
1169,세종특별자치시,,장군면,6877
1170,세종특별자치시,,연서면,7452
1171,세종특별자치시,,전의면,5614
1172,세종특별자치시,,전동면,3484
1173,세종특별자치시,,소정면,2412
1174,세종특별자치시,,한솔동,19184
1175,세종특별자치시,,새롬동,30970
1176,세종특별자치시,,도담동,40847
1177,세종특별자치시,,아름동,23620
1178,세종특별자치시,,종촌동,29455
1179,세종특별자치시,,고운동,34401
1180,세종특별자치시,,소담동,33348
1181,세종특별자치시,,보람동,19357
1182,세종특별자치시,,대평동,11210
1183,세종특별자치시,,다정동,27850
1184,경기도,수원시 장안구,파장동,23472
1185,경기도,수원시 장안구,율천동,43381
1186,경기도,수원시 장안구,정자1동,29535
1187,경기도,수원시 장안구,정자2동,29781
1188,경기도,수원시 장안구,정자3동,42343
1189,경기도,수원시 장안구,영화동,20102
1190,경기도,수원시 장안구,송죽동,19605
1191,경기도,수원시 장안구,조원1동,28490
1192,경기도,수원시 장안구,조원2동,19033
1193,경기도,수원시 장안구,연무동,16176
1194,경기도,수원시 권선구,세류1동,10256
1195,경기도,수원시 권선구,세류2동,23619
1196,경기도,수원시 권선구,세류3동,19160
1197,경기도,수원시 권선구,평동,40758
1198,경기도,수원시 권선구,서둔동,37829
1199,경기도,수원시 권선구,구운동,24653
1200,경기도,수원시 권선구,금곡동,45648
1201,경기도,수원시 권선구,호매실동,46464
1202,경기도,수원시 권선구,권선1동,24850
1203,경기도,수원시 권선구,권선2동,49124
1204,경기도,수원시 권선구,곡선동,27413
1205,경기도,수원시 권선구,입북동,16779
1206,경기도,수원시 팔달구,매교동,5919
1207,경기도,수원시 팔달구,매산동,10490
1208,경기도,수원시 팔달구,고등동,16679
1209,경기도,수원시 팔달구,화서1동,22690
1210,경기도,수원시 팔달구,화서2동,26409
1211,경기도,수원시 팔달구,지동,11126
1212,경기도,수원시 팔달구,우만1동,20353
1213,경기도,수원시 팔달구,우만2동,17101
1214,경기도,수원시 팔달구,인계동,39248
1215,경기도,수원시 팔달구,행궁동,10728
1216,경기도,수원시 영통구,매탄1동,18091
1217,경기도,수원시 영통구,매탄2동,14980
1218,경기도,수원시 영통구,매탄3동,36167
1219,경기도,수원시 영통구,매탄4동,21943
1220,경기도,수원시 영통구,원천동,38899
1221,경기도,수원시 영통구,영통1동,35541
1222,경기도,수원시 영통구,영통2동,26438
1223,경기도,수원시 영통구,영통3동,32925
1224,경기도,수원시 영통구,망포1동,31345
1225,경기도,수원시 영통구,망포2동,28118
1226,경기도,수원시 영통구,광교1동,53036
1227,경기도,수원시 영통구,광교2동,29287
1228,경기도,성남시 수정구,신흥1동,13318
1229,경기도,성남시 수정구,신흥2동,20224
1230,경기도,성남시 수정구,신흥3동,11259
1231,경기도,성남시 수정구,태평1동,15529
1232,경기도,성남시 수정구,태평2동,15556
1233,경기도,성남시 수정구,태평3동,13416
1234,경기도,성남시 수정구,태평4동,13392
1235,경기도,성남시 수정구,수진1동,12619
1236,경기도,성남시 수정구,수진2동,16028
1237,경기도,성남시 수정구,단대동,15772
1238,경기도,성남시 수정구,산성동,8413
1239,경기도,성남시 수정구,양지동,9924
1240,경기도,성남시 수정구,복정동,11081
1241,경기도,성남시 수정구,위례동,45846
1242,경기도,성남시 수정구,신촌동,4748
1243,경기도,성남시 수정구,고등동,8708
1244,경기도,성남시 수정구,시흥동,3151
1245,경기도,성남시 중원구,성남동,33834
1246,경기도,성남시 중원구,중앙동,13739
1247,경기도,성남시 중원구,금광1동,6932
1248,경기도,성남시 중원구,금광2동,25433
1249,경기도,성남시 중원구,은행1동,10556
1250,경기도,성남시 중원구,은행2동,24236
1251,경기도,성남시 중원구,상대원1동,25736
1252,경기도,성남시 중원구,상대원2동,13551
1253,경기도,성남시 중원구,상대원3동,12445
1254,경기도,성남시 중원구,하대원동,21091
1255,경기도,성남시 중원구,도촌동,27783
1256,경기도,성남시 분당구,분당동,26319
1257,경기도,성남시 분당구,수내1동,17989
1258,경기도,성남시 분당구,수내2동,10567
1259,경기도,성남시 분당구,수내3동,14027
1260,경기도,성남시 분당구,정자동,19673
1261,경기도,성남시 분당구,정자1동,30985
1262,경기도,성남시 분당구,정자2동,15815
1263,경기도,성남시 분당구,정자3동,15497
1264,경기도,성남시 분당구,서현1동,32275
1265,경기도,성남시 분당구,서현2동,18640
1266,경기도,성남시 분당구,이매1동,25874
1267,경기도,성남시 분당구,이매2동,13633
1268,경기도,성남시 분당구,야탑1동,17573
1269,경기도,성남시 분당구,야탑2동,16697
1270,경기도,성남시 분당구,야탑3동,29005
1271,경기도,성남시 분당구,판교동,23750
1272,경기도,성남시 분당구,삼평동,24788
1273,경기도,성남시 분당구,백현동,27554
1274,경기도,성남시 분당구,금곡동,28676
1275,경기도,성남시 분당구,구미1동,17711
1276,경기도,성남시 분당구,구미동,31366
1277,경기도,성남시 분당구,운중동,21574
1278,경기도,의정부시,의정부1동,32219
1279,경기도,의정부시,의정부2동,31306
1280,경기도,의정부시,호원1동,36204
1281,경기도,의정부시,호원2동,35004
1282,경기도,의정부시,장암동,20545
1283,경기도,의정부시,신곡1동,43521
1284,경기도,의정부시,신곡2동,48080
1285,경기도,의정부시,송산1동,40283
1286,경기도,의정부시,송산2동,33676
1287,경기도,의정부시,송산3동,46734
1288,경기도,의정부시,자금동,26978
1289,경기도,의정부시,가능동,25963
1290,경기도,의정부시,흥선동,18673
1291,경기도,의정부시,녹양동,21957
1292,경기도,안양시 만안구,안양1동,12539
1293,경기도,안양시 만안구,안양2동,21583
1294,경기도,안양시 만안구,안양3동,16593
1295,경기도,안양시 만안구,안양4동,7177
1296,경기도,안양시 만안구,안양5동,10481
1297,경기도,안양시 만안구,안양6동,22566
1298,경기도,안양시 만안구,안양7동,15578
1299,경기도,안양시 만안구,안양8동,10859
1300,경기도,안양시 만안구,안양9동,17485
1301,경기도,안양시 만안구,석수1동,19570
1302,경기도,안양시 만안구,석수2동,32188
1303,경기도,안양시 만안구,석수3동,13495
1304,경기도,안양시 만안구,박달1동,15147
1305,경기도,안양시 만안구,박달2동,22618
1306,경기도,안양시 동안구,비산1동,21344
1307,경기도,안양시 동안구,비산2동,10948
1308,경기도,안양시 동안구,비산3동,17881
1309,경기도,안양시 동안구,부흥동,17366
1310,경기도,안양시 동안구,달안동,10875
1311,경기도,안양시 동안구,관양1동,36486
1312,경기도,안양시 동안구,관양2동,19113
1313,경기도,안양시 동안구,부림동,26884
1314,경기도,안양시 동안구,평촌동,14798
1315,경기도,안양시 동안구,평안동,23681
1316,경기도,안양시 동안구,귀인동,16674
1317,경기도,안양시 동안구,호계1동,16284
1318,경기도,안양시 동안구,호계2동,19925
1319,경기도,안양시 동안구,호계3동,21701
1320,경기도,안양시 동안구,범계동,15173
1321,경기도,안양시 동안구,신촌동,13067
1322,경기도,안양시 동안구,갈산동,11057
1323,경기도,부천시,심곡동,63827
1324,경기도,부천시,부천동,89567
1325,경기도,부천시,중동,41645
1326,경기도,부천시,신중동,130806
1327,경기도,부천시,상동,86126
1328,경기도,부천시,대산동,81435
1329,경기도,부천시,소사본동,56780
1330,경기도,부천시,범안동,95626
1331,경기도,부천시,성곡동,83257
1332,경기도,부천시,오정동,84109
1333,경기도,광명시,광명1동,414
1334,경기도,광명시,광명2동,3392
1335,경기도,광명시,광명3동,9823
1336,경기도,광명시,광명4동,14017
1337,경기도,광명시,광명5동,14622
1338,경기도,광명시,광명6동,10716
1339,경기도,광명시,광명7동,18741
1340,경기도,광명시,철산1동,11076
1341,경기도,광명시,철산2동,7991
1342,경기도,광명시,철산3동,33140
1343,경기도,광명시,철산4동,13382
1344,경기도,광명시,하안1동,26257
1345,경기도,광명시,하안2동,14062
1346,경기도,광명시,하안3동,20472
1347,경기도,광명시,하안4동,12539
1348,경기도,광명시,소하1동,32000
1349,경기도,광명시,소하2동,50885
1350,경기도,광명시,학온동,2221
1351,경기도,평택시,팽성읍,27418
1352,경기도,평택시,안중읍,43530
1353,경기도,평택시,포승읍,24071
1354,경기도,평택시,청북읍,27057
1355,경기도,평택시,진위면,11263
1356,경기도,평택시,서탄면,3637
1357,경기도,평택시,고덕면,24709
1358,경기도,평택시,오성면,6684
1359,경기도,평택시,현덕면,5238
1360,경기도,평택시,중앙동,44019
1361,경기도,평택시,서정동,25299
1362,경기도,평택시,송탄동,20103
1363,경기도,평택시,지산동,12720
1364,경기도,평택시,송북동,22003
1365,경기도,평택시,신장1동,7341
1366,경기도,평택시,신장2동,5741
1367,경기도,평택시,신평동,22683
1368,경기도,평택시,원평동,10583
1369,경기도,평택시,통복동,4095
1370,경기도,평택시,비전1동,87450
1371,경기도,평택시,비전2동,54075
1372,경기도,평택시,용이동,25472
1373,경기도,평택시,세교동,29177
1374,경기도,동두천시,생연1동,6879
1375,경기도,동두천시,생연2동,11945
1376,경기도,동두천시,중앙동,4984
1377,경기도,동두천시,보산동,2941
1378,경기도,동두천시,불현동,27245
1379,경기도,동두천시,송내동,25300
1380,경기도,동두천시,소요동,8716
1381,경기도,동두천시,상패동,5341
1382,경기도,안산시 상록구,일동,24908
1383,경기도,안산시 상록구,이동,23951
1384,경기도,안산시 상록구,사동,32806
1385,경기도,안산시 상록구,사이동,32920
1386,경기도,안산시 상록구,해양동,40594
1387,경기도,안산시 상록구,본오1동,37850
1388,경기도,안산시 상록구,본오2동,26647
1389,경기도,안산시 상록구,본오3동,19983
1390,경기도,안산시 상록구,부곡동,21804
1391,경기도,안산시 상록구,월피동,38498
1392,경기도,안산시 상록구,성포동,26609
1393,경기도,안산시 상록구,반월동,17888
1394,경기도,안산시 상록구,안산동,9050
1395,경기도,안산시 단원구,와동,38837
1396,경기도,안산시 단원구,고잔동,21769
1397,경기도,안산시 단원구,중앙동,25198
1398,경기도,안산시 단원구,호수동,44100
1399,경기도,안산시 단원구,원곡동,6196
1400,경기도,안산시 단원구,백운동,18358
1401,경기도,안산시 단원구,신길동,22672
1402,경기도,안산시 단원구,초지동,46976
1403,경기도,안산시 단원구,선부1동,17935
1404,경기도,안산시 단원구,선부2동,16314
1405,경기도,안산시 단원구,선부3동,35107
1406,경기도,안산시 단원구,대부동,8889
1407,경기도,고양시 덕양구,주교동,14935
1408,경기도,고양시 덕양구,원신동,23580
1409,경기도,고양시 덕양구,흥도동,46291
1410,경기도,고양시 덕양구,성사1동,21844
1411,경기도,고양시 덕양구,성사2동,11417
1412,경기도,고양시 덕양구,효자동,13343
1413,경기도,고양시 덕양구,삼송동,23850
1414,경기도,고양시 덕양구,창릉동,21719
1415,경기도,고양시 덕양구,고양동,30162
1416,경기도,고양시 덕양구,관산동,36647
1417,경기도,고양시 덕양구,능곡동,15584
1418,경기도,고양시 덕양구,화정1동,37897
1419,경기도,고양시 덕양구,화정2동,33223
1420,경기도,고양시 덕양구,행주동,19078
1421,경기도,고양시 덕양구,행신1동,21974
1422,경기도,고양시 덕양구,행신2동,32177
1423,경기도,고양시 덕양구,행신3동,45803
1424,경기도,고양시 덕양구,화전동,27342
1425,경기도,고양시 덕양구,대덕동,2457
1426,경기도,고양시 일산동구,식사동,36822
1427,경기도,고양시 일산동구,중산동,47080
1428,경기도,고양시 일산동구,정발산동,23588
1429,경기도,고양시 일산동구,풍산동,38987
1430,경기도,고양시 일산동구,백석1동,30774
1431,경기도,고양시 일산동구,백석2동,20910
1432,경기도,고양시 일산동구,마두1동,24226
1433,경기도,고양시 일산동구,마두2동,16549
1434,경기도,고양시 일산동구,장항1동,11262
1435,경기도,고양시 일산동구,장항2동,26966
1436,경기도,고양시 일산동구,고봉동,23186
1437,경기도,고양시 일산서구,일산1동,27446
1438,경기도,고양시 일산서구,일산2동,18603
1439,경기도,고양시 일산서구,일산3동,35790
1440,경기도,고양시 일산서구,탄현동,51879
1441,경기도,고양시 일산서구,주엽1동,28086
1442,경기도,고양시 일산서구,주엽2동,29235
1443,경기도,고양시 일산서구,대화동,36482
1444,경기도,고양시 일산서구,송포동,21867
1445,경기도,고양시 일산서구,송산동,51784
1446,경기도,과천시,중앙동,10983
1447,경기도,과천시,갈현동,14498
1448,경기도,과천시,별양동,10790
1449,경기도,과천시,부림동,14957
1450,경기도,과천시,과천동,9451
1451,경기도,과천시,문원동,7720
1452,경기도,구리시,갈매동,31223
1453,경기도,구리시,동구동,37930
1454,경기도,구리시,인창동,23303
1455,경기도,구리시,교문1동,16362
1456,경기도,구리시,교문2동,22115
1457,경기도,구리시,수택1동,17505
1458,경기도,구리시,수택2동,25639
1459,경기도,구리시,수택3동,21727
1460,경기도,남양주시,와부읍,61734
1461,경기도,남양주시,진접읍,92897
1462,경기도,남양주시,화도읍,104062
1463,경기도,남양주시,화도읍동부출장소,14813
1464,경기도,남양주시,진건읍,24044
1465,경기도,남양주시,오남읍,53525
1466,경기도,남양주시,퇴계원읍,29517
1467,경기도,남양주시,별내면,19740
1468,경기도,남양주시,수동면,8973
1469,경기도,남양주시,조안면,4181
1470,경기도,남양주시,호평동,56075
1471,경기도,남양주시,평내동,36571
1472,경기도,남양주시,금곡동,18744
1473,경기도,남양주시,양정동,4509
1474,경기도,남양주시,다산1동,80129
1475,경기도,남양주시,다산2동,36061
1476,경기도,남양주시,별내동,74707
1477,경기도,오산시,중앙동,36023
1478,경기도,오산시,남촌동,20394
1479,경기도,오산시,신장동,61106
1480,경기도,오산시,세마동,32117
1481,경기도,오산시,초평동,16287
1482,경기도,오산시,대원동,64677
1483,경기도,시흥시,대야동,44725
1484,경기도,시흥시,신천동,36301
1485,경기도,시흥시,신현동,9978
1486,경기도,시흥시,은행동,55731
1487,경기도,시흥시,매화동,12133
1488,경기도,시흥시,목감동,42229
1489,경기도,시흥시,군자동,22052
1490,경기도,시흥시,월곶동,16026
1491,경기도,시흥시,정왕본동,20328
1492,경기도,시흥시,정왕1동,22571
1493,경기도,시흥시,정왕2동,32064
1494,경기도,시흥시,정왕3동,22935
1495,경기도,시흥시,정왕4동,21371
1496,경기도,시흥시,배곧동,71063
1497,경기도,시흥시,과림동,1988
1498,경기도,시흥시,연성동,23771
1499,경기도,시흥시,장곡동,30895
1500,경기도,시흥시,능곡동,22954
1501,경기도,군포시,군포1동,33419
1502,경기도,군포시,군포2동,53407
1503,경기도,군포시,산본1동,15972
1504,경기도,군포시,산본2동,27072
1505,경기도,군포시,금정동,17388
1506,경기도,군포시,재궁동,18938
1507,경기도,군포시,오금동,21888
1508,경기도,군포시,수리동,16648
1509,경기도,군포시,궁내동,20885
1510,경기도,군포시,대야동,20600
1511,경기도,군포시,광정동,25175
1512,경기도,의왕시,고천동,14433
1513,경기도,의왕시,부곡동,29529
1514,경기도,의왕시,오전동,37413
1515,경기도,의왕시,내손1동,21002
1516,경기도,의왕시,내손2동,23095
1517,경기도,의왕시,청계동,36971
1518,경기도,하남시,천현동,7631
1519,경기도,하남시,신장1동,6659
1520,경기도,하남시,신장2동,45136
1521,경기도,하남시,덕풍1동,16047
1522,경기도,하남시,덕풍2동,19348
1523,경기도,하남시,덕풍3동,25641
1524,경기도,하남시,풍산동,29985
1525,경기도,하남시,감북동,2770
1526,경기도,하남시,감일동,20584
1527,경기도,하남시,위례동,20303
1528,경기도,하남시,춘궁동,4007
1529,경기도,하남시,초이동,3641
1530,경기도,하남시,미사1동,50449
1531,경기도,하남시,미사2동,47986
1532,경기도,용인시 처인구,포곡읍,33330
1533,경기도,용인시 처인구,모현읍,26592
1534,경기도,용인시 처인구,이동읍,20316
1535,경기도,용인시 처인구,남사읍,23705
1536,경기도,용인시 처인구,원삼면,8208
1537,경기도,용인시 처인구,백암면,8410
1538,경기도,용인시 처인구,양지면,18921
1539,경기도,용인시 처인구,중앙동,24769
1540,경기도,용인시 처인구,역삼동,44677
1541,경기도,용인시 처인구,유림동,36152
1542,경기도,용인시 처인구,동부동,13050
1543,경기도,용인시 기흥구,신갈동,38625
1544,경기도,용인시 기흥구,영덕1동,30590
1545,경기도,용인시 기흥구,영덕2동,17580
1546,경기도,용인시 기흥구,구갈동,41945
1547,경기도,용인시 기흥구,상갈동,13295
1548,경기도,용인시 기흥구,보라동,33640
1549,경기도,용인시 기흥구,기흥동,21572
1550,경기도,용인시 기흥구,서농동,26262
1551,경기도,용인시 기흥구,구성동,39284
1552,경기도,용인시 기흥구,마북동,32261
1553,경기도,용인시 기흥구,동백1동,32966
1554,경기도,용인시 기흥구,동백2동,27294
1555,경기도,용인시 기흥구,동백3동,23456
1556,경기도,용인시 기흥구,상하동,24921
1557,경기도,용인시 기흥구,보정동,36473
1558,경기도,용인시 수지구,풍덕천1동,36647
1559,경기도,용인시 수지구,풍덕천2동,41467
1560,경기도,용인시 수지구,신봉동,38045
1561,경기도,용인시 수지구,죽전1동,56661
1562,경기도,용인시 수지구,죽전2동,18432
1563,경기도,용인시 수지구,동천동,49575
1564,경기도,용인시 수지구,상현1동,48529
1565,경기도,용인시 수지구,상현2동,33811
1566,경기도,용인시 수지구,성복동,53960
1567,경기도,파주시,문산읍,48286
1568,경기도,파주시,파주읍,13148
1569,경기도,파주시,법원읍,10545
1570,경기도,파주시,조리읍,29980
1571,경기도,파주시,월롱면,9009
1572,경기도,파주시,탄현면,13273
1573,경기도,파주시,광탄면,11334
1574,경기도,파주시,파평면,3872
1575,경기도,파주시,적성면,7511
1576,경기도,파주시,군내면,0
1577,경기도,파주시,장단출장소,551
1578,경기도,파주시,진동면,166
1579,경기도,파주시,금촌1동,22217
1580,경기도,파주시,금촌2동,33029
1581,경기도,파주시,금촌3동,27427
1582,경기도,파주시,교하동,42187
1583,경기도,파주시,운정1동,48561
1584,경기도,파주시,운정2동,62975
1585,경기도,파주시,운정3동,84430
1586,경기도,이천시,장호원읍,14633
1587,경기도,이천시,부발읍,36127
1588,경기도,이천시,신둔면,13798
1589,경기도,이천시,백사면,11276
1590,경기도,이천시,호법면,5739
1591,경기도,이천시,마장면,14585
1592,경기도,이천시,대월면,14475
1593,경기도,이천시,모가면,4451
1594,경기도,이천시,설성면,4713
1595,경기도,이천시,율면,2640
1596,경기도,이천시,창전동,17172
1597,경기도,이천시,증포동,53819
1598,경기도,이천시,중리동,14873
1599,경기도,이천시,관고동,10264
1600,경기도,안성시,공도읍,59688
1601,경기도,안성시,보개면,5344
1602,경기도,안성시,금광면,7385
1603,경기도,안성시,서운면,3340
1604,경기도,안성시,미양면,5911
1605,경기도,안성시,대덕면,15340
1606,경기도,안성시,양성면,5283
1607,경기도,안성시,원곡면,6267
1608,경기도,안성시,일죽면,7579
1609,경기도,안성시,죽산면,6810
1610,경기도,안성시,삼죽면,3607
1611,경기도,안성시,고삼면,1946
1612,경기도,안성시,안성1동,12398
1613,경기도,안성시,안성2동,24178
1614,경기도,안성시,안성3동,22464
1615,경기도,김포시,통진읍,26865
1616,경기도,김포시,고촌읍,46957
1617,경기도,김포시,양촌읍,28968
1618,경기도,김포시,대곶면,9771
1619,경기도,김포시,월곶면,5493
1620,경기도,김포시,하성면,8162
1621,경기도,김포시,김포본동,61913
1622,경기도,김포시,장기본동,39134
1623,경기도,김포시,사우동,22798
1624,경기도,김포시,풍무동,62176
1625,경기도,김포시,장기동,41217
1626,경기도,김포시,구래동,42792
1627,경기도,김포시,마산동,34364
1628,경기도,김포시,운양동,49665
1629,경기도,화성시,봉담읍,81903
1630,경기도,화성시,우정읍,17378
1631,경기도,화성시,향남읍,86960
1632,경기도,화성시,남양읍,42026
1633,경기도,화성시,매송면,7085
1634,경기도,화성시,비봉면,5830
1635,경기도,화성시,마도면,6952
1636,경기도,화성시,송산면,10901
1637,경기도,화성시,서신면,7108
1638,경기도,화성시,팔탄면,9943
1639,경기도,화성시,장안면,10268
1640,경기도,화성시,양감면,3972
1641,경기도,화성시,정남면,11432
1642,경기도,화성시,새솔동,21790
1643,경기도,화성시,진안동,43916
1644,경기도,화성시,병점1동,28987
1645,경기도,화성시,병점2동,24402
1646,경기도,화성시,반월동,32392
1647,경기도,화성시,기배동,13626
1648,경기도,화성시,화산동,23269
1649,경기도,화성시,동탄1동,51406
1650,경기도,화성시,동탄2동,35650
1651,경기도,화성시,동탄3동,42182
1652,경기도,화성시,동탄4동,53078
1653,경기도,화성시,동탄5동,43156
1654,경기도,화성시,동탄6동,32264
1655,경기도,화성시,동탄7동,84662
1656,경기도,화성시,동탄8동,28327
1657,경기도,광주시,오포읍,112596
1658,경기도,광주시,초월읍,46282
1659,경기도,광주시,곤지암읍,23088
1660,경기도,광주시,도척면,9444
1661,경기도,광주시,퇴촌면,15302
1662,경기도,광주시,남종면,1505
1663,경기도,광주시,남한산성면,2580
1664,경기도,광주시,경안동,24948
1665,경기도,광주시,송정동,22109
1666,경기도,광주시,쌍령동,18401
1667,경기도,광주시,탄벌동,39161
1668,경기도,광주시,광남1동,33495
1669,경기도,광주시,광남2동,34141
1670,경기도,양주시,백석읍,26270
1671,경기도,양주시,은현면,5883
1672,경기도,양주시,남면,6880
1673,경기도,양주시,광적면,11884
1674,경기도,양주시,장흥면,10416
1675,경기도,양주시,양주1동,5312
1676,경기도,양주시,양주2동,49984
1677,경기도,양주시,회천1동,9710
1678,경기도,양주시,회천2동,27083
1679,경기도,양주시,회천3동,27408
1680,경기도,양주시,회천4동,53351
1681,경기도,포천시,소흘읍,44375
1682,경기도,포천시,군내면,8634
1683,경기도,포천시,내촌면,4586
1684,경기도,포천시,가산면,7639
1685,경기도,포천시,신북면,12398
1686,경기도,포천시,창수면,2148
1687,경기도,포천시,영중면,4817
1688,경기도,포천시,일동면,9360
1689,경기도,포천시,이동면,6255
1690,경기도,포천시,영북면,8234
1691,경기도,포천시,관인면,2773
1692,경기도,포천시,화현면,2756
1693,경기도,포천시,포천동,18632
1694,경기도,포천시,선단동,14407
1695,경기도,여주시,가남읍,15507
1696,경기도,여주시,점동면,4664
1697,경기도,여주시,흥천면,5100
1698,경기도,여주시,금사면,2987
1699,경기도,여주시,능서면,6349
1700,경기도,여주시,대신면,6969
1701,경기도,여주시,북내면,4904
1702,경기도,여주시,강천면,4195
1703,경기도,여주시,산북면,2517
1704,경기도,여주시,여흥동,21736
1705,경기도,여주시,중앙동,18517
1706,경기도,여주시,오학동,18458
1707,경기도,연천군,연천읍,7827
1708,경기도,연천군,전곡읍,19153
1709,경기도,연천군,군남면,3167
1710,경기도,연천군,청산면,3862
1711,경기도,연천군,백학면,2615
1712,경기도,연천군,미산면,1770
1713,경기도,연천군,왕징면,1015
1714,경기도,연천군,신서면,2728
1715,경기도,연천군,중면,197
1716,경기도,연천군,장남면,729
1717,경기도,가평군,가평읍,19420
1718,경기도,가평군,설악면,9583
1719,경기도,가평군,청평면,13956
1720,경기도,가평군,상면,5566
1721,경기도,가평군,조종면,9639
1722,경기도,가평군,북면,3885
1723,경기도,양평군,양평읍,30731
1724,경기도,양평군,강상면,10478
1725,경기도,양평군,강하면,4773
1726,경기도,양평군,양서면,13633
1727,경기도,양평군,옥천면,7990
1728,경기도,양평군,서종면,9746
1729,경기도,양평군,단월면,3861
1730,경기도,양평군,청운면,3759
1731,경기도,양평군,양동면,4584
1732,경기도,양평군,지평면,6819
1733,경기도,양평군,용문면,17717
1734,경기도,양평군,개군면,5169
1735,강원도,춘천시,신북읍,7631
1736,강원도,춘천시,동면,19728
1737,강원도,춘천시,동산면,1464
1738,강원도,춘천시,신동면,2562
1739,강원도,춘천시,남면,1072
1740,강원도,춘천시,서면,3786
1741,강원도,춘천시,사북면,2531
1742,강원도,춘천시,북산면,944
1743,강원도,춘천시,동내면,17307
1744,강원도,춘천시,남산면,3470
1745,강원도,춘천시,교동,3579
1746,강원도,춘천시,조운동,2770
1747,강원도,춘천시,약사명동,2185
1748,강원도,춘천시,근화동,8662
1749,강원도,춘천시,소양동,9494
1750,강원도,춘천시,후평1동,11790
1751,강원도,춘천시,후평2동,14918
1752,강원도,춘천시,후평3동,21211
1753,강원도,춘천시,효자1동,4516
1754,강원도,춘천시,효자2동,11922
1755,강원도,춘천시,효자3동,4467
1756,강원도,춘천시,석사동,35201
1757,강원도,춘천시,퇴계동,49676
1758,강원도,춘천시,강남동,19099
1759,강원도,춘천시,신사우동,22343
1760,강원도,원주시,문막읍,17645
1761,강원도,원주시,소초면,8507
1762,강원도,원주시,호저면,3695
1763,강원도,원주시,지정면,28363
1764,강원도,원주시,부론면,2251
1765,강원도,원주시,귀래면,2178
1766,강원도,원주시,흥업면,8596
1767,강원도,원주시,판부면,7248
1768,강원도,원주시,신림면,3547
1769,강원도,원주시,중앙동,2673
1770,강원도,원주시,원인동,5099
1771,강원도,원주시,개운동,12711
1772,강원도,원주시,명륜1동,8538
1773,강원도,원주시,명륜2동,15500
1774,강원도,원주시,단구동,44272
1775,강원도,원주시,일산동,8588
1776,강원도,원주시,학성동,4735
1777,강원도,원주시,단계동,28831
1778,강원도,원주시,우산동,13556
1779,강원도,원주시,태장1동,10106
1780,강원도,원주시,태장2동,24853
1781,강원도,원주시,봉산동,8099
1782,강원도,원주시,행구동,7694
1783,강원도,원주시,무실동,32811
1784,강원도,원주시,반곡관설동,44341
1785,강원도,강릉시,주문진읍,16408
1786,강원도,강릉시,성산면,3426
1787,강원도,강릉시,왕산면,1594
1788,강원도,강릉시,구정면,4153
1789,강원도,강릉시,강동면,4245
1790,강원도,강릉시,옥계면,3541
1791,강원도,강릉시,사천면,4611
1792,강원도,강릉시,연곡면,6559
1793,강원도,강릉시,홍제동,15417
1794,강원도,강릉시,중앙동,5008
1795,강원도,강릉시,옥천동,3380
1796,강원도,강릉시,교1동,26189
1797,강원도,강릉시,교2동,7871
1798,강원도,강릉시,포남1동,10389
1799,강원도,강릉시,포남2동,13014
1800,강원도,강릉시,초당동,4819
1801,강원도,강릉시,송정동,10103
1802,강원도,강릉시,내곡동,16623
1803,강원도,강릉시,강남동,18056
1804,강원도,강릉시,성덕동,28569
1805,강원도,강릉시,경포동,8934
1806,강원도,동해시,천곡동,30673
1807,강원도,동해시,송정동,3944
1808,강원도,동해시,북삼동,19118
1809,강원도,동해시,부곡동,5085
1810,강원도,동해시,동호동,5126
1811,강원도,동해시,발한동,3466
1812,강원도,동해시,묵호동,3170
1813,강원도,동해시,북평동,12867
1814,강원도,동해시,망상동,3549
1815,강원도,동해시,삼화동,2924
1816,강원도,태백시,황지동,6336
1817,강원도,태백시,황연동,4444
1818,강원도,태백시,삼수동,5980
1819,강원도,태백시,상장동,13417
1820,강원도,태백시,문곡소도동,3889
1821,강원도,태백시,장성동,3514
1822,강원도,태백시,구문소동,2601
1823,강원도,태백시,철암동,2068
1824,강원도,속초시,영랑동,4451
1825,강원도,속초시,동명동,3739
1826,강원도,속초시,금호동,6105
1827,강원도,속초시,교동,9647
1828,강원도,속초시,노학동,21314
1829,강원도,속초시,조양동,29404
1830,강원도,속초시,청호동,4432
1831,강원도,속초시,대포동,3121
1832,강원도,삼척시,도계읍,9668
1833,강원도,삼척시,원덕읍,3304
1834,강원도,삼척시,원덕읍임원출장소,1720
1835,강원도,삼척시,근덕면,5128
1836,강원도,삼척시,하장면,1306
1837,강원도,삼척시,노곡면,714
1838,강원도,삼척시,미로면,1843
1839,강원도,삼척시,가곡면,678
1840,강원도,삼척시,신기면,668
1841,강원도,삼척시,남양동,7648
1842,강원도,삼척시,교동,14563
1843,강원도,삼척시,정라동,9059
1844,강원도,삼척시,성내동,8094
1845,강원도,홍천군,홍천읍,34486
1846,강원도,홍천군,화촌면,4623
1847,강원도,홍천군,두촌면,2413
1848,강원도,홍천군,내촌면,2374
1849,강원도,홍천군,서석면,3729
1850,강원도,홍천군,동면,4001
1851,강원도,홍천군,남면,6247
1852,강원도,홍천군,서면,3788
1853,강원도,홍천군,북방면,3882
1854,강원도,홍천군,내면,3208
1855,강원도,횡성군,횡성읍,20663
1856,강원도,횡성군,우천면,4520
1857,강원도,횡성군,안흥면,3172
1858,강원도,횡성군,둔내면,5885
1859,강원도,횡성군,갑천면,2395
1860,강원도,횡성군,청일면,2386
1861,강원도,횡성군,공근면,3505
1862,강원도,횡성군,서원면,2128
1863,강원도,횡성군,강림면,1745
1864,강원도,영월군,영월읍,21028
1865,강원도,영월군,상동읍,1075
1866,강원도,영월군,중동면,1455
1867,강원도,영월군,김삿갓면,1720
1868,강원도,영월군,북면,2133
1869,강원도,영월군,남면,2259
1870,강원도,영월군,한반도면,1233
1871,강원도,영월군,한반도면쌍용출장소,1737
1872,강원도,영월군,주천면,3786
1873,강원도,영월군,무릉도원면,2032
1874,강원도,평창군,평창읍,8473
1875,강원도,평창군,미탄면,1639
1876,강원도,평창군,방림면,880
1877,강원도,평창군,방림면계촌출장소,1658
1878,강원도,평창군,대화면,5232
1879,강원도,평창군,봉평면,5720
1880,강원도,평창군,용평면,3080
1881,강원도,평창군,진부면,8619
1882,강원도,평창군,대관령면,5911
1883,강원도,정선군,정선읍,10576
1884,강원도,정선군,고한읍,4453
1885,강원도,정선군,사북읍,4721
1886,강원도,정선군,신동읍,1828
1887,강원도,정선군,신동읍함백출장소,1582
1888,강원도,정선군,남면,3232
1889,강원도,정선군,북평면,2516
1890,강원도,정선군,임계면,3498
1891,강원도,정선군,화암면,1656
1892,강원도,정선군,여량면,1997
1893,강원도,철원군,철원읍,5360
1894,강원도,철원군,김화읍,3523
1895,강원도,철원군,갈말읍,11989
1896,강원도,철원군,동송읍,15282
1897,강원도,철원군,서면,1928
1898,강원도,철원군,서면와수출장소,3749
1899,강원도,철원군,근남면,2233
1900,강원도,철원군,근북면,107
1901,강원도,화천군,화천읍,8349
1902,강원도,화천군,간동면,2686
1903,강원도,화천군,하남면,2854
1904,강원도,화천군,상서면,4225
1905,강원도,화천군,사내면,6392
1906,강원도,양구군,양구읍,14043
1907,강원도,양구군,국토정중앙면,3382
1908,강원도,양구군,동면,2102
1909,강원도,양구군,방산면,1327
1910,강원도,양구군,해안면,1318
1911,강원도,인제군,인제읍,9878
1912,강원도,인제군,인제읍귀둔출장소,522
1913,강원도,인제군,남면,3890
1914,강원도,인제군,북면,8153
1915,강원도,인제군,기린면,4972
1916,강원도,인제군,서화면,2578
1917,강원도,인제군,상남면,1528
1918,강원도,고성군,간성읍,6895
1919,강원도,고성군,거진읍,6204
1920,강원도,고성군,현내면,2377
1921,강원도,고성군,죽왕면,3698
1922,강원도,고성군,토성면,7569
1923,강원도,양양군,양양읍,12632
1924,강원도,양양군,서면,2864
1925,강원도,양양군,손양면,2310
1926,강원도,양양군,현북면,2570
1927,강원도,양양군,현남면,3009
1928,강원도,양양군,강현면,4571
1929,충청북도,청주시 상당구,낭성면,2241
1930,충청북도,청주시 상당구,미원면,4926
1931,충청북도,청주시 상당구,가덕면,3890
1932,충청북도,청주시 상당구,남일면,6769
1933,충청북도,청주시 상당구,문의면,3970
1934,충청북도,청주시 상당구,중앙동,6819
1935,충청북도,청주시 상당구,성안동,6836
1936,충청북도,청주시 상당구,탑대성동,8751
1937,충청북도,청주시 상당구,영운동,10599
1938,충청북도,청주시 상당구,금천동,30873
1939,충청북도,청주시 상당구,용담.명암.산성동,13523
1940,충청북도,청주시 상당구,용암1동,54291
1941,충청북도,청주시 상당구,용암2동,39812
1942,충청북도,청주시 서원구,남이면,10107
1943,충청북도,청주시 서원구,현도면,3293
1944,충청북도,청주시 서원구,사직1동,7612
1945,충청북도,청주시 서원구,사직2동,14256
1946,충청북도,청주시 서원구,사창동,14740
1947,충청북도,청주시 서원구,모충동,14497
1948,충청북도,청주시 서원구,산남동,26596
1949,충청북도,청주시 서원구,분평동,30600
1950,충청북도,청주시 서원구,수곡1동,13506
1951,충청북도,청주시 서원구,수곡2동,13505
1952,충청북도,청주시 서원구,성화.개신.죽림동,44092
1953,충청북도,청주시 흥덕구,오송읍,23796
1954,충청북도,청주시 흥덕구,강내면,10736
1955,충청북도,청주시 흥덕구,옥산면,18000
1956,충청북도,청주시 흥덕구,운천.신봉동,16975
1957,충청북도,청주시 흥덕구,복대1동,51172
1958,충청북도,청주시 흥덕구,복대2동,16012
1959,충청북도,청주시 흥덕구,가경동,53248
1960,충청북도,청주시 흥덕구,봉명1동,9757
1961,충청북도,청주시 흥덕구,봉명2.송정동,24202
1962,충청북도,청주시 흥덕구,강서1동,28360
1963,충청북도,청주시 흥덕구,강서2동,13313
1964,충청북도,청주시 청원구,내수읍,19290
1965,충청북도,청주시 청원구,오창읍,69604
1966,충청북도,청주시 청원구,북이면,4612
1967,충청북도,청주시 청원구,우암동,12176
1968,충청북도,청주시 청원구,내덕1동,8526
1969,충청북도,청주시 청원구,내덕2동,13401
1970,충청북도,청주시 청원구,율량.사천동,47505
1971,충청북도,청주시 청원구,오근장동,18236
1972,충청북도,충주시,주덕읍,4818
1973,충청북도,충주시,살미면,2018
1974,충청북도,충주시,수안보면,2948
1975,충청북도,충주시,대소원면,8817
1976,충청북도,충주시,신니면,2971
1977,충청북도,충주시,노은면,2287
1978,충청북도,충주시,앙성면,3910
1979,충청북도,충주시,중앙탑면,13397
1980,충청북도,충주시,금가면,3798
1981,충청북도,충주시,동량면,3649
1982,충청북도,충주시,산척면,2259
1983,충청북도,충주시,엄정면,3198
1984,충청북도,충주시,소태면,1949
1985,충청북도,충주시,성내.충인동,2657
1986,충청북도,충주시,교현.안림동,23591
1987,충청북도,충주시,교현2동,6999
1988,충청북도,충주시,용산동,15388
1989,충청북도,충주시,지현동,5233
1990,충청북도,충주시,문화동,9525
1991,충청북도,충주시,호암.직동,18378
1992,충청북도,충주시,달천동,3730
1993,충청북도,충주시,봉방동,9322
1994,충청북도,충주시,칠금.금릉동,14516
1995,충청북도,충주시,연수동,37441
1996,충청북도,충주시,목행.용탄동,6644
1997,충청북도,제천시,봉양읍,6738
1998,충청북도,제천시,금성면,1928
1999,충청북도,제천시,청풍면,1275
2000,충청북도,제천시,수산면,2023
2001,충청북도,제천시,덕산면,2202
2002,충청북도,제천시,한수면,711
2003,충청북도,제천시,백운면,3253
2004,충청북도,제천시,송학면,4607
2005,충청북도,제천시,교동,18749
2006,충청북도,제천시,의림지동,9968
2007,충청북도,제천시,중앙동,5873
2008,충청북도,제천시,남현동,4876
2009,충청북도,제천시,영서동,10295
2010,충청북도,제천시,용두동,17959
2011,충청북도,제천시,신백동,11154
2012,충청북도,제천시,청전동,15614
2013,충청북도,제천시,화산동,15317
2014,충청북도,보은군,보은읍,14874
2015,충청북도,보은군,속리산면,1895
2016,충청북도,보은군,장안면,1463
2017,충청북도,보은군,마로면,2186
2018,충청북도,보은군,탄부면,1646
2019,충청북도,보은군,삼승면,2273
2020,충청북도,보은군,수한면,1907
2021,충청북도,보은군,회남면,742
2022,충청북도,보은군,회인면,1750
2023,충청북도,보은군,내북면,1683
2024,충청북도,보은군,산외면,1787
2025,충청북도,옥천군,옥천읍,29020
2026,충청북도,옥천군,동이면,3212
2027,충청북도,옥천군,안남면,1409
2028,충청북도,옥천군,안내면,1910
2029,충청북도,옥천군,청성면,2351
2030,충청북도,옥천군,청산면,2998
2031,충청북도,옥천군,이원면,4181
2032,충청북도,옥천군,군서면,2253
2033,충청북도,옥천군,군북면,3003
2034,충청북도,영동군,영동읍,20471
2035,충청북도,영동군,용산면,3254
2036,충청북도,영동군,황간면,4318
2037,충청북도,영동군,추풍령면,2253
2038,충청북도,영동군,매곡면,1911
2039,충청북도,영동군,상촌면,2353
2040,충청북도,영동군,양강면,3173
2041,충청북도,영동군,용화면,989
2042,충청북도,영동군,학산면,2799
2043,충청북도,영동군,양산면,1834
2044,충청북도,영동군,심천면,3222
2045,충청북도,증평군,증평읍,34678
2046,충청북도,증평군,도안면,1858
2047,충청북도,진천군,진천읍,29980
2048,충청북도,진천군,덕산읍,28907
2049,충청북도,진천군,덕산읍혁신도시출장소,0
2050,충청북도,진천군,초평면,3194
2051,충청북도,진천군,문백면,3483
2052,충청북도,진천군,백곡면,2079
2053,충청북도,진천군,이월면,6063
2054,충청북도,진천군,광혜원면,10412
2055,충청북도,괴산군,괴산읍,9881
2056,충청북도,괴산군,감물면,2125
2057,충청북도,괴산군,장연면,1933
2058,충청북도,괴산군,연풍면,2328
2059,충청북도,괴산군,칠성면,3118
2060,충청북도,괴산군,문광면,2169
2061,충청북도,괴산군,청천면,5120
2062,충청북도,괴산군,청안면,3415
2063,충청북도,괴산군,사리면,2766
2064,충청북도,괴산군,소수면,2066
2065,충청북도,괴산군,불정면,2767
2066,충청북도,음성군,음성읍,16799
2067,충청북도,음성군,금왕읍,19698
2068,충청북도,음성군,소이면,2875
2069,충청북도,음성군,원남면,3015
2070,충청북도,음성군,맹동면,13050
2071,충청북도,음성군,대소면,15645
2072,충청북도,음성군,삼성면,6882
2073,충청북도,음성군,생극면,4494
2074,충청북도,음성군,감곡면,9949
2075,충청북도,단양군,단양읍,10518
2076,충청북도,단양군,매포읍,5340
2077,충청북도,단양군,대강면,2472
2078,충청북도,단양군,가곡면,2071
2079,충청북도,단양군,영춘면,3262
2080,충청북도,단양군,어상천면,1919
2081,충청북도,단양군,적성면,1529
2082,충청북도,단양군,단성면,1724
2083,충청남도,천안시 동남구,목천읍,24296
2084,충청남도,천안시 동남구,풍세면,4128
2085,충청남도,천안시 동남구,광덕면,4314
2086,충청남도,천안시 동남구,북면,4333
2087,충청남도,천안시 동남구,성남면,3201
2088,충청남도,천안시 동남구,수신면,2298
2089,충청남도,천안시 동남구,병천면,6041
2090,충청남도,천안시 동남구,동면,2113
2091,충청남도,천안시 동남구,중앙동,5472
2092,충청남도,천안시 동남구,문성동,3729
2093,충청남도,천안시 동남구,원성1동,8733
2094,충청남도,천안시 동남구,원성2동,9357
2095,충청남도,천안시 동남구,봉명동,18135
2096,충청남도,천안시 동남구,일봉동,23516
2097,충청남도,천안시 동남구,신방동,44940
2098,충청남도,천안시 동남구,청룡동,55618
2099,충청남도,천안시 동남구,신안동,36707
2100,충청남도,천안시 서북구,성환읍,24144
2101,충청남도,천안시 서북구,성거읍,21770
2102,충청남도,천안시 서북구,직산읍,19866
2103,충청남도,천안시 서북구,입장면,8484
2104,충청남도,천안시 서북구,성정1동,15931
2105,충청남도,천안시 서북구,성정2동,25782
2106,충청남도,천안시 서북구,쌍용1동,14012
2107,충청남도,천안시 서북구,쌍용2동,37680
2108,충청남도,천안시 서북구,쌍용3동,18956
2109,충청남도,천안시 서북구,백석동,40630
2110,충청남도,천안시 서북구,불당동,69895
2111,충청남도,천안시 서북구,부성1동,46471
2112,충청남도,천안시 서북구,부성2동,56997
2113,충청남도,공주시,유구읍,7353
2114,충청남도,공주시,이인면,3241
2115,충청남도,공주시,탄천면,2974
2116,충청남도,공주시,계룡면,5486
2117,충청남도,공주시,반포면,4237
2118,충청남도,공주시,의당면,4670
2119,충청남도,공주시,정안면,4628
2120,충청남도,공주시,우성면,5220
2121,충청남도,공주시,사곡면,2913
2122,충청남도,공주시,신풍면,3208
2123,충청남도,공주시,중학동,4573
2124,충청남도,공주시,웅진동,8219
2125,충청남도,공주시,금학동,5397
2126,충청남도,공주시,옥룡동,7973
2127,충청남도,공주시,신관동,19358
2128,충청남도,공주시,월송동,14389
2129,충청남도,보령시,웅천읍,6113
2130,충청남도,보령시,주포면,1671
2131,충청남도,보령시,오천면,2177
2132,충청남도,보령시,오천면어항출장소,1638
2133,충청남도,보령시,원산도출장소,1107
2134,충청남도,보령시,천북면,3488
2135,충청남도,보령시,청소면,2611
2136,충청남도,보령시,청라면,3896
2137,충청남도,보령시,남포면,5128
2138,충청남도,보령시,주산면,2431
2139,충청남도,보령시,미산면,1710
2140,충청남도,보령시,성주면,2216
2141,충청남도,보령시,주교면,5267
2142,충청남도,보령시,대천1동,14280
2143,충청남도,보령시,대천2동,6856
2144,충청남도,보령시,대천3동,16474
2145,충청남도,보령시,대천4동,15782
2146,충청남도,보령시,대천5동,6389
2147,충청남도,아산시,염치읍,6511
2148,충청남도,아산시,배방읍,76844
2149,충청남도,아산시,송악면,4236
2150,충청남도,아산시,탕정면,21987
2151,충청남도,아산시,음봉면,20240
2152,충청남도,아산시,둔포면,21879
2153,충청남도,아산시,영인면,5498
2154,충청남도,아산시,인주면,6497
2155,충청남도,아산시,선장면,3082
2156,충청남도,아산시,도고면,4443
2157,충청남도,아산시,신창면,19953
2158,충청남도,아산시,온양1동,9456
2159,충청남도,아산시,온양2동,10818
2160,충청남도,아산시,온양3동,36856
2161,충청남도,아산시,온양4동,18782
2162,충청남도,아산시,온양5동,21658
2163,충청남도,아산시,온양6동,29193
2164,충청남도,서산시,대산읍,13713
2165,충청남도,서산시,인지면,7344
2166,충청남도,서산시,부석면,5339
2167,충청남도,서산시,팔봉면,3341
2168,충청남도,서산시,지곡면,8166
2169,충청남도,서산시,성연면,15443
2170,충청남도,서산시,음암면,9415
2171,충청남도,서산시,운산면,5058
2172,충청남도,서산시,해미면,7325
2173,충청남도,서산시,고북면,6191
2174,충청남도,서산시,부춘동,19268
2175,충청남도,서산시,동문1동,18773
2176,충청남도,서산시,동문2동,8819
2177,충청남도,서산시,수석동,15997
2178,충청남도,서산시,석남동,31458
2179,충청남도,논산시,강경읍,8138
2180,충청남도,논산시,연무읍,13453
2181,충청남도,논산시,성동면,4125
2182,충청남도,논산시,광석면,4231
2183,충청남도,논산시,노성면,2997
2184,충청남도,논산시,상월면,3571
2185,충청남도,논산시,부적면,3534
2186,충청남도,논산시,연산면,6038
2187,충청남도,논산시,벌곡면,2419
2188,충청남도,논산시,양촌면,6253
2189,충청남도,논산시,가야곡면,3378
2190,충청남도,논산시,은진면,3967
2191,충청남도,논산시,채운면,2248
2192,충청남도,논산시,취암동,34959
2193,충청남도,논산시,부창동,16262
2194,충청남도,계룡시,두마면,7240
2195,충청남도,계룡시,엄사면,18546
2196,충청남도,계룡시,신도안면,8737
2197,충청남도,계룡시,금암동,8659
2198,충청남도,당진시,합덕읍,8955
2199,충청남도,당진시,송악읍,30006
2200,충청남도,당진시,고대면,5391
2201,충청남도,당진시,석문면,9727
2202,충청남도,당진시,대호지면,2409
2203,충청남도,당진시,정미면,3657
2204,충청남도,당진시,면천면,3533
2205,충청남도,당진시,순성면,5038
2206,충청남도,당진시,우강면,5136
2207,충청남도,당진시,신평면,15590
2208,충청남도,당진시,송산면,11740
2209,충청남도,당진시,당진1동,24611
2210,충청남도,당진시,당진2동,22287
2211,충청남도,당진시,당진3동,18106
2212,충청남도,금산군,금산읍,22593
2213,충청남도,금산군,금성면,3299
2214,충청남도,금산군,제원면,2794
2215,충청남도,금산군,부리면,2457
2216,충청남도,금산군,군북면,2523
2217,충청남도,금산군,남일면,2880
2218,충청남도,금산군,남이면,2130
2219,충청남도,금산군,진산면,3217
2220,충청남도,금산군,복수면,3032
2221,충청남도,금산군,추부면,6028
2222,충청남도,부여군,부여읍,19997
2223,충청남도,부여군,규암면,11955
2224,충청남도,부여군,은산면,3703
2225,충청남도,부여군,외산면,2371
2226,충청남도,부여군,내산면,1555
2227,충청남도,부여군,구룡면,2353
2228,충청남도,부여군,홍산면,2856
2229,충청남도,부여군,옥산면,1417
2230,충청남도,부여군,남면,1837
2231,충청남도,부여군,충화면,1147
2232,충청남도,부여군,양화면,1681
2233,충청남도,부여군,임천면,2883
2234,충청남도,부여군,장암면,2743
2235,충청남도,부여군,세도면,3134
2236,충청남도,부여군,석성면,2870
2237,충청남도,부여군,초촌면,2124
2238,충청남도,서천군,장항읍,11077
2239,충청남도,서천군,서천읍,13550
2240,충청남도,서천군,마서면,4885
2241,충청남도,서천군,화양면,2262
2242,충청남도,서천군,기산면,1653
2243,충청남도,서천군,한산면,2497
2244,충청남도,서천군,마산면,1480
2245,충청남도,서천군,시초면,1279
2246,충청남도,서천군,문산면,1253
2247,충청남도,서천군,판교면,2132
2248,충청남도,서천군,종천면,2029
2249,충청남도,서천군,비인면,2890
2250,충청남도,서천군,서면,4374
2251,충청남도,청양군,청양읍,9974
2252,충청남도,청양군,운곡면,2138
2253,충청남도,청양군,대치면,2232
2254,충청남도,청양군,정산면,3541
2255,충청남도,청양군,목면,1516
2256,충청남도,청양군,청남면,1903
2257,충청남도,청양군,장평면,2297
2258,충청남도,청양군,남양면,2737
2259,충청남도,청양군,화성면,2189
2260,충청남도,청양군,비봉면,2098
2261,충청남도,홍성군,홍성읍,38034
2262,충청남도,홍성군,광천읍,8459
2263,충청남도,홍성군,홍북읍,28807
2264,충청남도,홍성군,금마면,3502
2265,충청남도,홍성군,홍동면,3434
2266,충청남도,홍성군,장곡면,2915
2267,충청남도,홍성군,은하면,2279
2268,충청남도,홍성군,결성면,2088
2269,충청남도,홍성군,서부면,3243
2270,충청남도,홍성군,갈산면,3537
2271,충청남도,홍성군,구항면,3458
2272,충청남도,예산군,예산읍,33113
2273,충청남도,예산군,삽교읍,10021
2274,충청남도,예산군,대술면,2437
2275,충청남도,예산군,신양면,3036
2276,충청남도,예산군,광시면,3155
2277,충청남도,예산군,대흥면,1766
2278,충청남도,예산군,응봉면,2525
2279,충청남도,예산군,덕산면,6678
2280,충청남도,예산군,봉산면,2495
2281,충청남도,예산군,고덕면,4500
2282,충청남도,예산군,신암면,3493
2283,충청남도,예산군,오가면,4366
2284,충청남도,태안군,태안읍,29321
2285,충청남도,태안군,안면읍,8516
2286,충청남도,태안군,고남면,2372
2287,충청남도,태안군,남면,4276
2288,충청남도,태안군,근흥면,5348
2289,충청남도,태안군,소원면,5338
2290,충청남도,태안군,원북면,4332
2291,충청남도,태안군,이원면,2268
2292,전라북도,전주시 완산구,중앙동,7525
2293,전라북도,전주시 완산구,풍남동,4139
2294,전라북도,전주시 완산구,노송동,12382
2295,전라북도,전주시 완산구,완산동,4852
2296,전라북도,전주시 완산구,동서학동,6360
2297,전라북도,전주시 완산구,서서학동,8681
2298,전라북도,전주시 완산구,중화산1동,14613
2299,전라북도,전주시 완산구,중화산2동,19623
2300,전라북도,전주시 완산구,서신동,41345
2301,전라북도,전주시 완산구,평화1동,12892
2302,전라북도,전주시 완산구,평화2동,46230
2303,전라북도,전주시 완산구,삼천1동,11649
2304,전라북도,전주시 완산구,삼천2동,13493
2305,전라북도,전주시 완산구,삼천3동,22165
2306,전라북도,전주시 완산구,효자1동,10991
2307,전라북도,전주시 완산구,효자2동,10220
2308,전라북도,전주시 완산구,효자3동,14830
2309,전라북도,전주시 완산구,효자4동,39707
2310,전라북도,전주시 완산구,효자5동,36666
2311,전라북도,전주시 덕진구,진북동,14257
2312,전라북도,전주시 덕진구,인후1동,18484
2313,전라북도,전주시 덕진구,인후2동,11341
2314,전라북도,전주시 덕진구,인후3동,32137
2315,전라북도,전주시 덕진구,덕진동,20388
2316,전라북도,전주시 덕진구,금암1동,7685
2317,전라북도,전주시 덕진구,금암2동,9900
2318,전라북도,전주시 덕진구,팔복동,7640
2319,전라북도,전주시 덕진구,우아1동,10059
2320,전라북도,전주시 덕진구,우아2동,14560
2321,전라북도,전주시 덕진구,호성동,20347
2322,전라북도,전주시 덕진구,송천1동,62272
2323,전라북도,전주시 덕진구,송천2동,26529
2324,전라북도,전주시 덕진구,조촌동,12555
2325,전라북도,전주시 덕진구,여의동,30611
2326,전라북도,전주시 덕진구,혁신동,19936
2327,전라북도,군산시,옥구읍,3163
2328,전라북도,군산시,옥산면,4753
2329,전라북도,군산시,회현면,3423
2330,전라북도,군산시,임피면,2668
2331,전라북도,군산시,서수면,2551
2332,전라북도,군산시,대야면,4982
2333,전라북도,군산시,개정면,2968
2334,전라북도,군산시,성산면,2886
2335,전라북도,군산시,나포면,2213
2336,전라북도,군산시,옥도면,3395
2337,전라북도,군산시,옥서면,2993
2338,전라북도,군산시,해신동,2374
2339,전라북도,군산시,월명동,5422
2340,전라북도,군산시,신풍동,7132
2341,전라북도,군산시,삼학동,5643
2342,전라북도,군산시,중앙동,4449
2343,전라북도,군산시,흥남동,12769
2344,전라북도,군산시,조촌동,22274
2345,전라북도,군산시,경암동,7470
2346,전라북도,군산시,구암동,7984
2347,전라북도,군산시,개정동,2858
2348,전라북도,군산시,수송동,55474
2349,전라북도,군산시,나운1동,12595
2350,전라북도,군산시,나운2동,23643
2351,전라북도,군산시,나운3동,32179
2352,전라북도,군산시,소룡동,16824
2353,전라북도,군산시,미성동,11874
2354,전라북도,익산시,함열읍,6906
2355,전라북도,익산시,오산면,7827
2356,전라북도,익산시,황등면,7137
2357,전라북도,익산시,함라면,2302
2358,전라북도,익산시,웅포면,1568
2359,전라북도,익산시,성당면,1930
2360,전라북도,익산시,용안면,2653
2361,전라북도,익산시,낭산면,3090
2362,전라북도,익산시,망성면,2987
2363,전라북도,익산시,여산면,3322
2364,전라북도,익산시,금마면,5287
2365,전라북도,익산시,왕궁면,4374
2366,전라북도,익산시,춘포면,4556
2367,전라북도,익산시,삼기면,2601
2368,전라북도,익산시,용동면,1584
2369,전라북도,익산시,중앙동,3421
2370,전라북도,익산시,평화동,4809
2371,전라북도,익산시,인화동,7037
2372,전라북도,익산시,동산동,22614
2373,전라북도,익산시,마동,9393
2374,전라북도,익산시,남중동,11636
2375,전라북도,익산시,모현동,38233
2376,전라북도,익산시,송학동,8538
2377,전라북도,익산시,영등1동,23183
2378,전라북도,익산시,영등2동,14371
2379,전라북도,익산시,어양동,25287
2380,전라북도,익산시,신동,15668
2381,전라북도,익산시,팔봉동,6714
2382,전라북도,익산시,삼성동,31557
2383,전라북도,정읍시,신태인읍,5440
2384,전라북도,정읍시,북면,4264
2385,전라북도,정읍시,입암면,2850
2386,전라북도,정읍시,소성면,2068
2387,전라북도,정읍시,고부면,2786
2388,전라북도,정읍시,영원면,1785
2389,전라북도,정읍시,덕천면,1788
2390,전라북도,정읍시,이평면,2090
2391,전라북도,정읍시,정우면,2592
2392,전라북도,정읍시,태인면,3418
2393,전라북도,정읍시,감곡면,2783
2394,전라북도,정읍시,옹동면,1672
2395,전라북도,정읍시,칠보면,2318
2396,전라북도,정읍시,산내면,1230
2397,전라북도,정읍시,산외면,2095
2398,전라북도,정읍시,수성동,17387
2399,전라북도,정읍시,장명동,2971
2400,전라북도,정읍시,내장상동,20509
2401,전라북도,정읍시,시기동,3307
2402,전라북도,정읍시,초산동,10334
2403,전라북도,정읍시,연지동,5986
2404,전라북도,정읍시,농소동,4120
2405,전라북도,정읍시,상교동,3917
2406,전라북도,남원시,운봉읍,3834
2407,전라북도,남원시,주천면,2622
2408,전라북도,남원시,수지면,1130
2409,전라북도,남원시,송동면,2041
2410,전라북도,남원시,주생면,1834
2411,전라북도,남원시,금지면,2312
2412,전라북도,남원시,대강면,1609
2413,전라북도,남원시,대산면,1669
2414,전라북도,남원시,사매면,1494
2415,전라북도,남원시,덕과면,955
2416,전라북도,남원시,보절면,1511
2417,전라북도,남원시,산동면,1861
2418,전라북도,남원시,이백면,2266
2419,전라북도,남원시,아영면,1882
2420,전라북도,남원시,산내면,2116
2421,전라북도,남원시,인월면,2718
2422,전라북도,남원시,동충동,3477
2423,전라북도,남원시,죽항동,3331
2424,전라북도,남원시,노암동,6187
2425,전라북도,남원시,금동,6713
2426,전라북도,남원시,왕정동,4153
2427,전라북도,남원시,향교동,7144
2428,전라북도,남원시,도통동,17368
2429,전라북도,김제시,만경읍,2650
2430,전라북도,김제시,죽산면,2488
2431,전라북도,김제시,백산면,2530
2432,전라북도,김제시,용지면,3575
2433,전라북도,김제시,백구면,3806
2434,전라북도,김제시,부량면,1323
2435,전라북도,김제시,공덕면,2536
2436,전라북도,김제시,청하면,1770
2437,전라북도,김제시,성덕면,1813
2438,전라북도,김제시,진봉면,2637
2439,전라북도,김제시,금구면,5017
2440,전라북도,김제시,봉남면,2232
2441,전라북도,김제시,황산면,1882
2442,전라북도,김제시,금산면,4600
2443,전라북도,김제시,광활면,1352
2444,전라북도,김제시,요촌동,11131
2445,전라북도,김제시,신풍동,12813
2446,전라북도,김제시,검산동,11385
2447,전라북도,김제시,교월동,6539
2448,전라북도,완주군,삼례읍,14296
2449,전라북도,완주군,봉동읍,25833
2450,전라북도,완주군,용진읍,7102
2451,전라북도,완주군,상관면,4386
2452,전라북도,완주군,이서면,14272
2453,전라북도,완주군,소양면,6132
2454,전라북도,완주군,구이면,5791
2455,전라북도,완주군,고산면,4701
2456,전라북도,완주군,비봉면,1890
2457,전라북도,완주군,운주면,1932
2458,전라북도,완주군,화산면,2733
2459,전라북도,완주군,동상면,1079
2460,전라북도,완주군,경천면,980
2461,전라북도,진안군,진안읍,10086
2462,전라북도,진안군,용담면,833
2463,전라북도,진안군,안천면,1085
2464,전라북도,진안군,동향면,1381
2465,전라북도,진안군,상전면,864
2466,전라북도,진안군,백운면,1970
2467,전라북도,진안군,성수면,1786
2468,전라북도,진안군,마령면,1846
2469,전라북도,진안군,부귀면,2838
2470,전라북도,진안군,정천면,1068
2471,전라북도,진안군,주천면,1495
2472,전라북도,무주군,무주읍,9438
2473,전라북도,무주군,무풍면,2233
2474,전라북도,무주군,설천면,4037
2475,전라북도,무주군,적상면,2579
2476,전라북도,무주군,안성면,4246
2477,전라북도,무주군,부남면,1407
2478,전라북도,장수군,장수읍,7365
2479,전라북도,장수군,산서면,2076
2480,전라북도,장수군,번암면,2303
2481,전라북도,장수군,장계면,4372
2482,전라북도,장수군,천천면,2100
2483,전라북도,장수군,계남면,2148
2484,전라북도,장수군,계북면,1582
2485,전라북도,임실군,임실읍,7356
2486,전라북도,임실군,청웅면,1291
2487,전라북도,임실군,운암면,1621
2488,전라북도,임실군,신평면,1438
2489,전라북도,임실군,성수면,1652
2490,전라북도,임실군,오수면,3672
2491,전라북도,임실군,신덕면,1318
2492,전라북도,임실군,삼계면,1518
2493,전라북도,임실군,관촌면,3296
2494,전라북도,임실군,강진면,1518
2495,전라북도,임실군,덕치면,1166
2496,전라북도,임실군,지사면,1198
2497,전라북도,순창군,순창읍,10200
2498,전라북도,순창군,인계면,1528
2499,전라북도,순창군,동계면,2004
2500,전라북도,순창군,풍산면,1720
2501,전라북도,순창군,금과면,1715
2502,전라북도,순창군,팔덕면,1415
2503,전라북도,순창군,쌍치면,1965
2504,전라북도,순창군,복흥면,2176
2505,전라북도,순창군,적성면,1295
2506,전라북도,순창군,유등면,1113
2507,전라북도,순창군,구림면,2343
2508,전라북도,고창군,고창읍,21219
2509,전라북도,고창군,고수면,2249
2510,전라북도,고창군,아산면,2636
2511,전라북도,고창군,무장면,2777
2512,전라북도,고창군,공음면,2527
2513,전라북도,고창군,상하면,2432
2514,전라북도,고창군,해리면,2783
2515,전라북도,고창군,성송면,1811
2516,전라북도,고창군,대산면,3310
2517,전라북도,고창군,심원면,2513
2518,전라북도,고창군,흥덕면,3129
2519,전라북도,고창군,성내면,1959
2520,전라북도,고창군,신림면,2238
2521,전라북도,고창군,부안면,2660
2522,전라북도,부안군,부안읍,20974
2523,전라북도,부안군,주산면,1919
2524,전라북도,부안군,동진면,2862
2525,전라북도,부안군,행안면,2203
2526,전라북도,부안군,계화면,3444
2527,전라북도,부안군,보안면,2450
2528,전라북도,부안군,변산면,4485
2529,전라북도,부안군,진서면,2295
2530,전라북도,부안군,백산면,2570
2531,전라북도,부안군,상서면,2222
2532,전라북도,부안군,하서면,2670
2533,전라북도,부안군,줄포면,2570
2534,전라북도,부안군,위도면,1136
2535,전라남도,목포시,용당1동,10601
2536,전라남도,목포시,용당2동,5146
2537,전라남도,목포시,연동,4771
2538,전라남도,목포시,산정동,8524
2539,전라남도,목포시,연산동,9717
2540,전라남도,목포시,원산동,12998
2541,전라남도,목포시,대성동,5092
2542,전라남도,목포시,목원동,7696
2543,전라남도,목포시,동명동,5438
2544,전라남도,목포시,삼학동,6109
2545,전라남도,목포시,만호동,2877
2546,전라남도,목포시,유달동,4208
2547,전라남도,목포시,죽교동,3130
2548,전라남도,목포시,북항동,9328
2549,전라남도,목포시,용해동,17352
2550,전라남도,목포시,이로동,10831
2551,전라남도,목포시,상동,21274
2552,전라남도,목포시,하당동,11874
2553,전라남도,목포시,신흥동,16574
2554,전라남도,목포시,삼향동,4807
2555,전라남도,목포시,옥암동,11440
2556,전라남도,목포시,부흥동,8537
2557,전라남도,목포시,부주동,23139
2558,전라남도,여수시,돌산읍,2680
2559,전라남도,여수시,돌산읍우두출장소,8572
2560,전라남도,여수시,돌산읍죽포출장소,1929
2561,전라남도,여수시,소라면,20416
2562,전라남도,여수시,율촌면,6315
2563,전라남도,여수시,화양면,6508
2564,전라남도,여수시,남면,2798
2565,전라남도,여수시,화정면,1334
2566,전라남도,여수시,화정면개도출장소,814
2567,전라남도,여수시,삼산면,2054
2568,전라남도,여수시,동문동,4786
2569,전라남도,여수시,한려동,3192
2570,전라남도,여수시,중앙동,4391
2571,전라남도,여수시,충무동,4031
2572,전라남도,여수시,광림동,6148
2573,전라남도,여수시,서강동,3807
2574,전라남도,여수시,대교동,5453
2575,전라남도,여수시,국동,11477
2576,전라남도,여수시,월호동,6928
2577,전라남도,여수시,여서동,18911
2578,전라남도,여수시,문수동,21563
2579,전라남도,여수시,미평동,11821
2580,전라남도,여수시,둔덕동,10302
2581,전라남도,여수시,만덕동,10512
2582,전라남도,여수시,쌍봉동,32598
2583,전라남도,여수시,시전동,37274
2584,전라남도,여수시,여천동,21446
2585,전라남도,여수시,주삼동,8204
2586,전라남도,여수시,삼일동,2419
2587,전라남도,여수시,묘도동,1161
2588,전라남도,순천시,승주읍,2694
2589,전라남도,순천시,해룡면,4584
2590,전라남도,순천시,해룡면상삼출장소,18248
2591,전라남도,순천시,해룡면신대출장소,33049
2592,전라남도,순천시,서면,12013
2593,전라남도,순천시,황전면,2927
2594,전라남도,순천시,월등면,1787
2595,전라남도,순천시,주암면,3164
2596,전라남도,순천시,송광면,1525
2597,전라남도,순천시,외서면,884
2598,전라남도,순천시,낙안면,3256
2599,전라남도,순천시,별량면,5538
2600,전라남도,순천시,상사면,2845
2601,전라남도,순천시,향동,3689
2602,전라남도,순천시,매곡동,6813
2603,전라남도,순천시,삼산동,25304
2604,전라남도,순천시,조곡동,6287
2605,전라남도,순천시,덕연동,44280
2606,전라남도,순천시,풍덕동,7735
2607,전라남도,순천시,남제동,8828
2608,전라남도,순천시,저전동,2854
2609,전라남도,순천시,장천동,2347
2610,전라남도,순천시,중앙동,3077
2611,전라남도,순천시,도사동,18462
2612,전라남도,순천시,왕조1동,40330
2613,전라남도,순천시,왕조2동,19584
2614,전라남도,나주시,남평읍,12028
2615,전라남도,나주시,세지면,2629
2616,전라남도,나주시,왕곡면,2901
2617,전라남도,나주시,반남면,1448
2618,전라남도,나주시,공산면,2312
2619,전라남도,나주시,동강면,2496
2620,전라남도,나주시,다시면,3569
2621,전라남도,나주시,문평면,1957
2622,전라남도,나주시,노안면,4626
2623,전라남도,나주시,금천면,4291
2624,전라남도,나주시,산포면,3375
2625,전라남도,나주시,다도면,1875
2626,전라남도,나주시,봉황면,4225
2627,전라남도,나주시,송월동,7657
2628,전라남도,나주시,영강동,2698
2629,전라남도,나주시,금남동,4895
2630,전라남도,나주시,성북동,8773
2631,전라남도,나주시,영산동,3276
2632,전라남도,나주시,이창동,3410
2633,전라남도,나주시,빛가람동,37672
2634,전라남도,광양시,광양읍,48678
2635,전라남도,광양시,봉강면,2179
2636,전라남도,광양시,옥룡면,3077
2637,전라남도,광양시,옥곡면,4408
2638,전라남도,광양시,진상면,2830
2639,전라남도,광양시,진월면,2802
2640,전라남도,광양시,다압면,1785
2641,전라남도,광양시,골약동,1588
2642,전라남도,광양시,중마동,57639
2643,전라남도,광양시,광영동,12001
2644,전라남도,광양시,금호동,12002
2645,전라남도,광양시,태인동,1790
2646,전라남도,담양군,담양읍,15096
2647,전라남도,담양군,봉산면,2774
2648,전라남도,담양군,고서면,3159
2649,전라남도,담양군,가사문학면,1234
2650,전라남도,담양군,창평면,3682
2651,전라남도,담양군,대덕면,1944
2652,전라남도,담양군,무정면,2759
2653,전라남도,담양군,금성면,2640
2654,전라남도,담양군,용면,1847
2655,전라남도,담양군,월산면,2471
2656,전라남도,담양군,수북면,4545
2657,전라남도,담양군,대전면,4390
2658,전라남도,곡성군,곡성읍,7819
2659,전라남도,곡성군,오곡면,1883
2660,전라남도,곡성군,삼기면,1667
2661,전라남도,곡성군,석곡면,2360
2662,전라남도,곡성군,목사동면,1332
2663,전라남도,곡성군,죽곡면,1915
2664,전라남도,곡성군,고달면,1164
2665,전라남도,곡성군,옥과면,4171
2666,전라남도,곡성군,입면,2449
2667,전라남도,곡성군,겸면,1693
2668,전라남도,곡성군,오산면,1435
2669,전라남도,구례군,구례읍,10763
2670,전라남도,구례군,문척면,1279
2671,전라남도,구례군,간전면,1503
2672,전라남도,구례군,토지면,2515
2673,전라남도,구례군,마산면,2648
2674,전라남도,구례군,광의면,2280
2675,전라남도,구례군,용방면,1470
2676,전라남도,구례군,산동면,2979
2677,전라남도,고흥군,고흥읍,12489
2678,전라남도,고흥군,도양읍,9758
2679,전라남도,고흥군,도양읍소록출장소,618
2680,전라남도,고흥군,도양읍시산출장소,227
2681,전라남도,고흥군,풍양면,3132
2682,전라남도,고흥군,도덕면,2950
2683,전라남도,고흥군,금산면,4321
2684,전라남도,고흥군,도화면,3896
2685,전라남도,고흥군,포두면,4905
2686,전라남도,고흥군,봉래면,1886
2687,전라남도,고흥군,점암면,2631
2688,전라남도,고흥군,과역면,3311
2689,전라남도,고흥군,남양면,2284
2690,전라남도,고흥군,동강면,3101
2691,전라남도,고흥군,대서면,2280
2692,전라남도,고흥군,두원면,3018
2693,전라남도,고흥군,영남면,1277
2694,전라남도,고흥군,동일면,1488
2695,전라남도,보성군,보성읍,9133
2696,전라남도,보성군,벌교읍,11772
2697,전라남도,보성군,노동면,1107
2698,전라남도,보성군,미력면,1416
2699,전라남도,보성군,겸백면,1164
2700,전라남도,보성군,율어면,1200
2701,전라남도,보성군,복내면,1663
2702,전라남도,보성군,문덕면,885
2703,전라남도,보성군,조성면,3711
2704,전라남도,보성군,득량면,2788
2705,전라남도,보성군,득량면예당출장소,1227
2706,전라남도,보성군,회천면,3034
2707,전라남도,보성군,웅치면,1069
2708,전라남도,화순군,화순읍,38931
2709,전라남도,화순군,한천면,929
2710,전라남도,화순군,한천면영외출장소,428
2711,전라남도,화순군,춘양면,1781
2712,전라남도,화순군,청풍면,1051
2713,전라남도,화순군,이양면,1795
2714,전라남도,화순군,능주면,3308
2715,전라남도,화순군,도곡면,2880
2716,전라남도,화순군,도암면,1427
2717,전라남도,화순군,이서면,993
2718,전라남도,화순군,백아면,1601
2719,전라남도,화순군,동복면,1618
2720,전라남도,화순군,사평면,2147
2721,전라남도,화순군,동면,3400
2722,전라남도,장흥군,장흥읍,15238
2723,전라남도,장흥군,관산읍,4886
2724,전라남도,장흥군,대덕읍,3353
2725,전라남도,장흥군,용산면,2316
2726,전라남도,장흥군,안양면,2829
2727,전라남도,장흥군,장동면,1255
2728,전라남도,장흥군,장평면,2085
2729,전라남도,장흥군,유치면,1073
2730,전라남도,장흥군,부산면,1433
2731,전라남도,장흥군,회진면,2798
2732,전라남도,강진군,강진읍,13527
2733,전라남도,강진군,군동면,4392
2734,전라남도,강진군,칠량면,2312
2735,전라남도,강진군,대구면,1134
2736,전라남도,강진군,도암면,2490
2737,전라남도,강진군,신전면,1785
2738,전라남도,강진군,성전면,2792
2739,전라남도,강진군,작천면,1840
2740,전라남도,강진군,병영면,1627
2741,전라남도,강진군,옴천면,635
2742,전라남도,강진군,마량면,1793
2743,전라남도,해남군,해남읍,24750
2744,전라남도,해남군,삼산면,2909
2745,전라남도,해남군,화산면,3207
2746,전라남도,해남군,현산면,2790
2747,전라남도,해남군,송지면,6078
2748,전라남도,해남군,북평면,2811
2749,전라남도,해남군,북일면,2012
2750,전라남도,해남군,옥천면,2974
2751,전라남도,해남군,계곡면,2121
2752,전라남도,해남군,마산면,2419
2753,전라남도,해남군,황산면,4845
2754,전라남도,해남군,산이면,3748
2755,전라남도,해남군,문내면,4026
2756,전라남도,해남군,화원면,3601
2757,전라남도,영암군,영암읍,8153
2758,전라남도,영암군,삼호읍,15034
2759,전라남도,영암군,삼호읍서부출장소,6483
2760,전라남도,영암군,덕진면,1833
2761,전라남도,영암군,금정면,2063
2762,전라남도,영암군,신북면,3718
2763,전라남도,영암군,시종면,3566
2764,전라남도,영암군,도포면,2277
2765,전라남도,영암군,군서면,3185
2766,전라남도,영암군,서호면,1916
2767,전라남도,영암군,학산면,2992
2768,전라남도,영암군,미암면,2249
2769,전라남도,무안군,무안읍,10665
2770,전라남도,무안군,일로읍,15040
2771,전라남도,무안군,삼향읍,5477
2772,전라남도,무안군,삼향읍남악출장소,32788
2773,전라남도,무안군,몽탄면,3101
2774,전라남도,무안군,청계면,6301
2775,전라남도,무안군,현경면,4648
2776,전라남도,무안군,망운면,1979
2777,전라남도,무안군,해제면,4933
2778,전라남도,무안군,운남면,2938
2779,전라남도,함평군,함평읍,8317
2780,전라남도,함평군,손불면,3366
2781,전라남도,함평군,신광면,1844
2782,전라남도,함평군,학교면,3809
2783,전라남도,함평군,엄다면,1904
2784,전라남도,함평군,대동면,3147
2785,전라남도,함평군,나산면,2831
2786,전라남도,함평군,해보면,2784
2787,전라남도,함평군,월야면,3709
2788,전라남도,영광군,영광읍,21711
2789,전라남도,영광군,백수읍,4625
2790,전라남도,영광군,홍농읍,6879
2791,전라남도,영광군,대마면,1764
2792,전라남도,영광군,묘량면,1753
2793,전라남도,영광군,불갑면,1371
2794,전라남도,영광군,군서면,2319
2795,전라남도,영광군,군남면,2405
2796,전라남도,영광군,염산면,4031
2797,전라남도,영광군,법성면,5235
2798,전라남도,영광군,낙월면,380
2799,전라남도,영광군,낙월면안마출장소,190
2800,전라남도,장성군,장성읍,13477
2801,전라남도,장성군,진원면,3725
2802,전라남도,장성군,남면,3717
2803,전라남도,장성군,동화면,1833
2804,전라남도,장성군,삼서면,3260
2805,전라남도,장성군,삼계면,6064
2806,전라남도,장성군,황룡면,4050
2807,전라남도,장성군,서삼면,1553
2808,전라남도,장성군,북일면,1389
2809,전라남도,장성군,북이면,2880
2810,전라남도,장성군,북하면,2181
2811,전라남도,완도군,완도읍,18182
2812,전라남도,완도군,금일읍,3753
2813,전라남도,완도군,노화읍,4400
2814,전라남도,완도군,노화읍넙도출장소,784
2815,전라남도,완도군,군외면,3230
2816,전라남도,완도군,신지면,3415
2817,전라남도,완도군,고금면,4255
2818,전라남도,완도군,약산면,2367
2819,전라남도,완도군,청산면,2073
2820,전라남도,완도군,청산면모도출장소,223
2821,전라남도,완도군,소안면,2503
2822,전라남도,완도군,금당면,986
2823,전라남도,완도군,보길면,2684
2824,전라남도,완도군,생일면,818
2825,전라남도,진도군,진도읍,10865
2826,전라남도,진도군,군내면,3017
2827,전라남도,진도군,고군면,3595
2828,전라남도,진도군,의신면,3499
2829,전라남도,진도군,임회면,3422
2830,전라남도,진도군,지산면,3145
2831,전라남도,진도군,조도면,2312
2832,전라남도,진도군,조도면가사출장소,259
2833,전라남도,진도군,조도면거차출장소,380
2834,전라남도,신안군,지도읍,4206
2835,전라남도,신안군,지도읍선도출장소,243
2836,전라남도,신안군,압해읍,5757
2837,전라남도,신안군,압해읍매화출장소,236
2838,전라남도,신안군,압해읍고이도출장소,231
2839,전라남도,신안군,증도면,1470
2840,전라남도,신안군,증도면병풍출장소,310
2841,전라남도,신안군,임자면,3198
2842,전라남도,신안군,자은면,2272
2843,전라남도,신안군,비금면,3530
2844,전라남도,신안군,도초면,2511
2845,전라남도,신안군,도초면우이도출장소,217
2846,전라남도,신안군,흑산면,2246
2847,전라남도,신안군,흑산면가거도출장소,448
2848,전라남도,신안군,흑산면태도출장소,218
2849,전라남도,신안군,흑산면홍도출장소,486
2850,전라남도,신안군,흑산면대둔도출장소,320
2851,전라남도,신안군,하의면,1739
2852,전라남도,신안군,신의면,1533
2853,전라남도,신안군,장산면,1559
2854,전라남도,신안군,안좌면,2694
2855,전라남도,신안군,안좌면자라출장소,277
2856,전라남도,신안군,팔금면,975
2857,전라남도,신안군,암태면,2043
2858,경상북도,포항시 남구,구룡포읍,7522
2859,경상북도,포항시 남구,연일읍,30495
2860,경상북도,포항시 남구,오천읍,55248
2861,경상북도,포항시 남구,대송면,3478
2862,경상북도,포항시 남구,동해면,9890
2863,경상북도,포항시 남구,장기면,4090
2864,경상북도,포항시 남구,호미곶면,1905
2865,경상북도,포항시 남구,상대동,24891
2866,경상북도,포항시 남구,해도동,17201
2867,경상북도,포항시 남구,송도동,12484
2868,경상북도,포항시 남구,청림동,4716
2869,경상북도,포항시 남구,제철동,2848
2870,경상북도,포항시 남구,효곡동,30705
2871,경상북도,포항시 남구,대이동,25546
2872,경상북도,포항시 북구,흥해읍,40739
2873,경상북도,포항시 북구,신광면,2878
2874,경상북도,포항시 북구,청하면,4781
2875,경상북도,포항시 북구,송라면,2519
2876,경상북도,포항시 북구,기계면,4978
2877,경상북도,포항시 북구,죽장면,2131
2878,경상북도,포항시 북구,죽장면상옥출장소,594
2879,경상북도,포항시 북구,기북면,1304
2880,경상북도,포항시 북구,중앙동,15678
2881,경상북도,포항시 북구,양학동,17132
2882,경상북도,포항시 북구,죽도동,19849
2883,경상북도,포항시 북구,용흥동,22158
2884,경상북도,포항시 북구,우창동,32478
2885,경상북도,포항시 북구,두호동,23086
2886,경상북도,포항시 북구,장량동,72951
2887,경상북도,포항시 북구,환여동,9511
2888,경상북도,경주시,감포읍,5437
2889,경상북도,경주시,안강읍,24688
2890,경상북도,경주시,건천읍,9434
2891,경상북도,경주시,외동읍,21400
2892,경상북도,경주시,양북면,4278
2893,경상북도,경주시,양남면,6284
2894,경상북도,경주시,내남면,4708
2895,경상북도,경주시,산내면,3254
2896,경상북도,경주시,서면,3187
2897,경상북도,경주시,현곡면,21783
2898,경상북도,경주시,강동면,6220
2899,경상북도,경주시,천북면,5708
2900,경상북도,경주시,중부동,5182
2901,경상북도,경주시,황오동,6468
2902,경상북도,경주시,성건동,13894
2903,경상북도,경주시,황남동,4673
2904,경상북도,경주시,선도동,14776
2905,경상북도,경주시,월성동,5829
2906,경상북도,경주시,용강동,23282
2907,경상북도,경주시,황성동,28507
2908,경상북도,경주시,동천동,22469
2909,경상북도,경주시,불국동,9708
2910,경상북도,경주시,보덕동,1742
2911,경상북도,김천시,아포읍,7030
2912,경상북도,김천시,농소면,3040
2913,경상북도,김천시,남면,3124
2914,경상북도,김천시,개령면,2454
2915,경상북도,김천시,감문면,3316
2916,경상북도,김천시,어모면,4071
2917,경상북도,김천시,봉산면,3160
2918,경상북도,김천시,대항면,3436
2919,경상북도,김천시,감천면,1939
2920,경상북도,김천시,조마면,2217
2921,경상북도,김천시,구성면,2830
2922,경상북도,김천시,지례면,1561
2923,경상북도,김천시,부항면,1270
2924,경상북도,김천시,대덕면,2314
2925,경상북도,김천시,증산면,1033
2926,경상북도,김천시,자산동,6696
2927,경상북도,김천시,평화남산동,7643
2928,경상북도,김천시,양금동,3970
2929,경상북도,김천시,대신동,25479
2930,경상북도,김천시,대곡동,20426
2931,경상북도,김천시,지좌동,11091
2932,경상북도,김천시,율곡동,22620
2933,경상북도,안동시,풍산읍,6353
2934,경상북도,안동시,와룡면,4067
2935,경상북도,안동시,북후면,2986
2936,경상북도,안동시,서후면,3536
2937,경상북도,안동시,풍천면,6853
2938,경상북도,안동시,일직면,2759
2939,경상북도,안동시,남후면,1777
2940,경상북도,안동시,남선면,2113
2941,경상북도,안동시,임하면,2858
2942,경상북도,안동시,길안면,2714
2943,경상북도,안동시,임동면,1755
2944,경상북도,안동시,예안면,1865
2945,경상북도,안동시,도산면,1629
2946,경상북도,안동시,녹전면,1741
2947,경상북도,안동시,중구동,5134
2948,경상북도,안동시,명륜동,4981
2949,경상북도,안동시,용상동,22176
2950,경상북도,안동시,서구동,9134
2951,경상북도,안동시,태화동,13176
2952,경상북도,안동시,평화동,6274
2953,경상북도,안동시,안기동,6192
2954,경상북도,안동시,옥동,21581
2955,경상북도,안동시,송하동,16167
2956,경상북도,안동시,강남동,10419
2957,경상북도,구미시,선산읍,14856
2958,경상북도,구미시,고아읍,37916
2959,경상북도,구미시,산동읍,26564
2960,경상북도,구미시,무을면,1867
2961,경상북도,구미시,옥성면,1707
2962,경상북도,구미시,도개면,2209
2963,경상북도,구미시,해평면,4084
2964,경상북도,구미시,장천면,3155
2965,경상북도,구미시,송정동,24217
2966,경상북도,구미시,원평1동,3775
2967,경상북도,구미시,원평2동,3091
2968,경상북도,구미시,도량동,29517
2969,경상북도,구미시,지산동,2216
2970,경상북도,구미시,선주원남동,39040
2971,경상북도,구미시,형곡1동,14514
2972,경상북도,구미시,형곡2동,16840
2973,경상북도,구미시,신평1동,3309
2974,경상북도,구미시,신평2동,3243
2975,경상북도,구미시,비산동,13271
2976,경상북도,구미시,광평동,4376
2977,경상북도,구미시,상모사곡동,30957
2978,경상북도,구미시,임오동,18815
2979,경상북도,구미시,인동동,48279
2980,경상북도,구미시,진미동,16324
2981,경상북도,구미시,양포동,46408
2982,경상북도,구미시,공단동,4403
2983,경상북도,영주시,풍기읍,10662
2984,경상북도,영주시,이산면,2358
2985,경상북도,영주시,평은면,1446
2986,경상북도,영주시,문수면,1958
2987,경상북도,영주시,장수면,2183
2988,경상북도,영주시,안정면,3017
2989,경상북도,영주시,봉현면,2737
2990,경상북도,영주시,순흥면,2016
2991,경상북도,영주시,단산면,1879
2992,경상북도,영주시,부석면,3101
2993,경상북도,영주시,상망동,7737
2994,경상북도,영주시,하망동,6262
2995,경상북도,영주시,영주1동,4049
2996,경상북도,영주시,영주2동,3542
2997,경상북도,영주시,휴천1동,6621
2998,경상북도,영주시,휴천2동,8220
2999,경상북도,영주시,휴천3동,7945
3000,경상북도,영주시,가흥1동,19021
3001,경상북도,영주시,가흥2동,7984
3002,경상북도,영천시,금호읍,11020
3003,경상북도,영천시,청통면,4135
3004,경상북도,영천시,신녕면,3871
3005,경상북도,영천시,화산면,3240
3006,경상북도,영천시,화북면,2215
3007,경상북도,영천시,화남면,3207
3008,경상북도,영천시,자양면,1215
3009,경상북도,영천시,임고면,4246
3010,경상북도,영천시,고경면,5957
3011,경상북도,영천시,북안면,4477
3012,경상북도,영천시,대창면,3104
3013,경상북도,영천시,동부동,29067
3014,경상북도,영천시,중앙동,9923
3015,경상북도,영천시,서부동,4827
3016,경상북도,영천시,완산동,7692
3017,경상북도,영천시,남부동,4187
3018,경상북도,상주시,함창읍,6539
3019,경상북도,상주시,중동면,1408
3020,경상북도,상주시,사벌국면,3871
3021,경상북도,상주시,낙동면,3025
3022,경상북도,상주시,낙동면동부출장소,998
3023,경상북도,상주시,청리면,2639
3024,경상북도,상주시,공성면,3978
3025,경상북도,상주시,외남면,1659
3026,경상북도,상주시,내서면,1958
3027,경상북도,상주시,모동면,2576
3028,경상북도,상주시,모서면,1738
3029,경상북도,상주시,모서면서부출장소,760
3030,경상북도,상주시,화동면,1986
3031,경상북도,상주시,화서면,2765
3032,경상북도,상주시,화북면,1226
3033,경상북도,상주시,화북면서부출장소,332
3034,경상북도,상주시,외서면,2721
3035,경상북도,상주시,은척면,1143
3036,경상북도,상주시,은척면북부출장소,378
3037,경상북도,상주시,공검면,2123
3038,경상북도,상주시,이안면,2048
3039,경상북도,상주시,화남면,821
3040,경상북도,상주시,남원동,12113
3041,경상북도,상주시,북문동,9071
3042,경상북도,상주시,계림동,8068
3043,경상북도,상주시,동문동,8291
3044,경상북도,상주시,동성동,3592
3045,경상북도,상주시,신흥동,9028
3046,경상북도,문경시,문경읍,5892
3047,경상북도,문경시,문경읍갈평출장소,1115
3048,경상북도,문경시,가은읍,3234
3049,경상북도,문경시,가은읍북부출장소,858
3050,경상북도,문경시,영순면,2493
3051,경상북도,문경시,산양면,3110
3052,경상북도,문경시,호계면,2433
3053,경상북도,문경시,산북면,2796
3054,경상북도,문경시,동로면,1964
3055,경상북도,문경시,마성면,3601
3056,경상북도,문경시,농암면,2654
3057,경상북도,문경시,점촌1동,5911
3058,경상북도,문경시,점촌2동,7177
3059,경상북도,문경시,점촌3동,9074
3060,경상북도,문경시,점촌4동,3172
3061,경상북도,문경시,점촌5동,16440
3062,경상북도,경산시,하양읍,25442
3063,경상북도,경산시,진량읍,36271
3064,경상북도,경산시,압량읍,20920
3065,경상북도,경산시,와촌면,5905
3066,경상북도,경산시,자인면,5524
3067,경상북도,경산시,용성면,3348
3068,경상북도,경산시,남산면,3736
3069,경상북도,경산시,남천면,2998
3070,경상북도,경산시,중방동,9897
3071,경상북도,경산시,중앙동,6548
3072,경상북도,경산시,남부동,19976
3073,경상북도,경산시,서부1동,36357
3074,경상북도,경산시,서부2동,31812
3075,경상북도,경산시,북부동,16277
3076,경상북도,경산시,동부동,39012
3077,경상북도,군위군,군위읍,8129
3078,경상북도,군위군,소보면,2293
3079,경상북도,군위군,효령면,3756
3080,경상북도,군위군,부계면,2044
3081,경상북도,군위군,우보면,1988
3082,경상북도,군위군,의흥면,2369
3083,경상북도,군위군,산성면,1178
3084,경상북도,군위군,삼국유사면,1337
3085,경상북도,의성군,의성읍,13311
3086,경상북도,의성군,단촌면,1933
3087,경상북도,의성군,점곡면,1609
3088,경상북도,의성군,옥산면,1785
3089,경상북도,의성군,사곡면,1559
3090,경상북도,의성군,춘산면,1469
3091,경상북도,의성군,가음면,1462
3092,경상북도,의성군,금성면,4261
3093,경상북도,의성군,봉양면,3921
3094,경상북도,의성군,비안면,2559
3095,경상북도,의성군,구천면,1814
3096,경상북도,의성군,단밀면,1738
3097,경상북도,의성군,단북면,1804
3098,경상북도,의성군,안계면,4579
3099,경상북도,의성군,다인면,3799
3100,경상북도,의성군,신평면,817
3101,경상북도,의성군,안평면,2147
3102,경상북도,의성군,안사면,837
3103,경상북도,청송군,청송읍,5207
3104,경상북도,청송군,주왕산면,1827
3105,경상북도,청송군,부남면,2499
3106,경상북도,청송군,현동면,2087
3107,경상북도,청송군,현서면,2508
3108,경상북도,청송군,안덕면,2608
3109,경상북도,청송군,파천면,1784
3110,경상북도,청송군,진보면,6387
3111,경상북도,영양군,영양읍,7214
3112,경상북도,영양군,입암면,2136
3113,경상북도,영양군,청기면,1729
3114,경상북도,영양군,일월면,1745
3115,경상북도,영양군,수비면,1714
3116,경상북도,영양군,석보면,2011
3117,경상북도,영덕군,영덕읍,10920
3118,경상북도,영덕군,강구면,6194
3119,경상북도,영덕군,남정면,2353
3120,경상북도,영덕군,달산면,1129
3121,경상북도,영덕군,지품면,1480
3122,경상북도,영덕군,지품면원전출장소,539
3123,경상북도,영덕군,축산면,917
3124,경상북도,영덕군,축산면축산출장소,1719
3125,경상북도,영덕군,영해면,6351
3126,경상북도,영덕군,병곡면,2772
3127,경상북도,영덕군,창수면,1669
3128,경상북도,청도군,화양읍,7169
3129,경상북도,청도군,화양읍남성현출장소,1101
3130,경상북도,청도군,청도읍,10269
3131,경상북도,청도군,청도읍유호출장소,1588
3132,경상북도,청도군,각남면,2134
3133,경상북도,청도군,풍각면,3900
3134,경상북도,청도군,각북면,2234
3135,경상북도,청도군,이서면,4511
3136,경상북도,청도군,운문면,2097
3137,경상북도,청도군,금천면,3308
3138,경상북도,청도군,매전면,3808
3139,경상북도,고령군,대가야읍,10037
3140,경상북도,고령군,덕곡면,1432
3141,경상북도,고령군,운수면,1850
3142,경상북도,고령군,성산면,2568
3143,경상북도,고령군,다산면,8417
3144,경상북도,고령군,개진면,1922
3145,경상북도,고령군,우곡면,1573
3146,경상북도,고령군,쌍림면,3368
3147,경상북도,성주군,성주읍,13619
3148,경상북도,성주군,선남면,6145
3149,경상북도,성주군,용암면,3702
3150,경상북도,성주군,수륜면,3085
3151,경상북도,성주군,가천면,2011
3152,경상북도,성주군,금수면,1207
3153,경상북도,성주군,대가면,2447
3154,경상북도,성주군,벽진면,3043
3155,경상북도,성주군,초전면,4497
3156,경상북도,성주군,월항면,3349
3157,경상북도,칠곡군,왜관읍,33241
3158,경상북도,칠곡군,북삼읍,24402
3159,경상북도,칠곡군,석적읍,30859
3160,경상북도,칠곡군,지천면,4186
3161,경상북도,칠곡군,동명면,5309
3162,경상북도,칠곡군,가산면,3474
3163,경상북도,칠곡군,약목면,9705
3164,경상북도,칠곡군,기산면,3205
3165,경상북도,예천군,예천읍,14633
3166,경상북도,예천군,용문면,2301
3167,경상북도,예천군,감천면,2631
3168,경상북도,예천군,보문면,1684
3169,경상북도,예천군,호명면,19596
3170,경상북도,예천군,유천면,2526
3171,경상북도,예천군,용궁면,2410
3172,경상북도,예천군,개포면,1505
3173,경상북도,예천군,지보면,2697
3174,경상북도,예천군,풍양면,3127
3175,경상북도,예천군,효자면,1189
3176,경상북도,예천군,은풍면,1350
3177,경상북도,봉화군,봉화읍,9908
3178,경상북도,봉화군,물야면,3117
3179,경상북도,봉화군,봉성면,2089
3180,경상북도,봉화군,법전면,2012
3181,경상북도,봉화군,춘양면,4390
3182,경상북도,봉화군,소천면,2196
3183,경상북도,봉화군,재산면,1509
3184,경상북도,봉화군,명호면,2250
3185,경상북도,봉화군,상운면,1730
3186,경상북도,봉화군,석포면,2031
3187,경상북도,울진군,울진읍,13983
3188,경상북도,울진군,평해읍,2830
3189,경상북도,울진군,북면,6612
3190,경상북도,울진군,북면하당출장소,704
3191,경상북도,울진군,근남면,2753
3192,경상북도,울진군,기성면,2533
3193,경상북도,울진군,온정면,1735
3194,경상북도,울진군,죽변면,6441
3195,경상북도,울진군,후포면,7482
3196,경상북도,울진군,금강송면,1268
3197,경상북도,울진군,매화면,2020
3198,경상북도,울릉군,울릉읍,6386
3199,경상북도,울릉군,서면,872
3200,경상북도,울릉군,서면태하출장소,437
3201,경상북도,울릉군,북면,1324
3202,경상남도,창원시 의창구,동읍,19896
3203,경상남도,창원시 의창구,북면,43411
3204,경상남도,창원시 의창구,대산면,7170
3205,경상남도,창원시 의창구,의창동,50764
3206,경상남도,창원시 의창구,팔룡동,37691
3207,경상남도,창원시 의창구,명곡동,41960
3208,경상남도,창원시 의창구,봉림동,30258
3209,경상남도,창원시 의창구,용지동,29803
3210,경상남도,창원시 성산구,반송동,41519
3211,경상남도,창원시 성산구,중앙동,22907
3212,경상남도,창원시 성산구,상남동,27959
3213,경상남도,창원시 성산구,사파동,45309
3214,경상남도,창원시 성산구,가음정동,40920
3215,경상남도,창원시 성산구,성주동,26446
3216,경상남도,창원시 성산구,웅남동,7866
3217,경상남도,창원시 마산합포구,구산면,4253
3218,경상남도,창원시 마산합포구,진동면,12220
3219,경상남도,창원시 마산합포구,진북면,3486
3220,경상남도,창원시 마산합포구,진전면,3950
3221,경상남도,창원시 마산합포구,현동,14179
3222,경상남도,창원시 마산합포구,가포동,982
3223,경상남도,창원시 마산합포구,월영동,39226
3224,경상남도,창원시 마산합포구,문화동,11173
3225,경상남도,창원시 마산합포구,반월중앙동,14670
3226,경상남도,창원시 마산합포구,완월동,9178
3227,경상남도,창원시 마산합포구,자산동,10691
3228,경상남도,창원시 마산합포구,교방동,15922
3229,경상남도,창원시 마산합포구,오동동,19540
3230,경상남도,창원시 마산합포구,합포동,6840
3231,경상남도,창원시 마산합포구,산호동,12463
3232,경상남도,창원시 마산회원구,내서읍,64130
3233,경상남도,창원시 마산회원구,회원1동,10361
3234,경상남도,창원시 마산회원구,회원2동,10116
3235,경상남도,창원시 마산회원구,석전동,17054
3236,경상남도,창원시 마산회원구,회성동,6220
3237,경상남도,창원시 마산회원구,양덕1동,11172
3238,경상남도,창원시 마산회원구,양덕2동,31556
3239,경상남도,창원시 마산회원구,합성1동,9393
3240,경상남도,창원시 마산회원구,합성2동,7671
3241,경상남도,창원시 마산회원구,구암1동,9034
3242,경상남도,창원시 마산회원구,구암2동,9566
3243,경상남도,창원시 마산회원구,봉암동,3320
3244,경상남도,창원시 진해구,충무동,17080
3245,경상남도,창원시 진해구,여좌동,8625
3246,경상남도,창원시 진해구,태백동,4961
3247,경상남도,창원시 진해구,경화동,11313
3248,경상남도,창원시 진해구,병암동,7506
3249,경상남도,창원시 진해구,석동,17334
3250,경상남도,창원시 진해구,이동,8586
3251,경상남도,창원시 진해구,자은동,21439
3252,경상남도,창원시 진해구,덕산동,10191
3253,경상남도,창원시 진해구,풍호동,25879
3254,경상남도,창원시 진해구,웅천동,12824
3255,경상남도,창원시 진해구,웅동1동,6418
3256,경상남도,창원시 진해구,웅동2동,40576
3257,경상남도,진주시,문산읍,8150
3258,경상남도,진주시,내동면,4116
3259,경상남도,진주시,정촌면,8292
3260,경상남도,진주시,금곡면,2216
3261,경상남도,진주시,진성면,1901
3262,경상남도,진주시,일반성면,2590
3263,경상남도,진주시,이반성면,1593
3264,경상남도,진주시,사봉면,1492
3265,경상남도,진주시,지수면,1464
3266,경상남도,진주시,대곡면,3235
3267,경상남도,진주시,금산면,20987
3268,경상남도,진주시,집현면,4728
3269,경상남도,진주시,미천면,1592
3270,경상남도,진주시,명석면,4006
3271,경상남도,진주시,대평면,1045
3272,경상남도,진주시,수곡면,2225
3273,경상남도,진주시,천전동,27473
3274,경상남도,진주시,성북동,10670
3275,경상남도,진주시,중앙동,11055
3276,경상남도,진주시,상봉동,14064
3277,경상남도,진주시,상대동,19577
3278,경상남도,진주시,하대동,24594
3279,경상남도,진주시,상평동,11641
3280,경상남도,진주시,초장동,26805
3281,경상남도,진주시,평거동,27532
3282,경상남도,진주시,신안동,11673
3283,경상남도,진주시,이현동,12036
3284,경상남도,진주시,판문동,21106
3285,경상남도,진주시,가호동,27028
3286,경상남도,진주시,충무공동,32148
3287,경상남도,통영시,산양읍,4628
3288,경상남도,통영시,용남면,12579
3289,경상남도,통영시,도산면,2898
3290,경상남도,통영시,광도면,30955
3291,경상남도,통영시,욕지면,1986
3292,경상남도,통영시,한산면,1983
3293,경상남도,통영시,사량면,1483
3294,경상남도,통영시,도천동,8815
3295,경상남도,통영시,명정동,2936
3296,경상남도,통영시,중앙동,3933
3297,경상남도,통영시,정량동,8938
3298,경상남도,통영시,북신동,10504
3299,경상남도,통영시,미수동,11201
3300,경상남도,통영시,봉평동,10337
3301,경상남도,통영시,무전동,13812
3302,경상남도,사천시,사천읍,17743
3303,경상남도,사천시,정동면,13245
3304,경상남도,사천시,사남면,15514
3305,경상남도,사천시,용현면,7550
3306,경상남도,사천시,축동면,1596
3307,경상남도,사천시,곤양면,3416
3308,경상남도,사천시,곤명면,2823
3309,경상남도,사천시,서포면,3490
3310,경상남도,사천시,동서동,6071
3311,경상남도,사천시,선구동,5087
3312,경상남도,사천시,동서금동,6412
3313,경상남도,사천시,벌용동,15224
3314,경상남도,사천시,향촌동,6799
3315,경상남도,사천시,남양동,5270
3316,경상남도,사천시,신수출장소,261
3317,경상남도,김해시,진영읍,55730
3318,경상남도,김해시,주촌면,18251
3319,경상남도,김해시,진례면,6500
3320,경상남도,김해시,한림면,7471
3321,경상남도,김해시,생림면,3815
3322,경상남도,김해시,상동면,3139
3323,경상남도,김해시,대동면,6013
3324,경상남도,김해시,동상동,9743
3325,경상남도,김해시,회현동,9213
3326,경상남도,김해시,부원동,9921
3327,경상남도,김해시,내외동,73735
3328,경상남도,김해시,북부동,80531
3329,경상남도,김해시,칠산서부동,9559
3330,경상남도,김해시,활천동,40264
3331,경상남도,김해시,삼안동,33284
3332,경상남도,김해시,불암동,7677
3333,경상남도,김해시,장유1동,56951
3334,경상남도,김해시,장유2동,36351
3335,경상남도,김해시,장유3동,72715
3336,경상남도,밀양시,삼랑진읍,5334
3337,경상남도,밀양시,삼랑진임천출장소,1311
3338,경상남도,밀양시,하남읍,7111
3339,경상남도,밀양시,부북면,5189
3340,경상남도,밀양시,상동면,3070
3341,경상남도,밀양시,산외면,2804
3342,경상남도,밀양시,산내면,3932
3343,경상남도,밀양시,단장면,4284
3344,경상남도,밀양시,상남면,8387
3345,경상남도,밀양시,초동면,3415
3346,경상남도,밀양시,무안면,5001
3347,경상남도,밀양시,청도면,1783
3348,경상남도,밀양시,내일동,2707
3349,경상남도,밀양시,내이동,16037
3350,경상남도,밀양시,삼문동,20212
3351,경상남도,밀양시,가곡동,7927
3352,경상남도,밀양시,교동,5850
3353,경상남도,거제시,일운면,8020
3354,경상남도,거제시,동부면,3120
3355,경상남도,거제시,남부면,1612
3356,경상남도,거제시,거제면,7225
3357,경상남도,거제시,둔덕면,2957
3358,경상남도,거제시,사등면,12036
3359,경상남도,거제시,사등면가조출장소,1113
3360,경상남도,거제시,연초면,8239
3361,경상남도,거제시,하청면,3601
3362,경상남도,거제시,하청면칠천출장소,1086
3363,경상남도,거제시,장목면,3139
3364,경상남도,거제시,장목면외포출장소,1404
3365,경상남도,거제시,장승포동,6181
3366,경상남도,거제시,능포동,9306
3367,경상남도,거제시,아주동,27167
3368,경상남도,거제시,옥포1동,7345
3369,경상남도,거제시,옥포2동,26356
3370,경상남도,거제시,장평동,20577
3371,경상남도,거제시,고현동,35454
3372,경상남도,거제시,상문동,34485
3373,경상남도,거제시,수양동,23731
3374,경상남도,양산시,물금읍,120932
3375,경상남도,양산시,동면,35122
3376,경상남도,양산시,원동면,3367
3377,경상남도,양산시,상북면,12851
3378,경상남도,양산시,하북면,8335
3379,경상남도,양산시,중앙동,11465
3380,경상남도,양산시,양주동,33341
3381,경상남도,양산시,삼성동,22202
3382,경상남도,양산시,강서동,9110
3383,경상남도,양산시,서창동,28426
3384,경상남도,양산시,소주동,20287
3385,경상남도,양산시,평산동,30747
3386,경상남도,양산시,덕계동,16645
3387,경상남도,의령군,의령읍,9538
3388,경상남도,의령군,가례면,1686
3389,경상남도,의령군,칠곡면,1187
3390,경상남도,의령군,대의면,1034
3391,경상남도,의령군,화정면,1527
3392,경상남도,의령군,용덕면,1543
3393,경상남도,의령군,정곡면,1451
3394,경상남도,의령군,지정면,1846
3395,경상남도,의령군,낙서면,751
3396,경상남도,의령군,부림면,2814
3397,경상남도,의령군,봉수면,985
3398,경상남도,의령군,궁류면,1142
3399,경상남도,의령군,유곡면,1165
3400,경상남도,함안군,가야읍,18519
3401,경상남도,함안군,칠원읍,19301
3402,경상남도,함안군,함안면,2406
3403,경상남도,함안군,군북면,6163
3404,경상남도,함안군,법수면,2880
3405,경상남도,함안군,대산면,3445
3406,경상남도,함안군,칠서면,5378
3407,경상남도,함안군,칠북면,1935
3408,경상남도,함안군,산인면,2761
3409,경상남도,함안군,여항면,906
3410,경상남도,창녕군,창녕읍,16897
3411,경상남도,창녕군,남지읍,12129
3412,경상남도,창녕군,고암면,2057
3413,경상남도,창녕군,성산면,1585
3414,경상남도,창녕군,대합면,3931
3415,경상남도,창녕군,이방면,2556
3416,경상남도,창녕군,유어면,1768
3417,경상남도,창녕군,대지면,2568
3418,경상남도,창녕군,계성면,2365
3419,경상남도,창녕군,영산면,5522
3420,경상남도,창녕군,장마면,1862
3421,경상남도,창녕군,도천면,2754
3422,경상남도,창녕군,길곡면,1528
3423,경상남도,창녕군,부곡면,3550
3424,경상남도,고성군,고성읍,24310
3425,경상남도,고성군,삼산면,1755
3426,경상남도,고성군,하일면,1857
3427,경상남도,고성군,하이면,2722
3428,경상남도,고성군,상리면,1592
3429,경상남도,고성군,대가면,1668
3430,경상남도,고성군,영현면,855
3431,경상남도,고성군,영오면,1437
3432,경상남도,고성군,개천면,1119
3433,경상남도,고성군,구만면,1021
3434,경상남도,고성군,회화면,3590
3435,경상남도,고성군,마암면,1738
3436,경상남도,고성군,동해면,3067
3437,경상남도,고성군,거류면,4304
3438,경상남도,남해군,남해읍,13144
3439,경상남도,남해군,이동면,3726
3440,경상남도,남해군,상주면,1639
3441,경상남도,남해군,삼동면,3887
3442,경상남도,남해군,미조면,2308
3443,경상남도,남해군,남면,3497
3444,경상남도,남해군,서면,2584
3445,경상남도,남해군,고현면,3529
3446,경상남도,남해군,설천면,2836
3447,경상남도,남해군,창선면,5559
3448,경상남도,하동군,하동읍,9904
3449,경상남도,하동군,화개면,3060
3450,경상남도,하동군,악양면,3521
3451,경상남도,하동군,적량면,1922
3452,경상남도,하동군,횡천면,1889
3453,경상남도,하동군,고전면,2277
3454,경상남도,하동군,금남면,3477
3455,경상남도,하동군,진교면,5976
3456,경상남도,하동군,양보면,1755
3457,경상남도,하동군,북천면,1745
3458,경상남도,하동군,청암면,1492
3459,경상남도,하동군,옥종면,4303
3460,경상남도,하동군,금성면,3067
3461,경상남도,산청군,산청읍,6808
3462,경상남도,산청군,차황면,1392
3463,경상남도,산청군,오부면,1073
3464,경상남도,산청군,생초면,2031
3465,경상남도,산청군,금서면,2886
3466,경상남도,산청군,삼장면,1828
3467,경상남도,산청군,시천면,4152
3468,경상남도,산청군,단성면,5587
3469,경상남도,산청군,신안면,5669
3470,경상남도,산청군,생비량면,1184
3471,경상남도,산청군,신등면,2076
3472,경상남도,함양군,함양읍,18428
3473,경상남도,함양군,마천면,2157
3474,경상남도,함양군,휴천면,1584
3475,경상남도,함양군,유림면,1642
3476,경상남도,함양군,수동면,2447
3477,경상남도,함양군,지곡면,2055
3478,경상남도,함양군,안의면,4533
3479,경상남도,함양군,서하면,1447
3480,경상남도,함양군,서상면,1822
3481,경상남도,함양군,백전면,1553
3482,경상남도,함양군,병곡면,1346
3483,경상남도,거창군,거창읍,41195
3484,경상남도,거창군,주상면,1516
3485,경상남도,거창군,웅양면,1886
3486,경상남도,거창군,고제면,1405
3487,경상남도,거창군,북상면,1539
3488,경상남도,거창군,위천면,1976
3489,경상남도,거창군,마리면,2003
3490,경상남도,거창군,남상면,2340
3491,경상남도,거창군,남하면,1441
3492,경상남도,거창군,신원면,1492
3493,경상남도,거창군,가조면,3712
3494,경상남도,거창군,가북면,1355
3495,경상남도,합천군,합천읍,11235
3496,경상남도,합천군,봉산면,1435
3497,경상남도,합천군,묘산면,1559
3498,경상남도,합천군,가야면,4254
3499,경상남도,합천군,야로면,2420
3500,경상남도,합천군,율곡면,2238
3501,경상남도,합천군,초계면,2467
3502,경상남도,합천군,쌍책면,1271
3503,경상남도,합천군,덕곡면,859
3504,경상남도,합천군,청덕면,1648
3505,경상남도,합천군,적중면,1407
3506,경상남도,합천군,대양면,1866
3507,경상남도,합천군,쌍백면,1769
3508,경상남도,합천군,삼가면,3208
3509,경상남도,합천군,가회면,1745
3510,경상남도,합천군,대병면,2031
3511,경상남도,합천군,용주면,2223
3512,제주특별자치도,제주시,한림읍,21214
3513,제주특별자치도,제주시,애월읍,37072
3514,제주특별자치도,제주시,구좌읍,15412
3515,제주특별자치도,제주시,조천읍,25324
3516,제주특별자치도,제주시,한경면,9052
3517,제주특별자치도,제주시,추자면,1636
3518,제주특별자치도,제주시,우도면,1734
3519,제주특별자치도,제주시,일도1동,2485
3520,제주특별자치도,제주시,일도2동,32714
3521,제주특별자치도,제주시,이도1동,7534
3522,제주특별자치도,제주시,이도2동,49541
3523,제주특별자치도,제주시,삼도1동,13523
3524,제주특별자치도,제주시,삼도2동,7941
3525,제주특별자치도,제주시,용담1동,6939
3526,제주특별자치도,제주시,용담2동,14626
3527,제주특별자치도,제주시,건입동,8917
3528,제주특별자치도,제주시,화북동,24422
3529,제주특별자치도,제주시,삼양동,25770
3530,제주특별자치도,제주시,봉개동,5281
3531,제주특별자치도,제주시,아라동,38072
3532,제주특별자치도,제주시,오라동,15766
3533,제주특별자치도,제주시,연동,41949
3534,제주특별자치도,제주시,노형동,55083
3535,제주특별자치도,제주시,외도동,22003
3536,제주특별자치도,제주시,이호동,4563
3537,제주특별자치도,제주시,도두동,3270
3538,제주특별자치도,서귀포시,대정읍,21883
3539,제주특별자치도,서귀포시,남원읍,18704
3540,제주특별자치도,서귀포시,성산읍,15419
3541,제주특별자치도,서귀포시,안덕면,12095
3542,제주특별자치도,서귀포시,표선면,12307
3543,제주특별자치도,서귀포시,송산동,4061
3544,제주특별자치도,서귀포시,정방동,2122
3545,제주특별자치도,서귀포시,중앙동,3405
3546,제주특별자치도,서귀포시,천지동,3463
3547,제주특별자치도,서귀포시,효돈동,5262
3548,제주특별자치도,서귀포시,영천동,5165
3549,제주특별자치도,서귀포시,동홍동,23203
3550,제주특별자치도,서귀포시,서홍동,10757
3551,제주특별자치도,서귀포시,대륜동,14958
3552,제주특별자치도,서귀포시,대천동,13858
3553,제주특별자치도,서귀포시,중문동,11544
3554,제주특별자치도,서귀포시,예래동,3925
