업종,브랜드,상호,평균매출액
한식,명품청기와감자탕,다니엘푸드,596829
한식,백청우칼국수,백청우칼국수,327932
한식,유가네 맑은곰탕,(주)유가네,91833
한식,울엄마 양평해장국,주식회사 울엄마푸드,262592
한식,풀잎채,(주)풀잎채,1418204
한식,나능이능이버섯백숙,(주)해우앤릴리스,319251
한식,한국밥,(주)굳길,508813
한식,삼훈 국민생아구찜,(주)백경푸드시스템,254300
한식,삼곱식당,삼곱푸드,532957
한식,막창도둑,(주)엠디푸드시스템,262880
한식,신마포갈매기,(주)디딤,382031
한식,본도시락,본아이에프(주),325775
한식,본비빔밥,본아이에프(주),198356
한식,본죽,본아이에프(주),201456
한식,본설렁탕,본아이에프(주),328316
한식,본죽&비빔밥 Cafe,본아이에프(주),314589
한식,금강산감자탕,농업회사법인 구삐(주),278091
한식,국민수육국밥&막국수,(주)썬푸드,55618
한식,나이스투미츄,아이에스 크리에이티브,201155
한식,의령,(주)의령한우국밥,319200
한식,놀부화덕족발,(주)놀부,122814
한식,놀부항아리갈비,(주)놀부,358925
한식,놀부맑은설렁탕담다,(주)놀부,171660
한식,착한전복,(주)두둑한행복,2040016
한식,굴마을낙지촌,(주)두둑한행복,306854
한식,단지막창,단지푸드시스템,306317
한식,수육국밥.보쌈전문점 더참맛수육국밥앤보쌈,(주)더참맛푸드,595098
한식,두찜,(주)기영에프앤비,202805
한식,백종원의원조쌈밥집,(주)더본코리아,564203
한식,돌배기집,(주)더본코리아,1100148
한식,새마을식당,(주)더본코리아,658682
한식,본가,(주)더본코리아,1163124
한식,백철판0410,(주)더본코리아,497231
한식,한신포차,(주)더본코리아,968553
한식,국사랑,케이씨컴퍼니,154887
한식,THE진국,(주)섬김과나눔,503677
한식,박가부대,원앤원(주),251741
한식,원할머니,원앤원(주),512254
한식,화덕초대파불고기,프랜차이즈새늘,275164
한식,코다리 밥상,(주)올댓컴퍼니,946949
한식,미스터오징어,미스앤미스터㈜,780750
한식,삼겹촌놈,솔담,409825
한식,대박통,대박통,230118
한식,남다른감자탕(男다른감子탕),(주)보하라,704941
한식,조가네갑오징어,(주)조앤이푸드,1329796
한식,교동전선생,(주)교동,277322
한식,육풍,(주)보담,851095
한식,미소육화,(주)지케이푸드,600747
한식,미스터보쌈5379,(주)푸디아,238774
한식,아빠곰탕,(주)프레솔,309626
한식,미쓰족발,보승FC,472520
한식,맛찬들왕소금구이,(주)맛찬들,1418874
한식,원가네 얼큰이,원가네푸드,171298
한식,철판요리포차판,(주)와이낫,78976
한식,통뼈감자탕,농업회사법인(주)자연식품,156703
한식,팔색삼겹살,(주)8푸드,365057
한식,콩불,(주)8푸드,200586
한식,박손녀의콩각시동태,(주)이림에프앤피,485348
한식,오복미역,(주)오복푸드,936499
한식,다담뜰 한식뷔페,(주)다담뜰,1289095
한식,청양일초,청해유통,265859
한식,뿔발,농업회사법인 (주)을과 함께,143789
한식,돈도니석쇠한판불고기,디오(DO)푸드시스템,171648
한식,킹콩부대찌개,(주)에스엘에프앤비,320245
한식,홍익궁중전통육개장,(주)홍익푸드,517746
한식,쌀눈쌀 현미누룽지,(주)엄마,59948
한식,논골집,정준유통,482768
한식,명장복집&24시명장복국,명장복집,452000
한식,만나고쪽갈비가,맛있는에프앤비(F&B),356728
한식,추담골남원추어탕,추사랑식품,205526
한식,수향그릴면가여름도겨울,제니스푸드시스템,194014
한식,만복한쭈꾸미낙지볶음,만복이쭈꾸미낙지볶음,837432
한식,바우네나주곰탕,지에프유통,202925
한식,로꼬로꼬,로꼬로꼬,426702
한식,망향비빔국수,블루밀,421158
한식,맵꼬만명태,해달에프앤씨,206617
한식,용추골미궁순대,칠연푸드시스템,211991
한식,애솔촌돼지,애솔촌돼지,268096
한식,숟가락반상 마실,마실,1244431
한식,현대옥,현대옥프랜차이즈,452009
한식,오리궁뎅이,오리궁뎅이,324030
한식,주구장창석쇠불판,다드림푸드,213838
한식,이종구낙지세상,이종구낙지세상,440459
한식,떡담,라이스파이,83573
한식,시골통돼지볶음,코아FS,182389
한식,퇘장군,퇘장군식육축산,160118
한식,이화수전통육개장,이화수,674829
한식,육회지존,인터푸드플래닝,321923
한식,진성아구찜,진성,232760
한식,햇잎갈비,햇잎푸드,340985
한식,삼합일,전복삼합의 원조 삼합일,37467
한식,쿡친,마시굿,183346
한식,남노갈비,(주)조이에프앤비,174880
한식,조선육개장38,조선38육개장,403524
한식,단물곤물,단물곤물,227394
한식,박수근네 온천골,온천골푸드,423053
한식,싱글벙글복어,싱글벙글,138685
한식,신사부대찌개&품격삼겹살,신사부대찌개&품격삼겹살,227174
한식,소담촌,(주)웰빙코리아,602175
한식,소공동뚝배기집,(주)오백미라클,396380
한식,통큰낙지,골든코리아,396594
한식,하수련주왕산삼계탕,주왕산삼계탕부산경남본부,301818
한식,어죽이네철렵국,어죽이네철렵국,180631
한식,족발쌀롱,족발쌀롱,187596
한식,갈비씨,푸드테인먼트,222285
한식,박대박부대찌개,박대박,392764
한식,다시오고싶은집 이명숙 양평해장국,조이식품,204407
한식,무교동유정낙지,(주)무교동유정낙지,760328
한식,대장부,엠투(M2)컴퍼니,65100
한식,콩시루,시루유통,733059
한식,최용찬의 불노리,"한성푸드, 한성컨설팅",68063
한식,월수금,월수금,248644
한식,송담추어탕,(주)송담,349940
한식,남자마늘보쌈,(주)미스터쿡,694006
한식,마포주먹구이,마포주먹구이복미끼,80988
한식,대구안지랑막창,원가네푸드,229607
한식,닭발싸롱,맛있는이야기,20244
한식,장패 (JANGPAE),장패체인사업본부,344442
한식,도천진짜순대,도천진짜순대,220099
한식,송주불냉면앤칼국수,브이케이피(주),46740
한식,콩산소콩나물국밥,콩산소,96000
한식,돌깨마을맷돌순두부,(주)자연가득,457301
한식,오술차,(주)오술차,184030
한식,서서갈비,(주)앤쿡,2013617
한식,삼육오족발찜닭,(주)자연가득,540869
한식,정석통바베큐족구이,(주)케이제이푸드시스템,69243
한식,신촌설렁탕,(주)신촌푸드,380914
한식,불란다쭈꾸미,(주)행운식품,419165
한식,세븐유 소금구이&껍데기,(주)행운식품,161591
한식,목촌사골돼지국밥,(주)행운식품,538381
한식,계경순대국,지강에프앤비(주),301062
한식,홍수계찜닭,(주)마루퍼슨스,429109
한식,이가순두부감자탕,(주)제이에이치코리아,56601
한식,삼백집,(주)휴림,38506
한식,88콩나물국밥,(주)웰미가베스트푸드,14650
한식,무한리필929숯불닭갈비,(주)웰푸드컴퍼니,585925
한식,쭈꾸미시스터즈,(주)제이알인터내셔널,384695
한식,내가찜한닭,(주)마이푸드,606011
한식,더도이종가집돼지국밥,(주)더도이종가집,1029217
한식,한촌설렁탕,(주)이연에프엔씨,536440
한식,안동국밥,(주)빛솜푸드,382300
한식,고봉민김밥人,케이비엠,204349
한식,빚은,(주)에스피씨삼립,194900
한식,천하제일왕족발,(주)훌랄라,68186
한식,홍춘천,(주)훌랄라,121339
한식,소야돈,(주)소야돈,633657
한식,유가네닭갈비,(주)바이올푸드글로벌,408784
한식,홍반장신의주찹쌀순대와감자탕,(주)홍반장,340454
한식,큰맘할매순대국,(주)보강엔터프라이즈,324486
한식,일미리금계찜닭,(주)일미리,195102
한식,손큰할매순대국,(주)손큰,305178
한식,진이찬방,진이푸드(주),157808
한식,오봉도시락,(주)오색만찬,94503
한식,에그파파,(주)계림식품농업회사법인,3810
한식,한끼야끼,로드다이닝(주),359359
한식,궁채,(주)이밥스,293115
한식,육봉달333,(주)티아이코스모스,491497
한식,육봉달,(주)티아이코스모스,578855
한식,개미집,(주)낙지볶음개미집,330880
한식,한가네숯불닭갈비,(주)한경코퍼레이션,398958
한식,흑돼지 삼백식당,정상FC,557803
한식,맵돈,(주)매운생각,175493
한식,인생극장,(주)에이치티코리아,158036
한식,콩두,(주)가효,241846
한식,옛날농장,(주)첨성대,789309
한식,육미명가옛날아우내순대&보쌈,(주)병천아우내식품,363467
한식,삼삼이네,(주)오즈하우스,242444
한식,병천황토방순대,(주)병천아우내식품,17670
한식,불티매운족발,(주)한아름푸드,21922
한식,온누리장작구이,(주)온누리푸드시스템,716645
한식,오구족발,(주)한아름푸드,125865
한식,만족오향족발,(주)만점족,697027
한식,엉터리생고기 두번째이야기 무한삼겹,(주)영마루,728661
한식,엉터리생고기,(주)영마루,714822
한식,백채,(주)심플맨,274530
한식,디코레북창동순두부,(주)제이비에스디,522386
한식,화화,(주)미소에프엔씨,590305
한식,청국장과보리밥,농협회사법인(주)인건,465445
한식,담소사골순대,(주)담소이야기,562768
한식,홍대칼국수와족발,(주)다온에프엔비,428994
한식,신선설농탕,(주)쿠드,1965611
한식,탐라수제갈비,(주)한세푸드,714847
한식,무한삼겹시대,(주)한세푸드,378819
한식,월홍갈비,제이원푸드(주),291604
한식,더 통큰구이,(주)위더스인터내셔날,267607
한식,고기굽는짬장,(주)한국창업경제연구소,246797
한식,닭갈비제작소,(주)닥인흥업,459985
한식,삼겹파티,(주)엠지에이치,210830
한식,첫번째필족사랑,거성푸드(주),146206
한식,뚱삼이와대삼이,(주)엠지에이치,255125
한식,고기고샵,(주)이도에프앤씨,743536
한식,알쭈,제로플러스공인중개사사무소,197150
한식,하영멘도롱,서울신문스포츠서울에이앤비(주),392427
한식,주원명가,(주)주원산오리,88290
한식,유장춘닭개장,(주)제이씨씨푸드,380655
한식,구윤희 따뜻한밥상 김밥일번지,(주)금환식품,225744
한식,봉평 메밀마당,(주)동주물산,55100
한식,미다래,미다래에프앤디(주),57034
한식,맛깔참죽,(주)맛깔,118237
한식,오매족,(주)태명푸드,371778
한식,내림손삼계탕,(주)세붕푸드,293719
한식,발빠닭,(주)어나더푸드컬쳐,373708
한식,손문대구막창갈매기살,(주)손문에프앤씨,49024
한식,서래갈매기,(주)서래스터,409679
한식,토끼정,(주)토끼정,2307724
한식,방일해장국,(주)방일에프씨,231900
한식,화평동왕냉면,해피브릿지협동조합,404687
한식,화사랑화로구이,(주)에프엘푸드시스템,1605291
한식,만송골갈비탕,엠에스푸드,454158
한식,화포식당,(주)다이닝에스엠,87060
한식,철판위에빨간쭈구미,(주)마당쇠,142541
한식,마당쇠돼지갈비,(주)마당쇠,258873
한식,얌샘김밥,(주)얌샘,298818
한식,생선지존진땡이,(주)모메존,312461
한식,돈가네김치찌개,(주)에프앤씨돈가네,261150
한식,가장맛있는족발,(주)가장맛있는족발,732982
한식,신의주부대찌개,미트준,287200
한식,더 맛(the 맛),(주)더맛푸드,252638
한식,오래오래장충동왕족발보쌈,(주)미도식품,35541
한식,구이가,(주)가업에프씨,436342
한식,바푸리죽앤즙,(주)비피알,167118
한식,천사곱창,(주)식스텐비즈,337074
한식,국민전통갈비,(주)영원외식산업,259543
한식,채선당,(주)채선당,466673
한식,삼국집,(주)에이치에스푸드,268647
한식,청진동해장국,(주)에이치에스푸드,170637
한식,날마다꿀갈비,미소에프앤에스(주),39437
한식,청와삼대,(주)봄봄,645880
한식,육당,미소에프앤에스(주),94533
한식,153포인츠(POINTZ),주식회사에스엔알푸드,359972
한식,한솥,(주)한솥,296124
한식,부산아지매국밥,(주)제이엘푸드,527986
한식,떡보의하루,(주)떡파는사람들,175010
한식,꼬꼬씨참숯불닭갈비,(주)꼬꼬씨에프,93980
한식,착한고기,(주)착한고기,594346
한식,마시찜(MASIZZIM),(주)오감만족,417557
한식,군산오징어,(주)산무리,427328
한식,짚신매운갈비찜,(주)음식생각,469264
한식,어머나생고기,(주)스타프렌차이즈,458157
한식,한결같은마음으로,(주)지피에프씨,441897
한식,주순희찌개마을시골촌,(주)순희에프앤비,270552
한식,하남돼지집,(주)하남에프앤비,764540
한식,장인원조큰손할매순대국웰빙시래기해장국,(주)장인푸드,890610
한식,1인자감자탕,(주)제이에스일인자,428536
한식,지호한방삼계탕,(주)지호,381090
한식,존슨부대찌개,(주)존슨푸드코리아,259639
한식,장충동일품 왕족발 보쌈,(주)일품푸드,158000
한식,하누소,(주)하누소푸드시스템,1888341
한식,신정골,(주)신정푸드,150595
한식,황홀한막창,디오디시스템,71082
한식,맛나감자탕,리브가푸드시스템(주),540390
한식,춘부집목살스테끼와껍데기,(주)더푸드상상,281999
한식,최용석의 뼈큰청진동해장국,(주)뚝심푸드,600229
한식,돈데이,(주)썬미트,349742
한식,뼈큰감자탕,(주)뚝심푸드,537825
한식,월선네,(주)맛있는상상,268981
한식,참토우,(주)참토우,751188
한식,두남자찜닭,(주)두남자컴퍼니,594137
한식,미사리밀빛초계국수,(주)밀빛,417429
한식,돈오락쪽갈비,(주)지강푸드,68483
한식,꼬기냉면,(주)꼬기냉면,196342
한식,등뼈가,(주)푸드원,252453
한식,어바웃샤브,(주)올어바웃푸드,276119
한식,착한돼지,(주)착한푸드,886383
한식,도발 0948,공구사팔컴퍼니(주),146211
한식,바오밥(BAOBAB),(주)바오밥아이엔씨,374678
한식,육쌈냉면,(주)육쌈,406731
한식,풍남옥,풍남옥프랜차이즈,423394
한식,면채반,(주)면채반,551623
한식,제임스치즈등갈비,(주)이프유원트,524374
한식,뚱뚱이할머니족발보쌈,(주)제이비에프씨,294221
한식,장충동왕족발보쌈,(주)장충동왕족발,114154
한식,원조전통명가 통큰할매순대국,(주)세븐하베스트,214394
한식,마녀가 만든 족발,제이에이치푸드(주),356572
한식,샤브애샐러드바,(주)다올에프씨,845228
한식,진배기 원조할매국밥,진배기,326233
한식,종로직화쭈꾸미,종로푸드시스템(주),747842
한식,해물솥밥모랑,푸드벤처스(주),532697
한식,김부삼,(주)거당파트너스,807693
한식,육회먹은연어,(주)비에프푸드,307532
한식,돈통마늘보쌈,(주)코리아푸딩,330159
한식,큰정할매순대국,(주)휴앤지,370904
한식,순흥골,(주)델리앤,734148
한식,한씨네대가추어탕,농업회사법인(주)한씨네,231486
한식,명동칼국수샤브샤브,(주)명동,386236
한식,가인채샤브샤브&샐러드,(주)가인채,790139
한식,셰프의국수앤육개장,(주)바인에프씨,278466
한식,셰프의육개장,(주)바인에프씨,14969
한식,또와유 명태간장조림,(주)해오름에프에스,357773
한식,본래순대,(주)도드람에프씨 가맹사업본부,152048
한식,통뼈감자탕,(주)명가,243545
한식,백정,(주)육칠팔,841069
한식,번지농장돌판아구찜,화산상사영농조합법인,534901
한식,김경자소문난대구왕뿔찜,해듬(주),336727
한식,송가네왕족발,송가네식품(주),201196
한식,보쌈마루,(주)오리비,344024
한식,양평뚝배기해장국,(주)뉴서진식품,337826
한식,참이맛감자탕,(주)참이맛,422238
한식,싸움의고수,(주)란체스터에프앤비,520797
한식,대구반야월막창,(주)대구반야월막창,162026
한식,누리마을감자탕,(주)영일유통,374433
한식,미스육감,(주)마이플랜,477760
한식,족장,(주)족장에프앤비,312658
한식,장인족발608,(주)제이엠케이에스,307886
한식,용인토종순대국,(주)케이엔푸드,151579
한식,한근에한근더,진선푸드시스템,477665
한식,보리네생고깃간,(주)다담,581863
한식,무한명장통큰삼,무한명장통큰삼,311627
한식,통큰손쭈꾸미마을,(주)하늘샘,577803
한식,정통춘천닭갈비,(주)정통푸드,127583
한식,집으로돼지,(주)메이에프앤에스,318536
한식,배부장찌개,배부장찌개,487166
한식,김해시락국밥,토장원,100783
한식,대한닭발1979,(주)씨에이치월드푸드,219052
한식,사랑담은묵은지찜찌개,(주)사랑담은,172299
한식,구팔한우,(주)트루팜,499726
한식,소래버섯나라,(주)소래버섯,287334
한식,삼교리동치미막국수,(주)삼교리,262446
한식,79네 수육국밥,79네 푸드컴퍼니(주),479705
한식,귀품찬 불백집,(주)곽푸드에프씨,336586
한식,귀품찬,(주)곽푸드에프씨,1099038
한식,곽만근갈비탕,(주)곽푸드에프씨,864351
한식,대가야삼계탕,(주)대가야,381748
한식,주왕산삼계탕,(주)대가야,238005
한식,정가대박집,(주)정웅,589484
한식,본앤본,본앤본(주),174802
한식,오징어와친구들,(주)미래원에프앤씨,110000
한식,신의주찹쌀순대,(주)거성푸드,400562
한식,조마루감자탕,(주)조마루,452913
한식,최숙이네,(주)제이엠푸드코리아,371825
한식,오모리찌개,(주)오모리,643045
한식,오늘한점,(주)우용에프앤비,494019
한식,바보형제쭈꾸미,(주)바보형제스토리,180274
한식,비와별 닭갈비,(주)두빛나래,496748
한식,삼시세때,(주)국보푸드시스템,272640
한식,한옥집김치찜,(주)위대한식품,1008045
한식,용감한형제들,(주)용형,124076
한식,연막술,(주)푸드리아,507977
한식,호세야오리바베큐,호세야(주),49237
한식,신단설렁탕,진대푸드,212616
한식,대독장,(주)제니스에프앤비,326766
한식,선육후면,(주)제니스에프앤비,647154
한식,두리맛감자탕,(주)두리맛푸드,373105
한식,태기산더덕순대,(주)푸드프랜,416417
한식,싸가지없는갈비,싸가지없는갈비,308681
한식,곱창제작소,다니은 F&D,348397
한식,김명자낙지마당,(주)김명자,404684
한식,노마세야매운갈비찜,(주)노마세야컴퍼니,307208
한식,꽃마름,(주)예울에프씨,845297
한식,육마니 옛날전통육개장,육마니(주),240111
한식,장수본가해장국,(주)장수엔터프라이즈,374365
한식,곤지암할매소머리국밥,(주)동의보감농수산,143959
한식,제주도야지판,(주)이바돔,457608
한식,이바돔감자탕,(주)이바돔,807662
한식,이바돔 외식 Family,(주)이바돔,1141951
한식,양철북,(주)마시명가,269510
한식,도도랑,(유)도도랑,275314
한식,사재감참숯왕소금구이,(주)사재감,299221
한식,전주남문조춘자토종피순대국,(주)비엔에스푸드,142076
한식,쌈촌,(주)쌈촌패밀리,319874
한식,고을래제주흑돼지,(주)미락에프씨,57900
한식,시루향기,(주)향기나는사람들,318452
한식,한패,(주)보성녹돈,510486
한식,채상궁,(주)보성녹돈,504163
한식,바다양푼이 동태탕 찜,(주)예진희알이에프,33201
한식,제주몬트락,(주)모닥홀딩스,964540
한식,개정,주식회사 동원기업,919098
한식,쭈꾸미블루스,(주)펀투비위드,164803
한식,원조전통명가 통큰할매순대국,(주)로드썬,484228
한식,장혁민의 부대찌개,오름푸드(주),513004
한식,인기명,(주)인에프앤씨,679033
한식,평창동태찌개찜,평창동태찌개찜,148456
한식,전주옥,전주옥,128016
한식,삼겹싸롱,(주)행복한상상에프앤비,917649
한식,화통삼,(주)행복한상상에프앤비,461720
한식,찜닭맨,찜닭맨,105878
한식,샤브쌈주머니,위드몬,556732
한식,팔삼닭발,The Hoon 코퍼레이션,156316
한식,한방전주콩나물국밥,(주)한사랑푸드,399518
한식,땡기요,와이엠씨푸드,172421
한식,소세지야,가야푸드,105426
한식,동서네낙지,동서네낙지,235668
한식,청정고을순대,(주)바른랩,62571
분식,분식제일가,(주)쿡앤리빙,290724
분식,킹콩떡볶이,이심전심(주),139188
분식,공수간,(주)놀부,139757
분식,황기순의칼국수앤왕돈까스,(주)티에스에프엔씨,219605
분식,미정국수0410,(주)더본코리아,454671
분식,역전우동0410,(주)더본코리아,438911
분식,응급실국물떡볶이,(주)금해코리아,172170
분식,용우동,(주)용마을,311655
분식,불스떡볶이,(주) 비케이홀딩스,167915
분식,오백국수,오백제작소,130314
분식,홍코너,(주)더프랜즈에프앤비,196155
분식,으니의수라간,(주)원스에프엔비,66677
분식,지지고(GGGO),(주)와이낫,144224
분식,만복국수집,(주)은혜푸드,301576
분식,가마솥김밥,(주)도시방앗간,187099
분식,모범떡볶이 1976,(주)우진케이티에스,254006
분식,승아의기묘한떡볶이,기묘한F&B,227923
분식,웁스떡볶이,웁스에프앤씨,79661
분식,릴라밥집,릴라식품,195065
분식,죠스떡볶이,(주)죠스푸드,239032
분식,신호탕떡볶이,미호푸드,172033
분식,울타리없는만두집,제이앤푸드,115635
분식,석관동 떡볶이,오리엔트 푸드,130617
분식,삐사감김밥,삐사감김밥,319282
분식,이웃집소녀떡볶이,이웃집소녀쉐프,317264
분식,구윤희 따뜻한밥상 김밥일번지,(주)금환식품,225744
분식,생생돈까스,(주)에버리치에프앤비,47297
분식,더바스켓,(주)성하식품,200312
분식,깨순이김밥,(유)대성물류,74950
분식,명인만두,(주)명인에프엔비,171689
분식,틈새라면,(주)틈새상사,2066
분식,씨앗호떡,(주)에스엔인더스트리,39367
분식,올떡볶이,(주)지엔에스올떡,79285
분식,아리가또맘마,(주)트렌차이즈,243990
분식,스쿨스토어,(주)스쿨스토어,546697
분식,디델리,(주)디엔에프씨,111482
분식,이삭토스트,(주)이삭,122055
분식,김가네김밥,(주)김가네,371447
분식,보영만두,(주)보영,407621
분식,고고즉석떡볶이,(주)고고푸드,173267
분식,사나이김밥,(주)사나이,240047
분식,서가원김밥,(주)오색만찬,161230
분식,밀크밥버거,(주)오색만찬,70153
분식,LA김밥,(주)한국창업경제연구소,142984
분식,단오방,(주)단오푸드,347029
분식,레드썬,(주)제이케이푸드,182308
분식,먹쉬돈나,(주)빅바이트에프엔비,306942
분식,국대떡볶이,(주)국대에프앤비,197845
분식,초읍만두,초읍만두,121461
분식,걸작떡볶이,(주)위드인푸드,271692
분식,마리김밥,삼원씨엔씨,175856
분식,다다믄충무김밥,다다믄충무김밥,258333
분식,호봉토스트위치,(주)호봉푸드시스템,15407
분식,두끼,(주)다른,614025
분식,국수나무,해피브릿지협동조합,286636
분식,엄청난떡볶이,엄청난떡볶이,185501
분식,얌샘,(주)얌샘,258945
분식,김피라(kimpira),(주)솔트앤슈가,303541
분식,하나돈까스,(주)파나,642907
분식,바푸리,(주)비피알,222719
분식,델리웨건와작,(주)모음,156692
분식,부송국수,부송푸드,272216
분식,종로김밥,(주)제이알에프앤로지스,354259
분식,아딸,(주)아딸,66114
분식,북문로떡볶이,(주)북문로키친,177128
분식,나는 조선의 떡볶이다,이노레시피,201122
분식,반장떡볶이,(주)반장푸드,320104
분식,뽀뚜루까아저씨,(주)뽀뚜루까에프엔비,212625
분식,김밥킹,(주)아이윈엔터프라이즈,101276
분식,토야카츠,(주)아윤,210021
분식,바울아저씨,(주)바울코리아,225223
분식,신포우리만두,(유)신포우리식품,341227
분식,파더스김밥,(주)미셰프,78660
분식,보용만두,(주)보용에프앤씨,277142
분식,얌스,(주)새모양에프앤비,282779
분식,꾼떡,(주)트로이,30004
분식,빨봉분식,(주)비엔피푸드,220066
분식,요런떡볶이,(주)자연애몸,52669
분식,리김밥,(주)바인인터내셔날,659555
분식,셰프의국수전,(주)바인에프씨,213127
분식,토마토김밥,(주)푸름에프앤에스,345972
분식,우리동네면반장,(주)우리동네에프앤비,166633
분식,남천할매떡볶이,(주)남천에프앤비,163493
분식,영심이떡볶이앤김밥,(주)아름드리,362635
분식,내고향냉면만두,고석환손만두,85057
분식,심할머니안흥찐빵만두,어우리,106644
분식,여러분식,(주)미도비앤케이,261052
분식,채다올김밥,다올에프엔씨,152238
분식,오정은A김밥,(주)오정은,343354
분식,이여사나무김밥,(주)다온코리아,150557
분식,신떡,(주)신화에프앤비,48048
분식,정성한줄,(주)해밀코리아,440490
분식,로봇김밥,(주)로봇에프앤비,279273
분식,버무리떡볶이,(주)이플푸드,193740
분식,떡볶이창고,떡볶이창고,377866
분식,명동할머니국수,(주)봉원에프앤비,258170
분식,눈물떡볶이,(주)눈물패밀리,95446
분식,성경만두요리전문점,(주)성경에프앤에스,457496
분식,오떡,(주)에이치앤비푸드,336981
분식,수김밥,손수푸드,201603
분식,참숯불닭발불떡볶이,(주)다윈에프앤피,141862
분식,불땡국수,(주)착한푸드,295856
분식,삼청동궁물떡볶이,(주)삼청동에프앤씨,171627
분식,찰스숯불김밥,(주)찰스푸드,302375
분식,나드리김밥,(주)나드리에프에스,199379
분식,차차,(주)차차,235578
분식,스쿨푸드,(주)에스에프이노베이션,626491
분식,신참떡볶이,(주)신참에프앤씨,172699
분식,밥맛나는세상,(주)소디프비앤에프,313785
분식,땡벌딜리버리,너랑나랑,109200
분식,우리동네 국수집,(주)봉화산푸드,375113
분식,떡볶이삼촌,엉클푸드,31867
분식,수유리우동집,(주)물과소금,146133
분식,효형제돈까스,효브라더스,394629
분식,소문난공주떡볶이,아이제이(IJ)푸드,38866
분식,더돈까스(the돈까스),에그트리,271801
분식,인정국물떡볶이,두레푸드,50716
분식,육전면사무소,(주)인지상정에이치엔,241264
중식,홍콩반점0410,(주)더본코리아,622363
중식,예지현(YEZIHYUN),(주)예우,344138
중식,홍짜장,(주)한밭에프앤지,205995
중식,쫑구 항아리 짬뽕,이종구푸드(주),584102
중식,귀신반점,상지,28353
중식,전설의짬뽕,양파,297832
중식,짬뽕9단,양파,305020
중식,진시앙,(주)이밥스,202639
중식,홍탕,(주)홍탕,64317
중식,이비가짬뽕,(주)이비가푸드,488001
중식,뽕신,(주)마린블루스,333511
중식,짬뽕타임,(주)제이에이치푸드시스템,945882
중식,교동짬뽕,(주)명가푸드시스템,519719
중식,짬뽕10101,(주)고구려푸드,416216
중식,짬뽕늬우스,(주)열정과배려,228557
중식,짬뽕타운,푸얼담식품,325201
중식,짬뽕상회,(주)짬뽕상회,444232
중식,촌칭구짬뽕,(주)야베스에프씨,208872
중식,짬뽕지존,투맨홀딩스(주),675549
중식,마시내탕수육,(주)마시내,114406
중식,이만구교동짬뽕,(주)이만구,513000
중식,더시카고짬뽕(THE CHICAGO JJAMPPONG),(주)인엔아웃에프엔씨,456247
일식,이자와,(주)왕컴퍼니,666880
일식,헬로피쉬,(주)아이비디써클,301912
일식,가츠몽,(주)가츠몽,338032
일식,스시웨이,(주)사보르웨이,546848
일식,멘야산다이메,(주)재팬푸드서비스,594233
일식,오와스시,오와스시,295815
일식,겐로쿠우동,겐로쿠우동,290295
일식,쿡플,프런치코리아,167883
일식,지구당,(주)베이직컴퍼니,148213
일식,가츠라(桂),(주)니혼푸드빌,410756
일식,오이시라멘,오이시라멘,216871
일식,부타돈카츠,(주)더기빙트리,28956
일식,마마돈,엠케이키친,362176
일식,사보텐,(주)캘리스코,662985
일식,스시오블랙컨테이너,(주)제이알인터내셔널,992431
일식,스시한판,(주)제이알인터내셔널,535766
일식,오니기리와이규동,(주)오니규,194489
일식,회전초밥전문점스시히로바,(주)스시히로바,953612
일식,멘타로,(주)공영식품,349493
일식,기소야,(주)공영식품,356367
일식,소노야,(주)공영식품,292588
일식,신기소,(주)공영식품,228040
일식,하코야,(주)엘에프푸드,256108
일식,한끼야끼,(주)도움커뮤니케이션즈,535044
일식,하루엔소쿠,(주)하루돈,334657
일식,25카츠,(주)토코,335415
일식,쿠우쿠우,(주)쿠우쿠우,2339845
일식,카모메,(주)카모메호스피탈리티그룹,13663
일식,무스쿠스(MUSCUS),(주)리향인터내셔널,3310513
일식,키햐아,(주)의기투합,636540
일식,야간얼큰우동,야간얼큰우동(야호프렌즈),141158
일식,어묵나라,(주)사모,300083
일식,청담정스시,(주)리코플레이트,180576
일식,미소야,(주)보우앤파트너스,328493
일식,동원참치,동원산업(주),590694
일식,수철이네왕새우튀김,(주)수철에프앤비,411193
일식,더오니기리,(주)더원코리아,104394
일식,金太郞,(주)예가,300205
일식,유리카모메,(주)광장,63867
일식,스시야마,(주)스시야마,605246
일식,도꼬돈카츠,(주)도꼬야,293280
일식,홍대돈부리,(주)홍대돈부리,513986
일식,시오도메,(주)소담푸드,261665
일식,배터지는생동까스,(주)진진에프씨,78805
일식,연어상회,(주)케이제이엔에프앤비,705432
일식,고베규카츠,(주)더블유에스컴퍼니,712616
일식,닌자초밥,닌자푸드,463153
서양식,모모스테이크,(주)시작,289785
서양식,동성로매콩돈까스와 냉면,동성로매콩돈까스와 냉면,399739
서양식,쏘렌토,(주)쏘렌토푸드,271787
서양식,봉대박스파게티,(주)에프씨봉대박,159905
서양식,스탠딩스테이크,(주)푸디아,205660
서양식,루스트플레이스,㈜메이크어베러(Make a better),1277393
서양식,스파게티스토리까르보네,(주)인토외식산업,184717
서양식,서가앤쿡,(주)에스앤에스컴퍼니,1263000
서양식,은화수식당,(주)남쪽나라,228714
서양식,닐리,(주)엔아이에프앤씨,316114
서양식,빈체로,(주)에스씨케이,520301
서양식,2046팬스테이크,(주)2046팬스테이크,546584
서양식,홍익돈까스,(주)홍익,767491
서양식,플라잉볼,(주)플라잉테이블,320544
서양식,팬브레드,(주)팬브레드에프앤비,36620
서양식,몽뜨레셰프 인더키친 패밀리 레스토랑,(주)제이앤피,784656
서양식,바네스,바네스코리아(주),337459
서양식,컨트리맨즈,(주)촌놈인터내셔널,911951
서양식,보나베띠,(주)꼬레뱅,519842
서양식,후쿠오카함바그 익스프레스,(유)푸드리퍼블릭글로벌,803189
서양식,후쿠오카함바그,푸드리퍼블릭코리아(유),558236
서양식,파스토보이(pastoboy),파스토보이,539829
서양식,맨인더키친(MAN IN THE KITCHEN),(주)다오이앤씨,745854
서양식,플랫바이에이프릴마켓,(주)에스에프이노베이션,248364
서양식,카페파스타,(주)해리코리아,420320
서양식,리틀파스타,(주)쉐프코리아,249809
서양식,정다함 돈가스,(주)정다함,143477
서양식,1987루프탑&라운지,1987라운지,561804
서양식,블랙스톤,(주)더블유에스컴퍼니,546308
서양식,한끼야끼,(주)도움커뮤니케이션즈,535044
기타 외국식,도스타코스,(주)도스타코스,234197
기타 외국식,두르가,두르가,178422
기타 외국식,알촌,송원F&B,220101
기타 외국식,유생촌,(주)유생촌푸드,1110858
기타 외국식,토마틸로,(주)토마틸로코리아,268627
기타 외국식,포베이,(주)포베이,488651
기타 외국식,베트꽁쌀국수,(주)판도라에프앤비,207747
기타 외국식,그릴타이,(주)테이스티컴퍼니,737304
기타 외국식,반포식스,(주)테이스티컴퍼니,783055
기타 외국식,메콩타이,(주)메콩타이컴퍼니,618561
기타 외국식,그린하노이,(주)바로에프에스,563483
기타 외국식,징기스,(주)이에이치컴퍼니,732187
기타 외국식,포보스,(주)아시아푸드리퍼블릭,337038
기타 외국식,램플러스,(주)제이에이치,437457
기타 외국식,생어거스틴,(주)늘솜,857136
기타 외국식,도스마스,(주)도스마스,262553
기타 외국식,철판목장,(주)선왕,224215
기타 외국식,포호아,포호아코리아(주),515438
기타 외국식,베나레스,(주)베나레스푸드시스템,500348
기타 외국식,베트남노상식당,(주)트리플에이컴퍼니,291868
기타 외국식,포로이,(주)포로이,270772
기타 외국식,경성양꼬치,(주)천지,407802
패스트푸드,맘스터치,해마로푸드서비스(주),436390
패스트푸드,스테프핫도그,(주)스테프코리아,122896
패스트푸드,롯데리아,롯데지알에스(주),722679
패스트푸드,도이첸,(주)아라리,264652
패스트푸드,밀플랜비,(주)밀플랜비식품,186901
패스트푸드,쑤와리질러,(주)어울림푸드서비스,177897
패스트푸드,버거307,버거307,222806
패스트푸드,하우스홀드,푸드피아,55350
패스트푸드,퀴즈노스서브,(주)유썸,288414
패스트푸드,마미쿡(MOMMY COOK),(주)훌랄라,128690
패스트푸드,맥도날드,한국맥도날드(유),2282930
패스트푸드,뉴욕핫도그앤커피,(주)뉴욕핫도그앤커피,24432
패스트푸드,도니버거,(주)도니버거,238602
패스트푸드,미스앤미스터포테이토,(주)도연에프엔씨,218576
패스트푸드,델리아메리칸,(주)까스또로,276000
패스트푸드,뉴욕버거,(주)수혁,212906
패스트푸드,미스터빅,(주)아이원에프엔씨,135074
패스트푸드,미스터톡톡(Mr TokTok),(주)두손커머스,187500
패스트푸드,버거킹(Burger King),(주)비케이알,986089
패스트푸드,파파이스,(주)티에스푸드앤시스템,331119
패스트푸드,마이브루클린키친,(주)다인케이앤에프컴퍼니,225000
패스트푸드,더제이케이키친박스,(주)더제이케이푸드스토리,297115
패스트푸드,쉐이크포테이토,(주)도남에프앤에프,127278
패스트푸드,피제리아 나인로드,(주)씨엠월드에프앤씨,1056146
패스트푸드,쏭스클럽핫도그,(주)쏭앤킴푸드,77047
패스트푸드,토스피아,(주)푸드넷시스템,95084
치킨,양계장집아들,(주)양계장집아들,800057
치킨,김스타치킨,김스타푸드,337190
치킨,교촌치킨,교촌에프앤비(주),500740
치킨,박군치킨,(주)도도푸드,177401
치킨,오븐에꾸운닭,계림F&C,341660
치킨,봉이치킨,(주)봉이에프엔씨,112822
치킨,투마리치킨,(주)미나푸드,151724
치킨,별별치킨,(주)별난사람들,212655
치킨,굽네치킨,(주)지앤푸드,291830
치킨,더후라이팬치킨클럽,아이에스 크리에이티브,128347
치킨,더후라이팬 후라이드 치킨,아이에스 크리에이티브,193536
치킨,더썬치킨,(주)더썬컴퍼니,149419
치킨,가마로강정,(주)마세다린,202728
치킨,놀부옛날통닭,(주)놀부,216710
치킨,오부장치킨,(주)본에스디코리아,237898
치킨,똥집의 달인,똥집의 달인,50688
치킨,다사랑,(주)다사랑,290953
치킨,숯불에닭,숯불에닭,246953
치킨,자담치킨,(주)웰빙푸드,218670
치킨,티바두마리치킨,(주)신라외식개발,138025
치킨,충만치킨,(주)충만,388691
치킨,큰통치킨,(주)태산유통,57579
치킨,깜꼬치킨,이가인테리어,15500
치킨,쏘닭,(주)더블유앤제이 홀딩스,128830
치킨,고마담치킨,씨케이프랜즈,95306
치킨,오빠가튀긴닭,브라더뉴브랜드(BrotherNewBrand),98621
치킨,치킨매니아,(주)코리아델로스케이디,147097
치킨,호식이두마리치킨,호식이두마리치킨,329135
치킨,야들리애,(주)제이케이글로벌,204862
치킨,비에이치씨(BHC),(주)비에이치씨,312795
치킨,오븐마루,(주)오엠푸드,256554
치킨,836숯불바베큐치킨,팔삼육산업(주),161594
치킨,소보루치킨,(주)소보루에프씨,55030
치킨,쌔떼치킨&꾸버불라,한국식품,31836
치킨,미쳐버린파닭,(주)수정,160853
치킨,리킨치킨,세음에프앤비,173678
치킨,구이오감치킨,씨에스푸드,208905
치킨,불촌두마리치킨,신미푸드시스템,65026
치킨,델리퀸,(주)델리퀸,282029
치킨,꾸꾸루꾸바베큐,유진물산,150483
치킨,림스치킨,림스상사,93605
치킨,다기야,(주)씨랩,205033
치킨,콩닥콩닭,KD유통,157921
치킨,범벅치킨,마리푸드,212571
치킨,꾸꾸치킨,부강유통,118583
치킨,오천사치킨,부강유통,126587
치킨,장모님치킨,장모육계유통,91459
치킨,VFC 치킨파티,선진 VFC,126623
치킨,종국이두마리치킨,종국이두마리치킨체인본부,163170
치킨,필바든치킨,필푸드,127954
치킨,팔칠(87')닭강정,팔칠(87')닭강정,169320
치킨,닭권브이,닭권브이,62273
치킨,권석영의미스터짱닭치킨,미스터짱닭,203953
치킨,치킨아이,선들 F&C,166708
치킨,치킨삼파전,이온유통,99686
치킨,위드치킨,위드치킨,34537
치킨,케리홈치킨,네오푸드시스템,90299
치킨,김진철동래통닭,(주)태진에프앤디,304815
치킨,아이벗치킨,아이프랜드,130486
치킨,코리안바베큐,(주)티비비씨,143792
치킨,지붕위에,지(G)1푸드,50951
치킨,아침닭,홈엔치킨,165067
치킨,와이디에스치킨(Y.D.S치킨),농업회사법인(주)늘처음,61602
치킨,치킨퐁,(주)가르텐,271662
치킨,맥켄치킨,(주)한일팜스,26311
치킨,깜닭치킨,(주)성심푸드,10927
치킨,바보스,(주)바보스,246093
치킨,꿀닭,(주)대대에프씨,91796
치킨,둘둘치킨,(주)일동인터내쇼날,53093
치킨,구어스,(주)대대에프씨,107249
치킨,도담치킨,(주)후인,211718
치킨,꿀삐닭강정,(주)에스엔인더스트리,50780
치킨,화덕에꾸운닭,(주)후인,147469
치킨,코리엔탈깻잎두마리칩킨,(주)채움푸드,208289
치킨,강정이기가막혀,(주)푸디노에프앤디,126615
치킨,비비큐치킨(BBQ치킨),(주)제너시스비비큐,402242
치킨,쥬뗌치킨,쥬뗌에프엔비,206621
치킨,씨에프숯불바베큐치킨,(주)씨에프,44585
치킨,페리카나,(주)페리카나,118249
치킨,사바사바치킨앤비어,(주)마세다린,203753
치킨,매드후라이치킨,(주)에스씨에프,352638
치킨,맛데이치킨,(주)엘에이치지,71545
치킨,훌랄라참숯바베큐,(주)훌랄라,89557
치킨,두존치킨,(주)두존,46223
치킨,지코바양념치킨,(주)지코바,190107
치킨,쌀통닭,(주)퐁텐,217311
치킨,조선CH.S치킨,(주)씨에스,101640
치킨,굽자나,(주)진성푸드,27157
치킨,주닭비어,라온에프앤씨,102234
치킨,치킨89(치킨팔구),(주)우분트,126409
치킨,달닭,(주)참여텍,80683
치킨,에디슨치킨,(주)참여텍,81667
치킨,신통치킨,(주)올치에프씨,85230
치킨,치킨필레오,(주)필레오푸드,208964
치킨,(허대구)대구통닭,(주)디티에프앤비,409875
치킨,순살파닭,(주)새라푸드,134544
치킨,네네치킨,(주)혜인식품,226622
치킨,치킨더홈,케이와이푸드(주),157157
치킨,옛날장터치킨,(주)씨드트리,97538
치킨,60계,(주)장스푸드,159900
치킨,대박나자 부자치킨,(주)알피,102101
치킨,윙글,(주)에스와이네트웍스,142235
치킨,또래오래,(주)농협목우촌,115510
치킨,꼬꼬시티앤제이빅,꼬꼬시티앤제이빅,88100
치킨,처갓집양념치킨,(주)한국일오삼,258701
치킨,투존치킨,(주)나도람에프씨,253775
치킨,처갓집플러스케이준치킨,(주)한국일오삼,180758
치킨,아웃닭,(주)테즈,523873
치킨,마파치킨,(주)한국창업경제연구소,178068
치킨,오븐에빠진닭,(주)에땅,306250
치킨,멕시카나,(주)멕시카나,179033
치킨,홍희통닭,(주)천수푸드,90473
치킨,바른치킨,(주)이루에프씨,257435
치킨,치킨플러스,(주)바른,141743
치킨,깐부치킨,(주)깐부,386790
치킨,굽는치킨,계산씨케이,32161
치킨,맛닭꼬,(주)꼬꼬에프앤비,285551
치킨,치르치르,리치푸드(주),259887
치킨,브라운치킨,(주)비지씨푸드,253218
치킨,리얼후라이,주식회사 리얼피플컴퍼니,190942
치킨,해두리치킨,(주)지와이푸드,223672
치킨,하이꼬꼬,(주)귀남,291546
치킨,투존치킨,투존FC강원지사,178729
치킨,행복치킨,(주)행복드림,369471
치킨,구어조은닭,(주)진진푸드시스템,69102
치킨,쭈노치킨가게,(주)쭈노에프앤비,137125
치킨,경아두마리치킨,(주)다시만난사람들,135390
치킨,치킨커플,주식회사 비엘앤에프,186204
치킨,치킨신드롬,(주)오앤씨웰푸드,143040
치킨,햇살다이어트,(주)햇살,242312
치킨,94STREET,주식회사디토코리아,245005
치킨,징기스칸치킨,(자)징기스칸,55854
치킨,화통치킨,(주)제이케이푸드,80460
치킨,치킨쥼,(주)제이케이푸드,108712
치킨,프라이앤치킨,프라이앤치킨,81484
치킨,조선의 옛날통닭,제이에프앤씨,100426
치킨,군치킨,(주)에펄크,151070
치킨,치킨더비,(주)치킨더비,331833
치킨,노상욱쪼아닭강정,쪼아닭강정,183000
치킨,사쿠사쿠,(주)계미락,158757
치킨,코리아숯불바베큐,코리아숯불바베큐,128540
치킨,홍단,서정에프앤에프,231116
치킨,한앤둘치킨,(주)더콥,108900
치킨,피니치니,(주)그린푸드존,142429
치킨,아리아치킨,(주)현인에프앤디,64489
치킨,8800켄터키치킨,(주)현인에프엔디,172185
치킨,이승윤의알통떡강정,(주)알통컴퍼니,122815
치킨,누릉지통닭구이,(주)계림원에프앤비,203680
치킨,최가네전설의치킨,최가네푸드(주),43714
치킨,부어치킨,(주)참바른,211311
치킨,부뚜막치킨,(주)태풍에프앤비,117217
치킨,치킨히어로,(주)서린에프에스,124919
치킨,디디치킨(DD치킨),(주)디디에프엔비,136258
치킨,오마이치킨,(주)이수푸드빌,76884
치킨,거성치킨,(주)이수푸드빌,123411
치킨,마슬랜,마슬랜,120391
치킨,칠칠켄터키,(주)더쉐프,428963
치킨,장터즉석치킨,(주)치킨더멤버,133343
치킨,맥시칸치킨,(주)맥시칸,85851
치킨,오늘통닭,(주)대현푸드빌,251583
치킨,놀코치킨,(주)씨앤에스프랜차이즈,56633
치킨,치킨678,(주)육칠팔,211263
치킨,치킨버스,(주)푸드버스,359792
치킨,돈치킨,(주)압구정,156075
치킨,푸라닭,(주)아이더스코리아,229693
치킨,고소미치킨,(주)푸드죤,62725
치킨,삼십구치킨,39치킨본부,67578
치킨,오케이치킨(OK치킨),(주)오케이푸드파트너스,180992
치킨,치킨마루,다인에프씨(주),151239
치킨,땅땅치킨,(주)프랜푸드,226786
치킨,치킨주막,(주)치킨주막,203520
치킨,치킨뱅이,(주)원우푸드,219356
치킨,본초불닭발,(주)미래원에프앤씨,49739
치킨,존슨켄터키,(주)비브라더스,112593
치킨,화르화르,(주)에이치브라더스,109079
치킨,순수치킨,에스티씨프랜차이저,168626
치킨,모모치킨,(주)씨앤에스푸드,61050
치킨,모모닭강정,(주)씨앤에스푸드,63104
치킨,구워더존치킨,(주)씨앤에스푸드,50135
치킨,오후엔치킨,태현에프씨(주),229996
치킨,쫄탁,(주)엠엔글로벌,40721
치킨,못말리는파닭,(주)엠엔글로벌,112247
치킨,아주커,(주)에이에프씨코리아,170816
치킨,호호닭발,(주)제이앤엠푸드,278277
치킨,삼둥이3마리치킨,(주)라이프테크에프씨,114322
치킨,누나홀닭,(주)티앤비코리아,344163
치킨,무봤나 촌닭,(주)무촌식품,206999
치킨,쌀쌀맞은닭,(주)바름,295707
치킨,소담치킨,(주)선빈코리아,134231
치킨,철인7호,앤아이에프(NIF),221394
치킨,꿀딱,(주)케이원푸드,188220
치킨,두리아,(주)두리아,116348
치킨,더기발한치킨(The기발한치킨),(주)더기발한,81794
치킨,치킨더치킨,(주)원진푸드,130503
치킨,마이마이치킨,(주)엉클오푸드,13006
치킨,불로만치킨바베큐,(주)불로만,178991
치킨,치킨처럼,(주)비제이씨코리아,312570
치킨,호야치킨,(주)정미푸드,95353
치킨,달콤한닭강정,(주)정미푸드,53625
치킨,또봉이통닭,또봉이에프앤에스(주),129791
치킨,한방닭강정,(주)세원,95398
치킨,컬투치킨,(주)컬투에프앤비,211907
치킨,둘마니치킨,엠앤에이치 에프씨,132080
치킨,노랑통닭,(주)노랑푸드,411458
치킨,청춘통닭,(주)정진푸드시스템,230842
치킨,김성구의성마늘치킨,김성구의성마늘치킨,69500
치킨,방순남명인시골통닭,(주)유락,472625
피자,아이러브피자,(주)더난푸드,105227
피자,피자투어,54번가푸드컨설팅,60214
피자,미스터피자,(주)엠피그룹,395055
피자,피자애,(주)피자애,192917
피자,피자알볼로,(주)알볼로에프앤씨,488085
피자,도미노피자,청오디피케이(주),805949
피자,임실N치즈피자,(주)엔케이로지스틱스,142031
피자,킹피자,(주)로첸,135242
피자,7번가피자,(주)7번가사람들,240090
피자,목우촌참피자,(주)농협목우촌,33578
피자,피자스쿨,(주)피자스쿨,163384
피자,피자마루,(주)푸드죤,156856
피자,피자헤븐,(주)피자헤븐코리아,312410
피자,피자나라치킨공주,(주)리치빔,380746
피자,피자샵(PIZZA#),(주)반올림식품,178090
피자,한명숙피자치킨,"한명숙피자,치킨",113670
피자,김씨화덕,(주)김씨에프엔비,284896
피자,빨간모자피자애비뉴,(주)레드캡,135917
피자,빨간모자피자,(주)레드캡,253714
피자,미사랑 임실치즈피자,(주)세인에프앤씨,60540
피자,피자헛,한국피자헛(유),633247
피자,피자오래,피자오래,147318
피자,피자스쿨,(주)씨에이치컴퍼니,138119
피자,영구스피자,(주)영구스피자,177278
피자,피자2001,(주)동행로지스 피자 2001,174125
피자,피자몰,(주)이랜드파크,207712
피자,피자명,(주)이비에스에프앤비,117052
피자,리골레토 시카고피자,(주)다이닝팩토리,379655
피자,피자와치킨의러브레터,(주)디에스푸드,128562
피자,피자1번가,피자1번가에덴공원,89207
피자,뽕뜨락피자,(주)웰빙을만드는사람들,130060
피자,지정환피자,(주)정담에프에스,142809
피자,몰리제피자,(주)몰리제,143824
피자,피자에땅,(주)에땅,232981
피자,뚜띠쿠치나,지엘라온(주),525072
피자,남자피자,(주)남자피자,97422
피자,난타5000피자,(유)난타5000,108514
피자,파파존스피자,한국파파존스(주),416400
피자,자연임실치즈피자,자연임실치즈피자,229970
피자,강정구의피자생각,(주)케이프랜즈,22566
피자,월간피자,컨시어지서비스코리아(주),102957
피자,1905 자이언트 몬스터 피자,브라더스F&B,234929
피자,화덕피자 파숑,(주)열정과배려,171584
피자,하늘보리피자,(주)웰가코리아,81872
피자,루나리치,(주)진산코퍼레이션,310945
피자,참살이임실치즈피자,참살이 임실치즈피자 & 5학년2반 치킨,207802
피자,임실치즈피자,(유)승일푸드시스템,22857
피자,봉수아 피자,봉수아 피자,128091
피자,피자빅,(주)그린푸드존,251927
피자,제임스시카고피자,(주)이프유원트,385300
피자,오리지널시카고,(주)오리지널시카고피자,437179
피자,후니피자,훈푸드,153852
피자,Port' Albs 피자굼터,(주)멀티푸드시스템,97726
피자,피자명인,피자명인,138029
피자,오구피자,(주)오구본가,164119
피자,피자빙고,(주)신성마을,31920
피자,킹스타피자,(주)스타푸드코리아,234176
피자,김태호피자,김태호피자,129706
피자,미스터파파임실치즈피자,외식그룹진밭,55633
피자,왕서방왕치킨피자,왕서방치킨피자체인,65423
피자,네오피자,(주)네오에프앤비,113336
제과제빵,아리랑수제핫도그,(주)조이식품,63104
제과제빵,명랑시대쌀핫도그,명랑시대외식청년창업협동조합,415119
제과제빵,뚜레쥬르,씨제이푸드빌(주),458871
제과제빵,웰덤붉은대게고로케,(주)자연인에프앤씨,20970
제과제빵,고선생고로케,(주)고선생푸드,90118
제과제빵,블럭제빵소,(주) 블럭에프에스,261770
제과제빵,못난이꽈배기,(주)못난이푸드,138547
제과제빵,크리스피크림,롯데지알에스(주),353908
제과제빵,유후,(주)패밀리앤프렌드,175428
제과제빵,핫브레드,주식회사 에이치비푸드,299827
제과제빵,보네스뻬,롯데제과(주),288356
제과제빵,그린브라우니(green brownie),(주)그린브라우니,280033
제과제빵,내가만든미케익,케익타르트,97523
제과제빵,타르트팜,타르트팜,118879
제과제빵,외계인방앗간,(주)외계인스토리,342736
제과제빵,파파호두,파파마인드,119101
제과제빵,반월당고로케,(주)반고푸드시스템,78040
제과제빵,베이크스토리,(주)스토리뱅크,350561
제과제빵,도넛트웰브,(주)도츠리테일,119188
제과제빵,앤티앤스,(주)재원푸드,299613
제과제빵,케이크만들기단하나(DANHANA),(주)파티시에,90268
제과제빵,쁘띠렌,(주)파티시에,306458
제과제빵,베이크팡,(주)베이크팡,228920
제과제빵,르뽀미에,(주)에스피씨삼립,257341
제과제빵,따삐오,(주)에스피씨삼립,87129
제과제빵,파리바게뜨,(주)파리크라상,664202
제과제빵,코코호도,(주)샤마,138264
제과제빵,던킨도너츠,비알코리아(주),285993
제과제빵,미니크로아프레,(주)성림푸드,67402
제과제빵,맘스케익,영푸드시스템(주),383858
제과제빵,케이크를부탁해,(주)케이크를부탁해,337898
제과제빵,비어드파파,스위트밀(주),125681
제과제빵,마듀,(주)엠디유글로벌,212040
제과제빵,프랑스에다녀온붕어빵,(주)디저트팩토리,106534
제과제빵,오페뜨,(주)오페뜨,377667
제과제빵,고구마명가,삼원씨엔씨,35701
제과제빵,동빵,(주)코끼리와친구들,241918
제과제빵,스트릿츄러스,(주)스트릿츄러스,182044
제과제빵,빵장수단팥빵,(주)박기태쉐프,397485
제과제빵,고로케쿡,(주)씨에프,106785
제과제빵,타르타르,(주)바로만든,659882
제과제빵,박승자 도넛앤커피,서진푸드원,41960
제과제빵,브레댄코(bread&co.DAILY-NEW),(주)브레댄코,453798
제과제빵,프레제,(주)제이피푸드,90980
제과제빵,나나케이크,(주)나나드림,243900
제과제빵,한스(HANS),(주)한스제과,621138
제과제빵,곤트란쉐리에,(주)곤트란쉐리에코리아,769618
제과제빵,인디오븐,(주)비앤디플래닝,440238
제과제빵,정항우케익,(주)명품정항우케익,214226
제과제빵,정도너츠,농업회사법인 (주)정담,130677
제과제빵,카페뉴욕치즈케익,(주)뉴욕치즈케익팩토리,234662
제과제빵,호밀호두,(주)호밀호두,126741
제과제빵,롤링핀,(주)롤링핀컴퍼니,638927
제과제빵,미앤미케익전문점,(주)미앤미,300230
제과제빵,모찌이야기,아론29(주),366020
제과제빵,도쿄팡야,(주)구피,376370
제과제빵,고구맘,영주농업회사법인(주),50187
제과제빵,베이글카페,(주)베이글카페,89448
제과제빵,신라명과,(주)신라명과,237138
제과제빵,천안옛날호두과자,(주)능수제과옛날호두과자,107334
제과제빵,와플몽,몽식품,37540
제과제빵,가또마들렌,가또마들렌,507093
아이스크림/빙수,설빙,(주)설빙,354769
아이스크림/빙수,아이스빈(ICE BEAN),(주)에프앤지코리아,163778
아이스크림/빙수,나뚜루,롯데지알에스(주),107885
아이스크림/빙수,돼지팥빙수,힉스,68117
아이스크림/빙수,아이스플래닛,㈜중앙물류,249745
아이스크림/빙수,가디스,(주)에스엔인더스트리,34321
아이스크림/빙수,뽀쪼,(주)이랜드파크,127988
아이스크림/빙수,카페띠아모,(주)베모스,144215
아이스크림/빙수,배스킨라빈스,비알코리아(주),465185
아이스크림/빙수,스위트몬스터(SWEET MONSTER),스위트몬스터(주),53478
아이스크림/빙수,빙달,(주)빙달,47701
아이스크림/빙수,아이스빌,(주)말한마디,49788
아이스크림/빙수,눈꽃빙수 꽃빙,(주)트루프렌드에프앤씨,183658
아이스크림/빙수,카페라떼르,(주)트루프렌드에프앤씨,100900
아이스크림/빙수,브알라,(주)브알라,76172
아이스크림/빙수,소프트리(SOFTREE),(주)소프트리,156718
아이스크림/빙수,하겐다즈,한국하겐다즈(주),305393
아이스크림/빙수,스노우마운틴,(주)제이팩,93061
아이스크림/빙수,빨라쪼,(주)빨라쪼,130510
아이스크림/빙수,호미빙,(주)츄릅,115143
커피,셀렉토커피,(주)맥스원이링크,87629
커피,이디야커피,(주)이디야,231302
커피,텀브커피,(주)위드텀브,112241
커피,마노핀,(주)엠피그룹,218188
커피,드롭탑(DROPTOP),(주)다도글로벌,263620
커피,요거프레소,(주)요거프레소,105510
커피,커핀그루나루,(주)커핀그루나루,280506
커피,봄봄테이크아웃(봄봄TAKE-OUT),(주)카페봄봄,183570
커피,아로이커피(Aroicoffee),아로이,175312
커피,디에떼에스프레소,(주)디떼,80116
커피,카페보그너,(주)농업회사법인 보그너,14173
커피,빌리엔젤,(주)빌리엔젤,350761
커피,벨라빈스커피,(주)놀부,145866
커피,투썸플레이스,씨제이푸드빌(주),532698
커피,빽다방,(주)더본코리아,281238
커피,황칠가 카페,(주)에이치에스피라이프,39696
커피,커피스미스,커피스미스에프씨(주),475608
커피,엔제리너스(Angel-in-us Coffee),롯데지알에스(주),307537
커피,카페게이트,(유)에브라임이노베이션,273122
커피,카페육십오도씨,(주)육십오도씨,153047
커피,커피베이,사과나무(주),104654
커피,커피만,(주)커피만컴퍼니,132239
커피,카페아이엠티,(주)편안,221256
커피,줄리앙 와플,(주)브라더푸드,110277
커피,카페프런치,프런치코리아,166473
커피,카페앤스터프,카페앤스터프 체인본부,132089
커피,에슬로우커피(ESLOW COFFEE),(주)에슬로우,136081
커피,달콤,(주)달콤,317451
커피,만랩커피,(주)만랩,152359
커피,카페베네,(주)카페베네,249550
커피,전광수커피,전광수커피랩,141193
커피,데니스,데니스,153714
커피,닐리스커피(Nilli's Coffee),(주)라파미코,208458
커피,델리뉴스,(주)델리뉴스,179573
커피,카페보노,(주)보노코리아,193881
커피,언노운커피,(주)언노운핸즈,129173
커피,메가엠지씨커피(MEGA MGC COFFEE),(주)앤하우스,253953
커피,파스쿠찌,(주)파리크라상,403649
커피,할리스커피,(주)할리스에프앤비,374116
커피,디초콜릿커피앤드,(주)할리스에프앤비,183563
커피,카페루앤비,(주)루앤비,66709
커피,디초콜릿커피,(주)할리스에프앤비,190115
커피,가배두림,(주)가배두림,324486
커피,말리커피,(주)씨앤브이인터내셔널,23856
커피,크레이저커피(C.Razer Coffee),(주)크레이저커피그룹,82803
커피,복고다방,(주)에스엔인더스트리,70084
커피,매스커피,매스컴퍼니(주),254201
커피,제퍼커피(ZEPHYR COFFEE),(주)티엠홀딩스,62166
커피,카페리빈,(주)리빈코리아,153124
커피,더카페,(주)이랜드파크,133650
커피,루고,(주)이랜드파크,260028
커피,포인포카페,(주)이랜드파크,126308
커피,죠샌드위치앤커피,(주)제이에스앤씨,143477
커피,퀸즈브라운,대현패밀리(주),158092
커피,라떼킹(latteking),블루빈컴퍼니(주),126378
커피,나인어클락커피,(주)나인어클락,153068
커피,글로리아진스커피,(주)글로리아진스커피코리아,118716
커피,토프레소,(주)에스앤큐플러스,100445
커피,커피에반하다,(주)커피에반하다,76024
커피,브라우니70,(주)브라우니웍스,474735
커피,에이그레이트카페,(주)슈퍼오아시스,241243
커피,까페이탈리아,까페이탈리아코리아(주),114640
커피,드립앤더치,연두커피인터내셔날(주),644281
커피,커피니(COFFEENIE),(주)커피니,160258
커피,일리터커피(1LiTER COFFEE),(주)카페원플러스원,126956
커피,카페원플러스원,(주)카페원플러스원,125010
커피,포트커피(PORT COFFEE),(주)알에이치에프앤비,100879
커피,커피인코나,(주)푸디아,76000
커피,라드커피(LAD COFFEE),라드커피,355691
커피,카작,(주)늘푸른이야기,45941
커피,마피아커피(MAFIA COFFEE),(주)이든에프앤비,88660
커피,그라찌에,(주)풍전에프앤비,114507
커피,아마떼,(주)한국창업경제연구소,101946
커피,청년다방,(주)한경기획,396946
커피,카페인버스,인버스에프앤비(주),74669
커피,커피홀(coffee hole),(자)동명식품 서울지점,123354
커피,더리터(THE LITER),(주)더,200670
커피,일리 카페 (illy caffe),(주)큐로에프앤비,275421
커피,더착한커피,(주)스마트플레이스,118789
커피,커피나무,(주)커피나무,229125
커피,팬도로시,(주)올리브홀딩스,143733
커피,9cafe,(주)비비인터내셔널,186746
커피,에이미스커피(Amy's Coffee),(주)에이미스코리아,90360
커피,핸즈커피(HANDSCOFFEE),(주)지핸즈,196600
커피,다빈치커피,제이에이치다빈치(주),137289
커피,카페다빈치(cafe davinci),제이에이치다빈치(주),172063
커피,까사밍고,(주)라이온에프지,213183
커피,더치앤빈,(주)진심코리아,153984
커피,낭만다방,(주)낭만연구소,20387
커피,빅다방,(주)제이엔에프,145023
커피,커피명가,(주)커피명가,258837
커피,하바나익스프레스,(주)주원에프앤비,129626
커피,마고스,(주)마고스,113503
커피,올리버브라운카페,(주)올리버브라운코리아,8552
커피,아리스타,(주)아리스타,220135
커피,해리스카페,(주)해리스,94575
커피,카페 마체베트,(주)마체베트,101342
커피,빈스빈스,(주)빈스앤로스터리코리아,258697
커피,더웨이닝커피(THE WAIN-ING COFFEE),(주)웨이닝코리아,166071
커피,커피마마,티에고(주),71846
커피,오드리헵번카페티엠(TM),(주)바인인터내셔날,126016
커피,컴포즈커피(COMPOSE COFFEE),(주)제이엠커피컴퍼니,239938
커피,카페티아이엠,(주)에스에이치리테일,106110
커피,아마스빈,(주)비케이컴퍼니,125831
커피,블랙라인커피,(주)카페발트,118598
커피,커피인뉴욕,(주)씨앤비컴퍼니,78500
커피,플라타너스(PLATANUS),(주)세화에프앤씨,110817
커피,커피볶는집,(주)커피볶는집,148261
커피,빨콩,(주)오구본가,156014
커피,빅몬스터,비엠씨(BMC),80731
커피,더벤티,(주)더벤티코리아,278329
커피,탭플레이(TAPLAY),(주)해피랜드에프엔비,124389
커피,포비엔,(주)홀썸푸드,346551
커피,띵크커피,(주)띵크커피코리아,209077
커피,바리스타비,(주)바리스타비,52248
커피,블레스유커피,세인컴퍼니(주),57464
커피,카페데플뢰르,(주)케이제이씨앤씨,65255
커피,생활커피,(주)비브라더스,138052
커피,구스띠모,(주)구스띠모코리아,87461
커피,주커피,태영에프앤비(주),212290
커피,카페에스파니,(주)엠제이컴퍼니,81289
커피,모캄보,(주)마스터코리아,195656
커피,코페아커피(COFFEA COFFEE),(주)감성인터내셔널,177014
커피,워너커피(WANNA COFFEE),(유)워너커피,157145
커피,카페코나퀸즈,카페코나퀸즈(주),277738
커피,허니빈스(HoneyBean's),씨엔지글로벌(주),88102
커피,슈퍼커피,(주)슈퍼커피,170700
커피,엑소엑소핫도그앤커피,(주)세컨드찬스,40935
커피,블레스롤(Bless Roll),블레스롤 가맹본부,310360
커피,카페글렌,(주)글렌인터내셔널,96252
커피,토리스타특별한커피,토리스타씨앤에스(toristar C&S),80378
음료(커피 외),킹콩쥬스엔커피,(주)킹콩쥬스엔커피,95510
음료(커피 외),주스탐,(주)올어바웃,69831
음료(커피 외),떼루와,(주)떼루와,179162
음료(커피 외),쥬씨(JUICY),쥬씨(주),228276
음료(커피 외),유달리,유달리본점,220576
음료(커피 외),본정,본정초콜릿(주),319274
음료(커피 외),타코비카페,오이시오사카,82359
음료(커피 외),곰브라더스,(주)제이스타임,94305
음료(커피 외),퓨로쥬스,(주)퓨로에프앤비,142872
음료(커피 외),황칠가 카페,(주)에이치에스피라이프,39696
음료(커피 외),공차,(주)공차코리아,223447
음료(커피 외),티팩토리912,에프엔비팩토리(주),54698
음료(커피 외),스무디킹(SMOOTHIEKING),스무디킹코리아(주),231770
음료(커피 외),오가다,(주)오가다,167861
음료(커피 외),쥬스스타,선우프로듀스(주),95022
음료(커피 외),아마스빈코리아,(주)스토어하우스,193116
음료(커피 외),쥬스팩토리,(주)쥬스팩토리,74731
음료(커피 외),리치망고,(주)리치망고,236087
음료(커피 외),PRABEAN,(주)프라빈,216592
음료(커피 외),망고레이,(주)망고레이,254904
주점,동경야시장,(주)다이닝팩토리,409524
주점,주민상회,(주)시선프랜차이즈,178635
주점,짝태패밀리,(주)오경,132854
주점,압구정봉구비어,(주)용감한사람들,139907
주점,비어웍스,비어웍스,309500
주점,미술관,(주)디딤,676235
주점,한남동 그집,이심전심(주),223585
주점,김양비어,(주)모두가족,138958
주점,간이역,주인프래너스(주),9626
주점,코키펍(COCKY-PUB),(주)엘브라더스,481987
주점,백스비어,(주)더본코리아,504090
주점,새벽을여는시장사람들,(주)미식주,461325
주점,생활맥주,(주)데일리비어,282267
주점,청춘싸롱,(주)리치메이커,254270
주점,삼칠포차,(주)윈컴퍼니,341670
주점,밤새지기,(주)야미,254409
주점,노가리슈퍼,주식회사 대진에프앤비,279128
주점,폼프리츠,폼프리츠,112151
주점,꼬꼬싸롱,웰그로상사,133751
주점,비턴,(주)비원에프앤씨,184265
주점,경성주막 1929,피에스피에프앤디(주),721931
주점,와바,(주)인토외식산업,249689
주점,맥주바켓(맥주Barket),(주)인토외식산업,266146
주점,구름공방,(주)인토외식산업,163100
주점,"찬수씨,싼술을부탁해",(주)상구패밀리,257769
주점,알바트로스,세음에프앤비,137152
주점,디오니스,세음에프앤비,113304
주점,붐비어,붐비어,140571
주점,퍼스트비어,퍼스트프랜차이즈,155985
주점,아벡데프리츠,아벡데프리츠,159157
주점,타코비비어,오이시오사카,94152
주점,썸타는 비어포차,윤이푸드,62485
주점,짝태&노가리,짝태앤노가리,94609
주점,달동네포장마차,달동네,297000
주점,동행,동행,211639
주점,짝태앤노가리,도봉에프디,149524
주점,79대포,(주)더벗,269044
주점,삼파통닭맥주집,이온유통,98310
주점,투사랑,오엔푸드,36581
주점,가르텐호프앤레스트,(주)가르텐,180265
주점,작업반장,(주)가르텐,145488
주점,짝태&노가리,(주)피엘오하모니,176385
주점,준코노래타운,(주)준코,500289
주점,김봉남포장마차,(주)봉남푸드,270535
주점,군선생,(주)군선생,335521
주점,미니펍,(주)이엔제이홀딩스,96359
주점,한신포차,(주)더본코리아,968553
주점,와라와라,(주)에프앤디파트너,523419
주점,용구비어,(주)와이비에프씨,143864
주점,짠앤짠스,(주)제이스타임,130874
주점,펀앤조이오뎅사께,(주)에스씨에프,72669
주점,이태원천상,(주)에프씨천상,912259
주점,플젠PLZEN,(주)다산에프앤지,203154
주점,꼬지사께,(주)에쓰와이프랜차이즈,140178
주점,엘리팝,(주)에쓰와이프랜차이즈,173058
주점,감술선생,올스타에프엔비,236643
주점,OK포차,(주)빅토리어스,441607
주점,꾼노리,(주)빅토리어스,384068
주점,리얼펍,(주)알피,142107
주점,비어팩토리,(주)에스와이네트웍스,65007
주점,주식회사포차천국,(주)미트더석세스,489505
주점,웃어라청춘,아이디어팜,111351
주점,누룩꽃 피는날,(주)노른자팩토리,301972
주점,치어스,(주)치어스,258222
주점,할리비어,(주)행복들,212003
주점,사나포차,(주)한국창업경제연구소,129337
주점,에피타치치,(주)한경기획,255240
주점,노가리&BEER,(주)티엘에프앤씨,76185
주점,오춘자비어,(주)춘자외식,153831
주점,아맛나 슈퍼,(주)삼육오컴퍼니,343132
주점,통파이브,(주)이루에프씨,236556
주점,서울맥주,(주)스마트플레이스,183149
주점,피쉬앤그릴too,리치푸드(주),170870
주점,피쉬앤그릴&치르치르,리치푸드(주),380176
주점,밀러타임(MILLER TIME),(주)굿맨프리미엄홀딩스,231197
주점,노군꼬치,(주)리앤브라더스컴퍼니,212273
주점,짚동가리쌩주,리치푸드(주),223375
주점,뉴욕야시장,리치푸드(주),380176
주점,청춘낭만비어,(주)좋은친구들,90245
주점,토리고야,토리고야패밀리(주),784665
주점,철수를차버린영희Beer,(주)와이에이치홀딩스,148460
주점,개집비어,(주)개집비어,220729
주점,삼오칠싸롱,(주)케이제이에프앤비,471109
주점,포차어게인,(주)가업FC,862041
주점,무한사케무사,와이치 에스앤에프,223742
주점,홍스타맥주집,(주)가업에프씨,131245
주점,투싼,투싼식품,15456
주점,맛잡이 슈퍼,(주)제이앤케이코리아,263260
주점,가제트술집,가제트술집,96933
주점,청담이상,(주)리코플레이트,767618
주점,시장통,(주)수에프씨,173887
주점,리원,(주)휴메이드,178038
주점,마장동육회포차,(주)스타프렌차이즈,449668
주점,청담동말자싸롱,(주)금탑에프앤비,160274
주점,종로맥가,(주)종로맥가,155337
주점,쎌빠,(주)쎌빠,282435
주점,모로미쿠시,(주)여유와즐거움,259101
주점,더짝,(주)어드밴스21,607971
주점,브롱스,(주)브롱스,418055
주점,삼구포차,(주)퍼스트펭귄,340646
주점,코젤다크하우스(KOZELDARKHAUS),(주)케이디코리아,304917
주점,크래프트 한스(Craft Han's),(주)크래프트한스,373955
주점,술빠빠,(주)자연애몸,28772
주점,봉이동동,(주)자연애몸,26543
주점,달봉감자,디비에프앤비(D.B F&B),115641
주점,쿨럭(coolluck),(주)제이에스인터푸드,158640
주점,대칠성포차,(주)엔에이치에프,419154
주점,비어사케,케이에스에이치(KSH)푸드,159615
주점,임창정의 소주한잔,칠삼비브라더스(주),931138
주점,포차35구역,미코에프씨(주),442347
주점,무한사케무사,미코에프씨(주),186738
주점,칠공공비어(700비어),칠공공비어(주),173217
주점,망고비어,(주)남천에프앤비,140969
주점,오말짜비어,(주)엠제이인터내셔널,117838
주점,왕빈자삼파전,왕빈자삼파전,146713
주점,토대력,(주)이원,180269
주점,투다리,(주)이원,90786
주점,못난감자,(주)오케이푸드파트너스,107743
주점,김작가의 이중생활,(주)에스에프이노베이션,338499
주점,최군맥주,(주)작은거인들,138004
주점,비어캐빈,(주)해리코리아,223754
주점,불땡국수주점,(주)불땡푸드,342131
주점,맛나슈퍼,(주)조은음식드림,268488
주점,행복포차,(주)조은음식드림,205883
주점,유객주,(주)해리코리아,361426
주점,펀비어킹,(주)해리코리아,378707
주점,달빛한모금,(주)달빛가족,306103
주점,지짐이,(주)우용에프앤비,145607
주점,퍼니퍼니,(주)우용에프앤비,237994
주점,감통반,(주)제이윈스,185762
주점,팔팔대포,(주)용형,132187
주점,청춘포차,(주)더블유와이파트너스,24492
주점,보스턴오뎅,(주)리오컴퍼니,157532
주점,삼팔강땡,(주)이원푸드,271940
주점,소로야,(주)사람과사람,118050
주점,사이야,(주)사람과사람,175534
주점,옥탑방오봉자싸롱,(주)봉자체인본부,165187
주점,구노포차,(주)마시명가,148330
주점,호우양꼬치 플러스,(주)건호,334563
주점,청춘문방구,청춘문방구,300579
주점,남오토코,(주)더남,451106
주점,달봉비어,감성에프앤씨,155926
주점,3883 팔도실비집,삼정코리아,357412
주점,맛있는 오칠구,(주) 오칠구,216341
기타 외식,매반생면,매반생면,23622
기타 외식,어게인리프레쉬,(주)카란에프앤비,254087
기타 외식,브라운돈까스,(주)브라운에프앤씨,237821
기타 외식,아라쭈꾸미,(주)중원에프씨,231370
기타 외식,불닭발동대문엽기떡볶이,(주)핫시즈너,421365
기타 외식,아비꼬,쿠산코리아(주),508972
기타 외식,참진앓이,참진앓이,424441
기타 외식,토마토도시락,(주)다채원,161630
기타 외식,호랭이곱창,(주)디딤,1106517
기타 외식,"소담애 족발,보쌈전문점",(주)에브릿,414291
기타 외식,연어로만,(주)거룩한일오삼,1089663
기타 외식,쉐프의부대찌개,(주)케이더블유프랜차이즈,314938
기타 외식,두껍삼,두껍삼,654124
기타 외식,팔삼닭발,The Hoon 코퍼레이션,156316
기타 외식,육전면사무소,(주)인지상정에이치엔,241264
기타 외식,우마이살몬,히노아스카(주),555217
기타 외식,해두리치킨,(주)지와이푸드,223672
기타 외식,뚜띠쿠치나,지엘라온(주),525072
기타 외식,환공어묵베이커리,(주)환공어묵베이커리,270206
기타 외식,이흥선참치,웃는돌참치,290909
기타 외식,맘마미야,사과나무(주),113821
기타 외식,홍대개미,(주)후니에프앤비,699193
기타 외식,1인용,(주)일인용본부,327167
기타 외식,오늘김해생뒷고기,오늘김해뒷고기,239580
기타 외식,어사출또,(주)어판왕,928774
기타 외식,한통(한마리 통큰)정육식당,한통정육식당,603217
기타 외식,웅이네 오돌뼈,(주)웅자네푸드,314035
기타 외식,이번지 깡통집,이번지 깡통집,332867
기타 외식,맥쓰(MEXX)세계치킨,맥쓰(MEXX)세계치킨,19392
기타 외식,장미빛찜닭,장미빛찜닭,429968
기타 외식,도리명가,D.R HOLDINGS,295374
기타 외식,설원칡냉면&푸짐보쌈,입안에 행복,173678
기타 외식,낭만닭발,낭만닭발,137743
기타 외식,타코비,오이시오사카,76304
기타 외식,마루샤브,마루앤F/D,1344407
기타 외식,더족발,더족발,224420
기타 외식,장금수부대찌개,금수식품,319474
기타 외식,카츠젠,카츠젠,477350
기타 외식,새우꺾기,새우꺾기,7090
기타 외식,복어잡는사람들,에스제이푸드시스템,843375
기타 외식,라라코스트(raracost),라라코스트 진 F&B,838016
기타 외식,고굽남 고기굽는남자,고기굽는남자,800469
기타 외식,행당족발,행당족발,484595
기타 외식,공릉동원조멸치국수,원조멸치국수,155667
기타 외식,서병장대김이병,비타민에프앤비,182634
기타 외식,노걸대,(주)노걸대,391241
기타 외식,철인7호,앤아이에프(NIF),221394
기타 외식,바비박스,(주)다온에프앤씨,138836
기타 외식,종로맥가,(주)종로맥가,155337
기타 외식,55온족발,55온푸드,277091
기타 외식,대동국수,(유)대동상회,157912
기타 외식,장충당,(주)장충당,392577
기타 외식,스시노백쉐프(스시노BackChef),(주)일성코퍼레이션,515389
기타 외식,마시그래이,(주)에스이엠,155134
기타 외식,아그집쭈꾸미,(주)아그집쭈꾸미,299664
기타 외식,앤하우스,(주)앤하우스,224103
기타 외식,파시야,(주)앤하우스,97960
기타 외식,연타발,(주)행복한구이세상,3318298
기타 외식,불불이족발,(주)비앤비푸드시스템,204041
기타 외식,가마치 옛날통닭,(주)티지와이,179512
기타 외식,닭익는마을,(주)지엔에스에프앤비,155046
기타 외식,화덕에꾸운삼겹살,(주)후인,307231
기타 외식,콩심,(주)맛있는푸드,400772
기타 외식,퇘랑숯돌생고기,(주)지엔에스엠엔에프,109329
기타 외식,우쿠야,(주)지엔에스에프앤비,185029
기타 외식,비비큐올리브돈까스,(주)지엔에스에프앤비,251720
기타 외식,시크릿테이스트 참숯바베큐,(주)지엔에스에프앤비,182452
기타 외식,오징어청춘,(주)청춘,876927
기타 외식,유천냉면,(주)유천대가,270563
기타 외식,오징어나라,(주)신창NC,245738
기타 외식,투모아,(주)투모아,13588
기타 외식,수누리,(주)에스엔알푸드,568070
기타 외식,우리집다음에맛있는집양평해장국,(주)우리집다음에맛있는집,252529
기타 외식,추오정,(주)아정푸드시스템,571103
기타 외식,미소공장,티앤에스피플(주),242309
기타 외식,봉추찜닭,(주)봉추푸드시스템,300052
기타 외식,그램그램,(주)빅투,547239
기타 외식,무보까,(주)다담,526002
기타 외식,봉구스밥버거,(주)부자이웃,122265
기타 외식,948키친(948Kitchen),(주)948에프엔비,1592381
기타 외식,불소식당,(주)불소,301115
기타 외식,아붕,(주)스마일에프씨,34533
기타 외식,디저트39,(주)디저트메이커스,171784
기타 외식,장인닭갈비,(주)다이닝팩토리,753980
기타 외식,강창구찹쌀진순대,(주)창구식품,432275
기타 외식,아내의쉐프,(주)아내의쉐프,80158
기타 외식,플랩잭 팬트리(Flapjack Pantry),(주)플랩잭 팬트리,174389
기타 외식,삼통치킨,(주)삼통치킨,332402
기타 외식,포메인,(주)데일리킹,505349
기타 외식,놀란돼지,(주)숲풀림식품,138130
기타 외식,놀란곱창,(주)숲풀림식품,54672
기타 외식,돈수백,(주)푸디안,546979
기타 외식,뽕잎사랑샤브칼국수보쌈냉면,(주)성신에프씨,519086
기타 외식,남가네설악추어탕,(주)미라지식품,334977
기타 외식,구슬함박,(주)구슬함박,815672
기타 외식,한모둠,(주)미라지식품,317890
기타 외식,목우촌미소와돈,(주)농협목우촌,297083
기타 외식,목우촌웰빙마을,(주)농협목우촌,246237
기타 외식,하랑은상자초밥&모밀,하랑은(주),169747
기타 외식,다이닝센,(주)더센코리아,556507
기타 외식,대독장,비투에스(주),409389
기타 외식,구석탱이,(주)비비엠패밀리,476682
기타 외식,케이콜라보김밥,(주)해지온,376657
기타 외식,바르미샤브칼국수,(주)즐거운세상,368414
기타 외식,바르미샤브샤브n칼국수,(주)즐거운세상,1121361
기타 외식,장병숙 큰손 원조50년 전통 할매순대국,(주)디에스푸드시스템,107164
기타 외식,어다리,(주)어다리,650584
기타 외식,삼대나주곰탕,(주)혜윰에프엔비,754456
기타 외식,육회한연어,(주)삼육오컴퍼니,304620
기타 외식,우리집닭강정,(주)글로벌리더스,97328
기타 외식,원조 김할머니의령소바,(주)광개토에프에스,268800
기타 외식,순남시래기,바른창업(주),427119
기타 외식,홍스쭈꾸미,(주)에이치에스푸드,290816
기타 외식,노량진의 전설 미스사이공(miss420),(주)엠푸드에스엔시,296257
기타 외식,곱창고,(주)제이엔케이패밀리,607494
기타 외식,쿡1015,(주)홍익푸드,241485
기타 외식,개구리반찬,(주)백만,65449
기타 외식,델리(Delhi),(주)델리푸드,465964
기타 외식,육회공작소,(주)피에프에스,532970
기타 외식,베스트빈,(주)에스에이치네트웍스,97058
기타 외식,진송추어탕,(주)우림에프씨,287344
기타 외식,씨드앤너츠,(주)씨드앤너츠,118351
기타 외식,서래통,(주)서래스터,701245
기타 외식,도쿄스테이크,해피브릿지협동조합,42765
기타 외식,단지네,(주)전주단지네,231448
기타 외식,제주도그릴,(주)코라이징에프앤비,29621
기타 외식,달구지막창,(주)달구지푸드,81121
기타 외식,빛나는바다,(주)빛나는바다,1041557
기타 외식,정든닭발,(주)정든,399863
기타 외식,육감만족,(주)정담,507261
기타 외식,백년가교동짬뽕,(주)백년가에프앤씨,456485
기타 외식,굴세상,(유)굴세상,217840
기타 외식,미스터시래기,(주)푸드앤이노베이션,535680
기타 외식,더엠투,엠투퓨전펍프렌차이즈,566667
기타 외식,코바코,(주)호경에프씨,229353
기타 외식,명동칼국수,(주)명동푸드,313070
기타 외식,고요남,(주)글로벌푸드시스템,656542
기타 외식,바푸리뽕앤까스,(주)비피알,248031
기타 외식,바푸리차돌떡볶이,(주)비피알,179609
기타 외식,부엉이돈가스,(주)부엉이에프엔비,461403
기타 외식,대구우야지막창,(주)대구우야지막창,447152
기타 외식,예다손,(주)창억,171153
기타 외식,요남자,(주)올소,436717
기타 외식,룰루랄라,더드림컴퍼니,413041
기타 외식,오므토토마토,아모제푸드(주),523619
기타 외식,황제잠수함인,(주)황제에프엔비,489412
기타 외식,다영신토불이,농업회사법인주식회사다영푸드,433980
기타 외식,이시봉 족발보쌈,(주)현백,374602
기타 외식,지훈남닭발,지훈남푸드(주),225199
기타 외식,꽃담은소,(주)아리솔에프씨,335638
기타 외식,육장갈비,(주)마루에프씨,360550
기타 외식,우마루,(주)마루에프씨,121363
기타 외식,종로할머니칼국수 수(手),(주)종로에프엔씨,142412
기타 외식,샤브향,(주)에스에프씨,591481
기타 외식,히노아지,(주)젠푸드,268000
기타 외식,카툰공감,(주)라이온에프지,195602
기타 외식,통큰갈비,(주)해성외식,525033
기타 외식,낭만쭈꾸미,(주)낭만연구소,864139
기타 외식,맛쭈서해쭈꾸미,(주)맛쭈,236449
기타 외식,보드람 치킨,(주)보드람씨앤알,184960
기타 외식,죽이야기,(주)대호가,133196
기타 외식,포36거리,포36거리,207457
기타 외식,진주품은활어,(주)진품,797702
기타 외식,육풍,(주)하율외식경영,851095
기타 외식,곽두리쪽갈비,(주)곽두리,125410
기타 외식,굴천지&초계국수,제이앤에스,257020
기타 외식,몽꼬,(주)어드밴스21,123794
기타 외식,공룡고기,(주)다이노에프에스,564180
기타 외식,퍼스트도마(1st도마),(주)다이노에프에스,310332
기타 외식,고양이부엌,(주)교동컴퍼니,175758
기타 외식,돈탐라,(주)돈탐라,321080
기타 외식,맥주터널,크레프트터널,129863
기타 외식,이동근선산곱창.막창,(주)에이투지,345219
기타 외식,라라감자탕,라라,278510
기타 외식,두찜,기영에프앤비(F&B),202805
기타 외식,에쎄레젤라또,(주)에쎄레,205589
기타 외식,샤브한쌈,(주)지에이치에스,384473
기타 외식,원조설악추어탕,(주)케리온,234835
기타 외식,한스델리,(주)한스앤컴퍼니,224911
기타 외식,마리웨일마카롱,(주)루시카토,129070
기타 외식,루시카토캔디,(주)루시카토,46468
기타 외식,치덕스,(주)상건,264000
기타 외식,국대오리,(주)상건,389453
기타 외식,콩샌,(유)콩샌,106051
기타 외식,꼬챙이,(주)제이에스인터푸드,121298
기타 외식,쭉심,주식회사 송상트레이딩,277559
기타 외식,승승삼겹,승승유통,243339
기타 외식,어처구니없는두릉도원북촌순두부,이제이피(주),550883
기타 외식,돈스락,(주)에스제이코리아,193993
기타 외식,반하는보쌈,(주)바른식,630947
기타 외식,바른식시골보쌈&감자옹심이,(주)바른식,79132
기타 외식,로드스테이크,(주)엔씨코리아푸드,289226
기타 외식,오쭈,(주)엔씨코리아푸드,399932
기타 외식,산쪼메,(주)산쪼메,243308
기타 외식,명동찌개마을,(주)정다원식품점,407164
기타 외식,솔레미오,(주)한울푸드라인,167928
기타 외식,화통집,(주)조은세상에프엔씨,597362
기타 외식,모노치즈(Mono Cheese),(주)엘투씨에프앤비,98049
기타 외식,팬아시아(Pan Asia),(주)팬아시아다인힐,900777
기타 외식,족발보쌈전문점 장충동B&F,(주)장충동B&F,119358
기타 외식,용가마순대,(주)용가마,155053
기타 외식,니뽕내뽕,(주)제이테이블,453080
기타 외식,경성함바그,(주)우리동네에프앤비,546143
기타 외식,김이박부대찌개앤스테이크,(주)영광식품,77496
기타 외식,청주본가,(주)영광식품,329707
기타 외식,바르다김선생,(주)바르다김선생,335874
기타 외식,공씨네주먹밥,맛있는놀이터외식사업부(주),102675
기타 외식,종로상회,(주)씨엠씨에프씨,719772
기타 외식,도네누,(주)도네누,350404
기타 외식,설화참숯닭갈비,다원푸드,160000
기타 외식,현죽,(주)한길에프씨,165956
기타 외식,군삼겹,(주)계경원,227023
기타 외식,은하철도 곱곱곱,(주)금표에프앤디,119623
기타 외식,푸릴리,(주)계경원,291329
기타 외식,짱큰대구대가리,짱큰FNC,109575
기타 외식,우박집,(주)계경원,346996
기타 외식,김영희강남동태찜,(주)해피푸드,339399
기타 외식,리맨즈,(주)에스에프이노베이션,358386
기타 외식,무한갈비만세,(주)계백미트,475544
기타 외식,돈까스클럽,(주)일승식품,863420
기타 외식,육대장,(주)육대장,586070
기타 외식,북촌손만두,(주)북촌사람들,413293
기타 외식,심청아배고파,(주)서정,214386
기타 외식,코다차야,(주)코다,2384692
기타 외식,산카이이자카야,(주)에스엔디코퍼레이션,598125
기타 외식,돼지들의맛있는전쟁돈삼육지,(주)해리코리아,613767
기타 외식,월남선생,(주)이든에프엔씨,176560
기타 외식,멘무샤조이,(주)오리엔탈푸드코리아,176267
기타 외식,코코샤브,(주)오리엔탈푸드코리아,779433
기타 외식,녹슨드럼통,녹통,313585
기타 외식,멘무샤,(주)오리엔탈푸드코리아,444298
기타 외식,호아빈,(주)오리엔탈푸드코리아,421469
기타 외식,샌드프레소,(주)동원홈푸드,76210
기타 외식,트래블앤쿡,(주)펀앤아이,416666
기타 외식,하노이별,하노이별,293643
기타 외식,갈매기먹짱,(주)씨엠월드에프앤씨,202039
기타 외식,Amity해변의 죠스찜닭,(주)퓨전한식연구소 디엠,304678
기타 외식,화주부(화덕피자 주는 부대찌개),(주)쉐프코리아,275911
기타 외식,깐깐한족발,(주)깐깐한패밀리,496241
기타 외식,길성이,(주)길성이,343571
기타 외식,원당감자탕,(주)나운에프에스,308895
기타 외식,그릴킹,(주)GK글로벌,106431
기타 외식,토시래,(주)퍼스트원,426936
기타 외식,고기굽는카페조선,(주)더 굿 에프앤씨,384035
기타 외식,신사소곱창,(주)에스에스에프앤비,545144
기타 외식,일오닭갈비,(주)일오,270123
기타 외식,순곱이네,(주)에스앤에프홀딩스,170348
기타 외식,쉬림프박스,용원에프앤비(F&B),156700
기타 외식,쭈꾸미달인,(주)달인에프앤비,188847
기타 외식,장충동왕족발보쌈,(주) 한가족,255182
기타 외식,WITCH COFFEE & Witch's Stick,(주)위치,62656
기타 외식,하우돈곱창,하우돈곱창,210281
기타 외식,개성집,(주)바름,513198
기타 외식,월남쌈김상사,(주)웰빙푸드에프씨,602017
기타 외식,노랑강정,주식회사 와이푸드,473872
기타 외식,고래고래회&해산물포차,(주)고래고래컴퍼니,753739
기타 외식,강남교자,(주)강남교자,584993
기타 외식,코나야,(주)세진푸드,552601
기타 외식,시골애,(주)시골애,385858
기타 외식,밀숲,(주)한소반,257539
기타 외식,곱창이야기,(주)기성피제이에스,371946
기타 외식,쪽갈비전문점 예감,(주)와이지인더스트리,189485
기타 외식,앗싸곱창,앗싸(주),168525
기타 외식,오주,월드린,87956
기타 외식,온마리,온마리에프앤시,212066
기타 외식,한우궁,파워푸드(유),1239092
기타 외식,레시피#9,(주)레시피원,288327
기타 외식,바이킹스,아시안키친(주),1669084
기타 외식,라무진,(주)라무진,372886
기타 외식,곱창폭식,(주)피플블라썸,618416
기타 외식,원웨이,아시안키친(주),318181
기타 외식,방콕익스프레스,(주)와이에스에프엔비,296829
기타 외식,김덕후의 곱창조,(주)김덕후컴퍼니,713086
기타 외식,제주돗통담,제주돗통담,202720
기타 외식,더램(THE램),더램,423233
기타 외식,뿅가야채곱창,원에프씨,31308
기타 외식,싱싱난리부르스 5000냥,싱싱난리부르스 5000냥,174263
기타 외식,다채쌈밥,에그트리,277278
기타 외식,국물아이가,친구FOOD,96666
기타 외식,불난술집,(주)화력발전소,377342
기타 외식,얼큰이찌개마을,한울프랜차이즈,354991
기타 외식,육회마을,한울프랜차이즈,466087
기타 외식,황소갈비,(주)명성에프앤비,800000
기타 외식,숯불의 향기,해피소스,189162
기타 외식,샤꼬,주식회사 도도에프알,233532
