업종,브랜드,상호,최근 2년간 매출 증가율
기타 외국식,Emoi(에머이),(주)에머이,-40.08
기타 외국식,경성양꼬치,(주)천지,-9.81
기타 외국식,그린하노이,(주)바로에프에스,-10.93
기타 외국식,다구오,(주)이랜드이츠,-16.11
기타 외국식,도스마스,(주)도스마스,-17.8
기타 외국식,도스타코스,(주)도스타코스,-5.84
기타 외국식,램플러스,(주)제이에이치,-13.37
기타 외국식,르번미(Lebunmie),(주)세지푸드,-10.33
기타 외국식,리틀파파포(Little PAPA Pho),(주)피엠씨에프앤비,-31.69
기타 외국식,메콩타이,(주)메콩타이컴퍼니,-18.46
기타 외국식,미각양꼬치,(주)미각,-2.83
기타 외국식,미분당,(주)미분당,-8.02
기타 외국식,베트남노상식당,(주)트리플에이컴퍼니,-18.11
기타 외국식,생어거스틴,(주)늘솜,0.74
기타 외국식,아리가또맘마,(주)트렌차이즈,-19.23
기타 외국식,월남국수,(주)더블유엔씨,-29.88
기타 외국식,유생촌,(주)유생촌푸드,11.83
기타 외국식,일공공샤브,(주)일공공코리아,144.33
기타 외국식,철판떼기,(주)꾸버가,-66.72
기타 외국식,토마틸로,비컨홀딩스(주),7.97
기타 외국식,포로이,(주)포로이,-7.6
기타 외국식,포보스,(주)아시아푸드리퍼블릭,-6.51
기타 외국식,포앤반(PHO&BANH),(주)푸디플랜,-47.49
기타 외국식,하노이포베트남쌀국수,(주)티엘에프앤씨,-27.78
기타 외국식,하와이새우트럭,(주)하와이팩토리,-11.07
기타 외국식,핵스테이크,(주)핵가족,45.15
기타 외국식,호아빈,(주)오리엔탈푸드코리아,-10.23
기타 외식,33떡볶이,성백F&S,-8.88
기타 외식,55온족발,55온푸드,-4.08
기타 외식,79네수육국밥,79푸드컴퍼니(주),-0.81
기타 외식,MH백년갈비,(주)만호미트농업회사법인,-7.37
기타 외식,WITCH COFFEE & Witch's Stick,(주)위치,0.02
기타 외식,jay coffee,제이에이치푸드,-2.36
기타 외식,가마치통닭,(주)티지와이,103.16
기타 외식,가츠린,(주)쿡앤리빙,-13.94
기타 외식,갈매기먹짱,(주)씨엠월드에프앤씨,-17.68
기타 외식,강남교자,(주)강남로하스,-7.37
기타 외식,개성집,(주)바름,-4.31
기타 외식,경성함바그,(주)우리동네에프앤비,-10.44
기타 외식,고마담치킨,씨케이프랜즈,3.64
기타 외식,고반식당,(주)고반에프앤비,-0.45
기타 외식,고베규카츠,(주)더블유에스컴퍼니,-11.61
기타 외식,고양이부엌,(주)교동컴퍼니,10.79
기타 외식,곱선생,(주)리더스코리아코퍼레이션,20.45
기타 외식,곱창가,(주)푸드하우스,-5.79
기타 외식,곱창고,(주)제이엔케이패밀리,-24.65
기타 외식,곱창이야기,(주)기성피제이에스,-11.88
기타 외식,곱창제작소,(주)더나은에프앤디,-8.17
기타 외식,곱창폭식,(주)피플블라썸,-18.41
기타 외식,공룡고기,(주)다이노에프에스,-9.29
기타 외식,공릉동원조멸치국수,원조멸치국수,0.85
기타 외식,구슬함박,(주)구슬함박,1.98
기타 외식,구이가,(주)가업에프씨,-11.15
기타 외식,국대오리,(주)상건,-5.0
기타 외식,국민닭발,국민푸드,-2.55
기타 외식,굴세상,(유)굴세상,21.98
기타 외식,굴천지&초계국수,제이앤에스,-24.43
기타 외식,그라찌에,(주)풍전에프앤비,9.03
기타 외식,그램그램,(주)빅투,-8.85
기타 외식,김가네김밥,(주)김가네,-3.25
기타 외식,김덕후의 곱창조,(주)김덕후컴퍼니,-16.61
기타 외식,김부삼,(주)제이에스와이푸드,-9.34
기타 외식,김영희강남동태찜,(주)해피푸드,3.13
기타 외식,김이박부대찌개앤스테이크,(주)영광식품,71.35
기타 외식,깐깐한족발,(주)깐깐한패밀리,14.74
기타 외식,깨순이김밥,(유)대성물류,-4.46
기타 외식,꼬꼬씨참숯불닭갈비,(주)꼬꼬씨에프,161.38
기타 외식,꼬챙이,(주)제이에스인터푸드,-89.81
기타 외식,꽃담은소,(주)아리솔에프씨,31.82
기타 외식,나드리김밥,(주)나드리에프에스,-20.34
기타 외식,남가네설악추어탕,(주)미라지식품,-3.4
기타 외식,남도술상,(주)남도에프앤씨,5.65
기타 외식,노가리&BEER,(주)티엘에프앤씨,18.85
기타 외식,노군꼬치,(주)리앤브라더스컴퍼니,-10.63
기타 외식,노랑강정,(주)와이푸드,-3.93
기타 외식,농부애갈비,(주)농부애푸드,-15.33
기타 외식,농장사람들,농장사람들(주),-3.31
기타 외식,누룩꽃 피는날,(주)노른자팩토리,-1.97
기타 외식,니뽕내뽕,(주)제이테이블,-2.0
기타 외식,다영신토불이,농업회사법인(주)다영푸드,-8.83
기타 외식,다이닝센,(주)더센코리아,-4.91
기타 외식,다채,(주)폴스타파트너스,-16.27
기타 외식,닥엔돈스,FC푸드,-15.42
기타 외식,달곰김밥,달곰푸드,-4.56
기타 외식,달구지막창,(주)달구지푸드,0.47
기타 외식,달려라팬,달려라팬,-49.54
기타 외식,달테이블,(주)비본코리아,-4.96
기타 외식,닭이봉춘천닭갈비,진푸드서비스,2.99
기타 외식,닭익는마을,(주)지엔에스에프앤비,10.33
기타 외식,닭코치 비어선수,(주)알피,-32.73
기타 외식,담락참치일잔,(주)담락,29.66
기타 외식,대구반야월막창,(주)대구반야월막창,5.69
기타 외식,대구우야지막창,(주)대구우야지막창,-10.83
기타 외식,대패가1900,대패가1900,-9.08
기타 외식,더돈까스(the돈까스),(주)폴스타파트너스,-18.66
기타 외식,더오니기리플러스,(주)더원코리아,-14.48
기타 외식,더족발,더족발,-9.33
기타 외식,더코드,(주)더만듦,83.38
기타 외식,도쿄스테이크,해피브릿지협동조합,-19.45
기타 외식,돈까스짱,(주)먹깨비푸드,71.7
기타 외식,돈까스클럽,(주)일승식품,-5.29
기타 외식,돈수백,(주)푸디안,9.4
기타 외식,돈탐라제주,(주)돈탐라제주,-25.43
기타 외식,등갈비달인,(주)마스터푸드,74.71
기타 외식,디저트39,(주)디저트메이커스,-6.71
기타 외식,떼루와,(주)떼루와,-9.12
기타 외식,뚜띠쿠치나,지엘라온(주),5.09
기타 외식,라라코스트(raracost),(주)라라에프앤비(RARAF&B),0.07
기타 외식,라무진,(주)라무진,-3.61
기타 외식,로니로티,(주)엘케이푸드글로벌,25.67
기타 외식,리얼안심탕수육,(주)록원에프엔비,18.67
기타 외식,리원,(주)리원에프앤씨,34.34
기타 외식,마늘은약이다 보쌈&족발,(주)하늘푸드시스템,-2.35
기타 외식,마루샤브,마루앤F/D,-8.48
기타 외식,막창도둑,(주)엠디푸드시스템,-5.4
기타 외식,만복국수집,(주)은혜푸드,-4.78
기타 외식,말자네약속다방,(주)금탑에프앤비,-36.86
기타 외식,맛나슈퍼,(주)조은음식드림,6.74
기타 외식,맛있는 오칠구,(주)오칠구,-10.34
기타 외식,맛쭈서해쭈꾸미,(주)맛쭈,57.54
기타 외식,매반생면,매반생면,9.38
기타 외식,맥쓰(MEXX)세계치킨,맥쓰(MEXX)세계치킨,-1.93
기타 외식,메고지고,(주)라이스파이,-13.5
기타 외식,메밀나라,(주)메밀나라,6.26
기타 외식,멘무샤,(주)오리엔탈푸드코리아,-22.53
기타 외식,목우촌미소와돈,(주)농협목우촌,-35.49
기타 외식,목우촌웰빙마을,(주)농협목우촌,33.04
기타 외식,몽뜨레셰프,(주)제이앤피몽뜨레,-89.19
기타 외식,미방,㈜미방,8.43
기타 외식,미스코다리 미스터황태,쿠잉에프엔씨(CooingF&C),-39.01
기타 외식,미스터빠삭,(주)마코푸드시스템,-23.84
기타 외식,미쓰족발,보승FC,-9.45
기타 외식,미친고기,미친고기,1.79
기타 외식,밀겨울,(주)오니규,-26.54
기타 외식,바B큐맥덕,(주)상건,-5.0
기타 외식,바다양푼이 동태탕 찜,(주)예진희알이에프,0.04
기타 외식,바르미샤브샤브n칼국수,(주)즐거운세상,18.62
기타 외식,바르미샤브칼국수,(주)즐거운세상,-3.52
기타 외식,바오밥(BAOBAB),(주)바오밥아이엔씨,-8.49
기타 외식,바이젠하우스,(주)금강브루어리,-3.6
기타 외식,바푸리pho베트남쌀국수,(주)비피알,-21.06
기타 외식,박은자맛사랑,(주)다나,49.67
기타 외식,밥스테이크,(주)더꿈,-3.52
기타 외식,배가네동태탕찜전문점,배가네동태탕,55.81
기타 외식,배달5삼겹,(주)피에프에스,1.22
기타 외식,배달돼지,(주)배달돼지,-29.91
기타 외식,배터지는갈비,배터지는갈비,-50.36
기타 외식,백년회관서서갈비,(주)다이노에프에스,62.75
기타 외식,백정,(주)육칠팔,25.4
기타 외식,버거앤프라이즈(Burger&Friez),(주)비엔에프시리즈,-6.91
기타 외식,버금새우,(주)버금에프앤비,-7.39
기타 외식,병천황토방순대,(주)병천아우내식품,1.29
기타 외식,보돌미역,(주)비엔에스에프앤비,-9.89
기타 외식,보리네생고깃간,보리네협동조합,-74.76
기타 외식,봉구스밥버거,(주)부자이웃,9.14
기타 외식,부엉이돈가스,(주)부엉이에프엔비,-9.92
기타 외식,북촌손만두,(주)북촌사람들,0.96
기타 외식,불난술집,(주)화력발전소,-21.42
기타 외식,불닭발땡초동대문엽기떡볶이,(주)핫시즈너,1.44
기타 외식,불불이족발,(주)비앤비푸드시스템,-8.25
기타 외식,붐바타,해마로푸드서비스(주),72.34
기타 외식,브라운돈까스,(주)브라운에프앤씨,0.15
기타 외식,블랙스테이크,(주)더블유에스컴퍼니,-11.59
기타 외식,비에뜨반미,(주)비에뜨반미,-38.97
기타 외식,빛나는바다,(주)빛나는바다,11.46
기타 외식,빨봉분식,(주)비엔피푸드,-14.58
기타 외식,뽕잎사랑샤브칼국수보쌈냉면,(주)성신에프씨,2.93
기타 외식,뿅가야채곱창,원에프씨(주),-46.99
기타 외식,산청자매훠궈,산청자매훠궈,-4.49
기타 외식,삼겹시대1900,(주)비케이세븐코리아,-20.39
기타 외식,삼돈이,(주)알앤씨,7.18
기타 외식,삼육칠하우스,(주)유원에프앤비,-12.94
기타 외식,상 동양수산,(주)일센치,-9.97
기타 외식,샌드리아,(주)엘에이치지,51.8
기타 외식,샌드프레소,(주)동원홈푸드,62.48
기타 외식,샐러디,(주)샐러디,7.39
기타 외식,샤브향,(주)샤브향,-7.66
기타 외식,서병장대김이병,(주)백호에프앤비,12.67
기타 외식,서소문족발,서소문(주),-8.87
기타 외식,설원칡냉면&푸짐보쌈,입안에행복,8.37
기타 외식,설화참숯닭갈비,다원푸드,-7.68
기타 외식,세광교대이층집,(주)세광그린푸드리테일,-3.38
기타 외식,셰프의돈까스,이든푸드그룹,4.22
기타 외식,소담비빔국수,(주)태강에프앤씨,14.83
기타 외식,소담촌,(주)웰빙코리아,10.81
기타 외식,소한마리몽땅무쏘,(주)바른미트,-10.71
기타 외식,쇼부,(주)티엠홀딩스,-54.23
기타 외식,수내닭꼬치,(주)현풍,-21.56
기타 외식,수누리,(주)에스엔알푸드,0.38
기타 외식,순곱이네,(주)순곱이네프랜차이즈,17.67
기타 외식,순남시래기,바른창업(주),1.45
기타 외식,숨비소리,(주)춘자외식,-27.11
기타 외식,숯불의 향기,해피소스,-13.93
기타 외식,쉐프의부대찌개,(주)케이더블유프랜차이즈,-17.37
기타 외식,스푼더마켓,(주)오리지날스푼,-8.1
기타 외식,신도세기,더에스지파트너스(주),22.64
기타 외식,신복관,신복관,1.46
기타 외식,신사소곱창,(주)에스에스에프앤비,-7.14
기타 외식,심야스테이크,심야,-16.5
기타 외식,심청아배고파,(주)서정,10.08
기타 외식,싱글벙글복어,싱글벙글,1.37
기타 외식,싸움의고수,(주)란체스터에프앤비,-13.46
기타 외식,쏘쏘맥주집,가야푸드,-8.7
기타 외식,아그집쭈꾸미,(주)아그집쭈꾸미,20.68
기타 외식,아비꼬,쿠산코리아(주),-13.92
기타 외식,아자부,(주)에스와이인터네셔날,-19.38
기타 외식,안동한우곱창,(주)제이오푸드,28.99
기타 외식,앗싸곱창,앗싸(주),7.05
기타 외식,애플블러썸,애플블러썸,94.05
기타 외식,양연화로,(주)양연에프엔비,-8.91
기타 외식,어묵나라,(주)사모,-16.15
기타 외식,어처구니없는두릉도원북촌순두부,이제이피(주),-5.02
기타 외식,엉뚱한상상,파워푸드(유),-6.28
기타 외식,엉클부대찌개,(주)엉클컴퍼니,-3.09
기타 외식,에그드랍(EGG DROP),(주)골든하인드,31.68
기타 외식,에쎄레젤라또,(주)에쎄레,5.0
기타 외식,엑소엑소 푸드카페,(주)세컨드찬스,112.74
기타 외식,연막술,(주)푸드리아,-33.5
기타 외식,연어로만,(주)거룩한일오삼,-23.33
기타 외식,연타발,(주)행복한구이세상,-16.92
기타 외식,오공복이,(주)남쪽나라,-29.12
기타 외식,오늘김해생뒷고기,오늘김해뒷고기,-5.56
기타 외식,오니기리와이규동,(주)오니규,-20.08
기타 외식,오식야주육회관,(주)에이치제이컴퍼니,-4.75
기타 외식,오징어청춘,(주)청춘,2.37
기타 외식,오쭈,(주)엔씨코리아푸드,-1.68
기타 외식,온마리,온마리에프앤시,-10.07
기타 외식,완백부대찌개,씨엘카이로스(주),20.22
기타 외식,왓삼,왓삼푸드,-37.74
기타 외식,왕돈까스&왕냉면,오름푸드(주),-13.45
기타 외식,용호동낙지,(주)봉푸드,-3.98
기타 외식,우리동네미미네,(주)예스미미,-43.63
기타 외식,우리집다음에맛있는집양평해장국,(주)우리집다음에맛있는집,0.19
기타 외식,우마루,(주)마루에프씨,-3.38
기타 외식,웅이네 오돌뼈,(주)웅자네푸드,3.24
기타 외식,원당감자탕,(주)나운에프에스,-16.92
기타 외식,원조 김할머니 의령소바,(주)광개토에프에스,-18.37
기타 외식,원조설악추어탕,(주)케리온,-3.74
기타 외식,원조전통명가 통큰할매순대국,(주)로드썬,-18.17
기타 외식,월남선생,(주)이든에프엔씨,-19.82
기타 외식,월남쌈김상사,(주)웰빙푸드에프씨,-17.02
기타 외식,유천냉면,(주)유천대가,17.21
기타 외식,육감만족,(주)정담,-3.99
기타 외식,육봉달,(주)티아이코스모스,-23.9
기타 외식,육장갈비,(주)마루에프씨,-5.38
기타 외식,육전면사무소,(주)인지상정에이치엔,4.52
기타 외식,육회공작소,(주)피에프에스,-0.52
기타 외식,육회지존,인터푸드플래닝,0.53
기타 외식,육회한 감전통닭,(주)스타프렌차이즈,-15.9
기타 외식,육회한연어,(주)씨앤에이치글로벌,146.73
기타 외식,은하철도 곱곱곱,(주)금표에프앤씨,-88.36
기타 외식,은화수식당,(주)한경기획,-14.81
기타 외식,이름없는 파스타,(주)한평의꿈,45.58
기타 외식,이시봉 족발보쌈,(주)현백,-50.71
기타 외식,이차돌,(주)다름플러스,-7.65
기타 외식,이흥선참치,웃는돌참치,20.48
기타 외식,인근주민,모든F&C,-44.94
기타 외식,인기명,(주)인에프앤씨,-3.7
기타 외식,장금수부대찌개,금수식품,-19.0
기타 외식,장인닭갈비,(주)다이닝팩토리,29.38
기타 외식,장충당,(주)장충당,6.13
기타 외식,장혁민의 부대찌개,오름푸드,-22.77
기타 외식,전원숯불,전원숯불갈비,-7.81
기타 외식,정든낙지,정든푸드,-6.29
기타 외식,정든닭발,(주)정든,-5.2
기타 외식,정직한푸줏간육화몽,(주)일미락푸드네트웍스,-11.4
기타 외식,제주은희네해장국,(주)하솔에프앤비,4.91
기타 외식,족발야시장,(주)족발야시장,-11.23
기타 외식,종로김밥,(주)제이알에프앤로지스,5.24
기타 외식,종로맥가,(주)종로맥가,-4.49
기타 외식,지짐이,(주)우용에프앤비,-2.53
기타 외식,지훈남닭발,지훈남에프앤이(주),-14.85
기타 외식,진1926,더진코리아(THEJINKOREA),-0.55
기타 외식,"진가원 전주콩나물국밥,묵사발",(주)진가원푸드,-16.16
기타 외식,징기스,(주)이에이치컴퍼니,-10.48
기타 외식,짬뽕상회,(주)짬뽕상회,-22.57
기타 외식,쪽갈비전문점 예감,(주)와이지인더스트리,-41.9
기타 외식,쭉심,(주)송상트레이딩,-2.95
기타 외식,청담동말자싸롱,(주)금탑에프앤비,-17.95
기타 외식,청주본가,(주)영광식품,3.84
기타 외식,청춘감성쌀핫도그,(주)청춘감성쌀핫도그,-13.73
기타 외식,청춘연가,(주)에쓰와이프랜차이즈,-27.84
기타 외식,최동민양푼갈비,최동민양푼갈비,-19.86
기타 외식,추오정,(주)아정푸드시스템,1.14
기타 외식,치주고고,브로에프씨,-17.83
기타 외식,치즈밥있슈?,치즈밥있슈,-55.67
기타 외식,치폴레옹,(주)해피존에프앤비,-28.58
기타 외식,칠프로칠백식당,(주)칠프로칠백식당,23.85
기타 외식,카츠젠,카츠젠,-4.26
기타 외식,카툰공감,(주)라이온에프지,6.79
기타 외식,칼리가리 박사의 밀실,(주)올모스트페이머스,4.14
기타 외식,캠토토스트,(주)주안,-47.64
기타 외식,커피스미스,커피스미스에프씨(주),-1.03
기타 외식,코바코,(주)호경에프씨,-17.73
기타 외식,코이라멘,(주)코이,466.23
기타 외식,코코샤브,(주)오리엔탈푸드코리아,-11.19
기타 외식,콩사돈,(주)지엠푸드,12.94
기타 외식,콩샌,(유)콩샌,-8.88
기타 외식,콩심,(주)맛있는푸드,10.66
기타 외식,쿡1015,(주)홍익푸드,-6.84
기타 외식,킨지(KINJI),(주)킨지(KINJI),-12.37
기타 외식,타코비,(주)타코비코리아,-25.55
기타 외식,토마토도시락,(주)다채원,40.77
기타 외식,통돼지두루치기 한돈돈돈,(주)에스엠푸드,8.73
기타 외식,통큰갈비,(주)해성외식,-2.48
기타 외식,통큰무한삼겹,프렌차이즈통큰,4.96
기타 외식,팔삼닭발,TheHoon코퍼레이션,-21.44
기타 외식,팬아시아(Pan Asia),(주)팬아시아다인힐,-25.13
기타 외식,펍피맥,(주)씨엔에프알티에스,-20.05
기타 외식,포36거리,포36거리가맹사업부,-3.59
기타 외식,포메인,(주)데일리킹,-16.54
기타 외식,포아이니(PHOINI),(주)아이윈,-20.97
기타 외식,포차끝판왕,(주)투애니시스템(2NESystem),-12.79
기타 외식,푸릴리,(주)계경원,-2.13
기타 외식,풀잎채,(주)풀잎채,26.17
기타 외식,풍국면,(주)진담,-26.06
기타 외식,하노이별,하노이별기흥점,6.49
기타 외식,하늘보리피자,(주)웰가코리아,-9.47
기타 외식,하우돈곱창,하우돈곱창,-3.43
기타 외식,한스델리,(주)한스앤컴퍼니,-8.19
기타 외식,한씨네대가추어탕,농업회사법인(주)한씨네,-0.66
기타 외식,한우궁,파워푸드(유),-0.58
기타 외식,해산물직화구이전문점삼바리,삼바리,7.2
기타 외식,해초과메기,(주)해랑,-5.69
기타 외식,현죽,(주)한길에프씨,23.82
기타 외식,호천당,푸드피알,-8.96
기타 외식,호토모토(HottoMotto),(주)와이케이푸드서비스,6.06
기타 외식,홍대개미,(주)후니에프앤비,-9.54
기타 외식,홍수계찜닭,(주)마루퍼슨스,42.38
기타 외식,화덕고깃간,(주)강남에프앤비,-32.12
기타 외식,화로상회,(주)하마에프씨,21.05
기타 외식,화통집,(주)조은세상에프엔씨,-46.72
기타 외식,화포식당,(주)다이닝에스엠,2.24
기타 외식,화화,(주)미소에프엔씨,-8.81
기타 외식,황가네꼼닭,(유)지앤에스,-8.26
기타 외식,황홀한막창,디오디시스템,17.67
기타 외식,회덮밥전문점인마루,(주)마루에프앤씨,-19.37
분식,135튀김집,(주)대원어묵,1.4
분식,걸작떡볶이치킨,(주)위드인푸드,-6.77
분식,고수라,(주)고수라,3.06
분식,공수간,(주)놀부,-75.91
분식,공씨네주먹밥,맛있는놀이터외식사업부(주),6.28
분식,구포국수,제이피토탈,-2.18
분식,국수나무,해피브릿지협동조합,-4.22
분식,귀일,(주)오픈스카이앤귀일,-28.41
분식,김대표 김밥,(주)덕,0.54
분식,김피라(kimpira),(주)솔트앤슈가,-32.54
분식,꾼떡,(주)트로이,-22.98
분식,나는 조선의 떡볶이다,(주)이노레시피,41.57
분식,남문떡볶이,(주)유민에프앤씨,17.29
분식,더바스켓,(주)성하식품,10.78
분식,덕자네방앗간,(주)덕자네방앗간,74.87
분식,돈페,히노아스카(주),-14.79
분식,두끼,(주)다른,7.25
분식,떡볶이스타,스타푸드시스템,-92.09
분식,뚱보아저씨 돈가스,뚱보아저씨,17.01
분식,로봇김밥,(주)로봇에프앤비,-7.77
분식,리김밥,(주)바인인터내셔날,9.49
분식,마포만두,(주)다우림푸드,-96.32
분식,마피아떡볶이,밥값계산하는남자들,-2.73
분식,만두여행,(주)인화에프엔비,-66.12
분식,명동할머니국수,(주)봉원에프앤비,6.61
분식,명인만두,(주)명인에프엔비,-5.03
분식,미가람팔팔닭떡볶이,(주)미가람,22.57
분식,미정국수0410,(주)더본코리아,11.68
분식,밀방떡,형네가게,11.03
분식,밀크밥버거,(주)오색만찬,-21.02
분식,바로그집,하나유통,-30.54
분식,바르다김선생,(주)바르다김선생,6.75
분식,바푸리,(주)비피알,-6.85
분식,반장떡볶이,(주)반장푸드,-12.9
분식,밥맛나는세상,(주)소디프비앤에프,-10.89
분식,밥앤스낵,(주)트로이,29.59
분식,버무리떡볶이,(주)이플푸드,3.95
분식,보영만두,(주)보영,1.82
분식,보용만두,(주)보용에프앤씨,11.54
분식,부들부들떡볶이,(주)부들부들,14.05
분식,부산어묵,비에프씨F&D,82.99
분식,북문로떡볶이,(주)북문로키친,-11.55
분식,분식쌀롱,동행푸드,-17.73
분식,불스떡볶이,(주)비케이홀딩스,2.65
분식,불오뎅,공공식품,11.57
분식,생생돈까스,(주)에버리치에프앤비,35.11
분식,서가원김밥,(주)오색만찬,-39.82
분식,선비꼬마김밥,(주)와이엔비푸드,3.93
분식,소가담,(주)센치밀리,-8.83
분식,송촌꼬마김밥,송촌꼬마김밥,5.64
분식,수유리우동집,(주)물과소금,-15.03
분식,스쿨스토어,(주)스쿨스토어,-3.56
분식,스쿨푸드,(주)에스에프이노베이션,8.57
분식,신대장 떡볶이,캡틴신푸드시스템,-0.93
분식,신떡,(주)신화에프앤비,18.75
분식,신참떡볶이,(주)신참에프앤씨,-5.39
분식,신포우리만두,(유)신포우리식품,3.6
분식,신화신가네매운떡볶이,신화,23.1
분식,심할머니안흥찐빵만두,어우리,-5.7
분식,아딸,(주)아딸,-8.77
분식,애플김밥,(주)애플김밥,-3.98
분식,얌샘,(주)얌샘,-14.12
분식,엄청난떡볶이,엄청난떡볶이,5.36
분식,엉클박스,엉클상회,-1.21
분식,역전우동0410,(주)더본코리아,-13.79
분식,열정분식소,해낸오버파워(주),21.25
분식,오늘애김밥(오늘愛김밥),(주)오늘애,0.38
분식,오떡,(주)에이치앤비푸드,-36.58
분식,오마뎅,(주)오마뎅,-14.48
분식,오별난멸치국수,(주)누들앤푸드,-1.32
분식,오정은A김밥,(주)오정은,7.92
분식,올떡,(주)지엔에스올떡,-6.78
분식,왕순이 주먹밥 김밥,(주)왕순이,-61.16
분식,용우동,(주)용마을,-25.71
분식,우럼마왕만두,우럼마에프앤디,-16.2
분식,우리동네국수집,(주)봉화산푸드,-5.4
분식,우리둥지,(주)우리둥지,3.31
분식,웁스떡볶이,웁스에프앤씨,28.88
분식,으니의수라간,(주)원스에프엔비,23.58
분식,응급실국물떡볶이,(주)금해코리아,27.71
분식,이삭토스트,(주)이삭,6.98
분식,이여사나무김밥,(주)다온코리아,-14.45
분식,이웃집소녀떡볶이,이웃집소녀쉐프,-18.98
분식,인정국물떡볶이,인정푸드시스템,-51.58
분식,잇또라멘,(주)와이더잇,-17.9
분식,자매떡볶이,(주)든해자매,-13.76
분식,장상궁김밥,(주)장상궁,-3.77
분식,장호덕손만두,장호덕손만두,-47.12
분식,정성한줄,(주)해밀코리아,-6.29
분식,죠스떡볶이,(주)죠스푸드,0.05
분식,즉석국물떡볶이 달쫀,달쫀,-4.74
분식,지지고(GGGO),(주)더블유엔씨,-14.18
분식,진미면막국수,진미면막국수,10.87
분식,찰스숯불김밥,(주)찰스푸드,0.41
분식,참숯불닭발불떡볶이,(주)위드미,0.5
분식,채다올김밥,다올에프엔씨,-5.79
분식,춘하추동,"춘하추동F&C,동진여관",6.68
분식,치피떡,(주)생활에프앤비,24.75
분식,킹콩떡볶이,이심전심(주),-1.85
분식,토마토김밥,(주)푸름에프앤에스,-18.27
분식,틈새라면,(주)틈새상사,2.18
분식,파더스김밥,(주)미셰프,-76.94
분식,한국수,알에스코리아,-19.88
분식,핫프렌즈 핫도그,(주)위드미,-27.52
분식,행컵,(주)혜성푸드빌,-22.65
분식,호떡당,(주)그랜드비스타,-16.47
분식,효형제돈까스,효브라더스,22.52
서양식,닐리,(주)엔아이에프앤씨,2.4
서양식,동성로매콩돈까스와 냉면,동성로매콩돈까스와냉면,5.59
서양식,롱브레드,(주)파인푸드컴퍼니,79.32
서양식,루스트플레이스,㈜메이크어베러(Makeabetter),-1.17
서양식,맨인더키친(MAN IN THE KITCHEN),(주)다오이앤씨,-2.75
서양식,모모스테이크,(주)시작,-19.75
서양식,미쿡식당,푸드리퍼블릭코리아(유),-21.2
서양식,바네스,바네스코리아(주),-85.0
서양식,봉대박스파게티,(주)에프씨봉대박,9.49
서양식,빈체로,(주)에스씨케이,-17.86
서양식,샤이바나,(주)태그린,-21.21
서양식,서가앤쿡,(주)에스앤에스컴퍼니,-1.59
서양식,스탠딩스테이크,(주)푸디아,-8.62
서양식,스파게티스토리,(주)스토리푸드,-5.03
서양식,스파게티스토리까르보네,(주)인토외식산업,5.25
서양식,스푼필라프,(주)다다코퍼레이션,9.21
서양식,아날로그키친,(주)더에이그룹,-15.96
서양식,아인방,(주)새모양에프앤비,-31.72
서양식,컨트리맨즈,(주)촌놈인터내셔널,-18.18
서양식,클램(CLAM),(주)씨에프씨(CFC),-9.88
서양식,파스토보이(pastoboy),(주)우주소년,54.58
서양식,플라잉볼,(주)플라잉테이블,-12.83
서양식,한끼맛있다,(주)쉐프마인드,-24.01
서양식,행복이있는그곳돈까스식당,더셰프코리아,-52.59
서양식,헌터스문,(주)농협목우촌,14.52
서양식,홍익돈까스,(주)홍익,-3.52
아이스크림/빙수,도쿄빙수,(주)에스에스에이푸드,-18.07
아이스크림/빙수,바세츠 아이스크림(BASSETTS ICE CREAM),(주)바세츠코리아,-23.37
아이스크림/빙수,배스킨라빈스,비알코리아(주),2.76
아이스크림/빙수,브알라,(주)브알라,-6.61
아이스크림/빙수,빙달,(주)빙달,-58.62
아이스크림/빙수,빨라쪼델프레도,(주)빨라쪼,-23.05
아이스크림/빙수,설빙,(주)설빙,-14.34
아이스크림/빙수,소프트리(SOFTREE),(주)소프트리,30.26
아이스크림/빙수,젤라뚜또,(주)젤라뚜또,-7.99
음료(커피 외),19티(TEA),(주)참인포텍,-10.3
음료(커피 외),곰브라더스,(주)제이스타임,3.74
음료(커피 외),공차,(주)공차코리아,39.98
음료(커피 외),더퓨러,(주)퓨로에프앤비,46.29
음료(커피 외),마이쥬스,(주)마이에프앤비,63.28
음료(커피 외),스무디킹(SMOOTHIEKING),스무디킹코리아(주),-6.54
음료(커피 외),아마스빈코리아,(주)스토어하우스,22.57
음료(커피 외),오가다,(주)오가다,-7.45
음료(커피 외),쥬스스타,선우프로듀스(주),-3.77
음료(커피 외),쥬스킹(JUICE KING),(주)엠투에프앤비,-19.78
음료(커피 외),쥬스팩토리,(주)쥬스팩토리,14.42
음료(커피 외),쥬씨(JUICY),쥬씨(주),1.2
음료(커피 외),킹콩쥬스엔커피,(주)킹콩쥬스엔커피,-13.92
음료(커피 외),팔공티,(주)팔공티,38.41
일식,DON돈까츠,DON돈까츠,-16.0
일식,金太郞,(주)예가,-16.36
일식,가츠몽,(주)가츠몽,-3.16
일식,겐로쿠우동,겐로쿠우동,-5.59
일식,기소야,(주)공영식품,-2.98
일식,꽃남연어집,(주)꽃미남브라더스,-5.54
일식,도꼬돈카츠,(주)도꼬야,13.03
일식,도쿄라멘,(주)초심에프앤씨,-32.39
일식,돈돈정,(주)제이에스푸드컴퍼니,-16.52
일식,동명 카츠,(주)던케이투에스,4.8
일식,마루가메제면,(주)토리돌코리아,-18.8
일식,마마돈,굿펠라스(goodfellas),16.29
일식,마싰는끼니,(주)최고식품카페아라,53.25
일식,마카나이,(주)더준푸드원,-32.89
일식,멘무샤조이,(주)오리엔탈푸드코리아,-80.43
일식,멘야산다이메,(주)재팬푸드서비스,-22.45
일식,미소야,(주)보우앤파트너스,3.37
일식,미스터스시,(주)해운대엠에스,12.63
일식,미카도스시,(주)올바른에프앤비,1.09
일식,배터지는생동까스,(주)진진에프씨,96.89
일식,사보텐,(주)캘리스코,26.72
일식,산카이 이자카야,(주)에스앤디코퍼레이션,-17.58
일식,소노야,(주)공영식품,-1.29
일식,수코미치,수기획,-25.42
일식,스시웨이,(주)사보르웨이,-6.08
일식,스시투어,스시투어,0.91
일식,스타동,스타동패밀리,-12.87
일식,시오도메,(주)소담푸드,-17.94
일식,신기소,(주)공영식품,2.8
일식,심야오뎅,(주)골든스트릿,-18.83
일식,아프로,(주)즐거운,-10.76
일식,야끼화로,(주)야끼화로,4.02
일식,야미가,(주)제이더블유푸드코리아,-14.81
일식,오와스시,오와스시,-20.73
일식,오이시라멘,오이시라멘,-17.18
일식,유리카모메,(주)광장,6.51
일식,유부남,(주)청년부름,-13.17
일식,이태원천상,(주)에프씨천상,-1.48
일식,주인의주방,(주)트리플에이컴퍼니,34.3
일식,카모메,(주)카모메호스피탈리티그룹,879.28
일식,코소코소,흥인푸드,-23.32
일식,코코로벤또,(주)카모메호스피탈리티그룹,-20.89
일식,쿠벤(KU·BEN),(주)아이딜홈,-19.6
일식,쿠우쿠우,(주)쿠우쿠우,7.35
일식,키무카츠,㈜키무카츠아시아,-30.53
일식,키햐아,(주)우리우스,-30.78
일식,토끼정,(주)에스앤에스코퍼레이션,-12.97
일식,하나돈까스,(주)파나,11.04
일식,하루엔소쿠,(주)하루돈,-10.66
일식,하코야,(주)엘에프푸드,-5.74
일식,홈팝참치,(주)동심컴퍼니,-34.56
일식,홍대돈부리,(주)홍대돈부리,-16.62
일식,히노아지,(주)젠푸드,-28.96
제과제빵,갓식빵,(주)무진,-46.44
제과제빵,고구맘,영주농업회사법인(주),19.32
제과제빵,고집불통 식빵싸부,고집불통식빵싸부,-24.58
제과제빵,곤트란쉐리에,(주)곤트란쉐리에코리아,-6.21
제과제빵,그린브라우니(green brownie),(주)그린브라우니,-3.0
제과제빵,나나케이크,(주)나나드림,-27.87
제과제빵,내가만든미케익,케익타르트,-9.06
제과제빵,더베이크,세영이지(주),-1.0
제과제빵,더브라운,(주)프리스코,-14.85
제과제빵,던킨/던킨도너츠,비알코리아(주),6.67
제과제빵,따삐오,(주)에스피씨삼립,10.66
제과제빵,또아식빵,(주)또아식빵,-34.56
제과제빵,뚜레쥬르,씨제이푸드빌(주),0.07
제과제빵,로띠번,(주)로띠번코리아,9.26
제과제빵,롤링핀,(주)롤링핀컴퍼니,-11.06
제과제빵,르뽀미에,(주)에스피씨삼립,28.58
제과제빵,마리웨일237,(주)루시카토,2.54
제과제빵,맘스케익,(주)맘스푸드,-16.95
제과제빵,망원동티라미수,(주)망원동티라미수,2.73
제과제빵,명랑시대쌀핫도그,명랑시대외식청년창업협동조합,-2.41
제과제빵,못난이꽈배기,(주)못난이푸드,54.57
제과제빵,바푸리수제식빵,(주)비피알,-46.23
제과제빵,본정,본정초콜릿(주),-26.43
제과제빵,브레댄코(bread&co.DAILY-NEW),(주)브레댄코,-2.25
제과제빵,블럭제빵소,(주)블럭에프에스,-31.19
제과제빵,비어드파파,스위트밀(주),13.52
제과제빵,빈스킹토스트,(주)빈스킹코리아,-20.05
제과제빵,빵장수단팥빵,(주)피쉐프코리아,15.94
제과제빵,송사부수제쌀고로케,(주)마스터에프엔비,-2.92
제과제빵,식빵이맛있는집 네모,(주)그린문컴퍼니,-43.46
제과제빵,신라명과,(주)신라명과,-29.53
제과제빵,심봉사도로케,(주)티엠드,-13.64
제과제빵,쌀똑핫도그,(주)초베이,75.22
제과제빵,아리랑수제핫도그,(주)아리랑에프앤비,16.86
제과제빵,앤티앤스,(주)재원푸드,6.32
제과제빵,오케이크(O'CAKE),H2(에이치2),44.98
제과제빵,오페뜨,(주)오페뜨,-31.51
제과제빵,이앤바이(이n바이),(주)이지바이플러스,9.85
제과제빵,정도너츠,농업회사법인(주)정담,3.2
제과제빵,정항우케익,(주)명품정항우케익,1.34
제과제빵,천안옛날호두과자,(주)능수제과옛날호두과자,60.45
제과제빵,커피홀베이커리,(자)동명식품서울지점,-10.86
제과제빵,케이크를부탁해,(주)케이크를부탁해,5.01
제과제빵,코코호도,(주)샤마,11.33
제과제빵,크리스피크림,롯데지알에스(주),-2.95
제과제빵,타르타르,(주)바로만든,-18.43
제과제빵,파리바게뜨,(주)파리크라상,-0.23
제과제빵,풍년제과,(주)강동오케익,-31.66
제과제빵,한스(HANS),(주)한스제과,-13.18
제과제빵,한스브레드카페,대전광역시동네빵집협동조합,-20.26
제과제빵,핫브레드,(주)에이치비푸드,26.59
제과제빵,호두랑파이랑,호두랑파이랑,-9.91
제과제빵,호밀호두,(주)호밀호두,-3.66
제과제빵,홍루이젠,(주)타이웨이,-8.07
주점,1도씨맥주(1℃ 맥주),(주)우리듬,-2.81
주점,3883 팔도실비집,삼정코리아,16.65
주점,79대포,(주)더벗,-5.76
주점,가르텐호프앤레스트,(주)비어프랜드,-0.69
주점,간이역,주인프래너스(주),4.13
주점,갈매기브루잉,갈매기브루잉(주),-8.76
주점,개집비어,(주)개집비어,-13.99
주점,구노포차,(주)디디프랜즈,-2.61
주점,구름공방,(주)인토외식산업,-15.88
주점,군선생,(주)군선생,-16.04
주점,김봉남포장마차,(주)봉남푸드,-21.09
주점,김양비어,(주)모두가족,-27.92
주점,꼬지사께,(주)에쓰와이프랜차이즈,-10.37
주점,꾼노리,(주)빅토리어스,-5.58
주점,남오토코,(주)더남,-15.73
주점,노가리슈퍼,(주)대진에프앤비,1.11
주점,뉴욕야시장,리치푸드(주),-14.89
주점,느린마을양조장&펍,(주)배상면주가,-19.25
주점,달빛맥주,(주)제이에스인터푸드,-17.95
주점,달빛한모금,(주)달빛가족,-36.48
주점,대국민야시장,(주)프로파트너,6.99
주점,대칠성포차,(주)엔에이치에프,-0.41
주점,동경야시장,(주)다이닝팩토리,9.44
주점,땡초우동,(주)다온에프앤에스,-25.33
주점,똥꼬,(주)맑음푸드,4.55
주점,레드락,(주)제이스타임,-12.8
주점,리얼펍,(주)알피,-8.4
주점,링코(RINKO),(주)드링코코리아,-2.9
주점,만만코코로,(주)만만연구소,-7.96
주점,맥주바켓(맥주Barket),(주)인토외식산업,-20.48
주점,먹태,엠엔엠에프씨(M&MFC),24.42
주점,모로미,(주)여유와즐거움,-44.86
주점,무한사케무사,미코에프씨(주),76.09
주점,미술관,(주)디딤,-21.73
주점,민혁이네외국포차,(주)맛있게즐기고,-33.23
주점,백스비어,(주)더본코리아,2.85
주점,붐비어,붐비어,-1.67
주점,브라더오뎅,프랜차이즈창업연구소올프랜즈,-16.54
주점,브루웍스,(주)캔즈코리아,-34.0
주점,비어사케,케이에스에이치(KSH)푸드,-7.67
주점,비어웍스,비어웍스,-5.32
주점,비어첸,(주)케이더블유프랜차이즈,-11.33
주점,비어팩토리,(주)에스와이네트웍스,25.15
주점,비턴,(주)비원에프앤씨,-13.96
주점,사거리식당,코리안브라더,25.36
주점,사나포차,(주)한국창업경제연구소,6.91
주점,사이야,(주)사람과사람,-8.01
주점,삼구포차,(주)다존,-9.56
주점,생활맥주,(주)데일리비어,-10.75
주점,설맥(SEOL MAC),(주)바이한,3.64
주점,소소한일상의별난주점,(주)야미,26.12
주점,수맥집,㈜와이케이코리아,-9.72
주점,시장통,(주)수에프씨,56.57
주점,압구정 봉구비어,(주)용감한사람들,-10.82
주점,엘리팝,(주)에쓰와이프랜차이즈,-9.75
주점,역전할머니맥주1982,(주)역전에프앤씨,61.16
주점,오말짜비어,(주)엠제이인터내셔널,-7.46
주점,오사카부루스,(주)오성푸드,7.21
주점,오춘자비어,(주)춘자외식,-8.32
주점,옥탑방오봉자싸롱,(주)봉자체인본부,-1.81
주점,와라와라,(주)에프앤디파트너,-4.22
주점,와바,(주)인토외식산업,-17.67
주점,와인주막차차,(주)차차,-13.92
주점,용구비어,(주)와이비운용사업부,5.34
주점,임창정의 소주한잔,칠삼비브라더스(주),-15.43
주점,작업반장,(주)비어프랜드,-16.83
주점,주민상회,(주)시선프랜차이즈,-1.61
주점,주식회사포차천국,(주)미트더석세스,-16.85
주점,준코노래타운,(주)준코,29.19
주점,짚동가리쌩주,리치푸드(주),-10.52
주점,짝태&노가리,(주)피엘오하모니,0.78
주점,짝태시대,짝태시대,3.49
주점,짱큰대구대가리,짱큰FNC,-27.37
주점,청담이상,(주)리코플레이트,-17.07
주점,청춘싸롱,(주)리치메이커,53.34
주점,최군맥주,(주)빅브라더,-12.17
주점,치어스,(주)치어스,-12.18
주점,코젤다크하우스(KOZELDARKHAUS),(주)케이디코리아,-11.45
주점,코키펍(COCKY-PUB),(주)엘브라더스,-7.37
주점,쿨럭(coolluck),(주)제이에스인터푸드,-5.18
주점,크라운호프보리장인,피에스피에프앤디(주),38.82
주점,크래프트한스(Craft Han's),(주)크래프트한스,-2.97
주점,토대력,(주)이원,0.12
주점,토리고야,토리고야패밀리(주),3.9
주점,통파이브,(주)이루에프씨,4.32
주점,투다리,(주)이원,18.3
주점,투사랑,오엔푸드,11.0
주점,퍼스트비어,퍼스트프랜차이즈,-21.46
주점,편의점포차핫셰프,(주)비즈플랜비,-11.77
주점,포차35구역,미코에프씨(주),-26.72
주점,포차스미스,(주)케이케이에프앤비(KKF&B),2.78
주점,포차플레잉,(주)동행,22.48
주점,폼프리츠,폼프리츠,1.2
주점,필스너하우스(PILSNER HOUSE),(주)엔디홀딩스,-17.86
주점,하루비어,(주)포앤디코리아,21.68
주점,한남동그집,이심전심(주),-10.96
주점,홍스포차,홍스푸드,-32.65
중식,교동짬뽕,(주)명가푸드시스템,-18.53
중식,라화쿵부,회풍식품(주),103.01
중식,몽짬뽕,(주)에이제이타운,-0.43
중식,북경짜장,(주)다함컴퍼니,94.04
중식,이만구교동짬뽕,(주)이만구,17.3
중식,이비가짬뽕,(주)이비가푸드,-4.51
중식,제레미20(Jeremie20),(주)제레미에프엔비,-94.38
중식,중화가정,(주)루에프앤비,-27.77
중식,짬뽕10101,(주)고구려푸드,7.13
중식,짬뽕지존,투맨홀딩스(주),4.53
중식,짬뽕타운,푸얼담식품,15.31
중식,짬뽕타임,(주)제이에이치푸드시스템,-6.33
중식,착한쭝식,서가김푸드,15.78
중식,홍짜장,(주)한밭에프앤지,-5.95
중식,홍콩반점0410,(주)더본코리아,7.21
중식,홍탕,(주)홍탕,-64.64
치킨,1987금빛통닭,(주)금빛컴퍼니,10.12
치킨,60계,(주)장스푸드,65.42
치킨,836숯불바베큐치킨,팔삼육산업(주),-13.51
치킨,8800켄터키치킨,(주)현인에프앤디,-5.56
치킨,94번가,(주)디토코리아,-15.21
치킨,DK Chicken (디케이치킨),디케이팩토리(DKFACTORY),260.03
치킨,경아두마리치킨,(주)다시만난사람들,-17.35
치킨,계동치킨,(주)신성유통,13.59
치킨,교촌치킨,교촌에프앤비(주),5.57
치킨,국제통닭,(주)국제에프씨,-8.89
치킨,굽네치킨,(주)지앤푸드,2.61
치킨,굽는치킨,계산씨케이,1.41
치킨,김군네통닭집,(주)폴스타컴퍼니,150.11
치킨,김성구의성마늘치킨,김성구의성마늘치킨,21.16
치킨,김스타치킨,김스타푸드,-17.97
치킨,김진철동래통닭,(주)태진에프앤디,7.04
치킨,깐부치킨,(주)깐부,3.63
치킨,깜꼬치킨,위더스FC,-42.33
치킨,깜닭치킨,깜닭치킨,81.24
치킨,꼬꼬봉투통닭,(주)더콥,11.44
치킨,꼬꼬팜,포맨에프엔씨,-15.04
치킨,꾸브라꼬 숯불 두마리 치킨,제이케이유통,13.99
치킨,꿀닭,조이세이(주),-43.79
치킨,꿀딱,(주)케이원푸드,14.84
치킨,네네치킨,(주)혜인식품,-9.05
치킨,노랑통닭,(주)노랑푸드,-10.55
치킨,놀부옛날통닭,(주)놀부,-30.27
치킨,누나홀닭,(주)티앤비코리아,-4.55
치킨,다사랑,(주)다사랑,7.91
치킨,달닭,(주)참여텍,-50.68
치킨,닭권브이,닭권브이,-22.28
치킨,닭깡,(주)네비스,-23.19
치킨,닭꾸버,(주)케이디엔푸드,9.17
치킨,대박나자 부자치킨,(주)알피,-9.23
치킨,대한맥주집,대한컴퍼니,5.09
치킨,더기발한치킨(The기발한치킨),(주)더기발한,17.18
치킨,더썬치킨,(주)더썬컴퍼니,-27.36
치킨,더후라이팬 후라이드 치킨,아이에스크리에이티브,-10.78
치킨,더후라이팬치킨클럽,아이에스크리에이티브,-0.07
치킨,도담치킨,(주)아지트메이커,-15.58
치킨,동근이숯불두마리치킨,동근이숯불두마리치킨,68.98
치킨,두리아,(주)두리아,22.3
치킨,둘둘치킨,(주)일동인터내쇼날,-7.29
치킨,둘마니치킨,엠앤에이치에프씨,-4.45
치킨,디디치킨(DD치킨),(주)디디에프엔비,3.29
치킨,땅땅치킨,(주)프랜푸드,-9.67
치킨,땡큐맘치킨,(주)이루에프씨,-11.76
치킨,또래오래,(주)농협목우촌,-1.9
치킨,또봉이통닭,또봉이에프앤에스(주),-14.5
치킨,똥집의 달인,똥집의달인,25.25
치킨,림스치킨,림스상사,-24.2
치킨,마슬랜,마슬랜,25.34
치킨,마파치킨,(주)한국창업경제연구소,-2.05
치킨,만년닭강정,(주)만년푸드,-51.87
치킨,맛닭꼬,(주)꼬꼬에프앤비,9.79
치킨,맛데이,(주)엘에이치지,75.06
치킨,맛있게매운(빨석구)빨간석쇠구이,장인푸드,-16.43
치킨,매드후라이치킨,(주)에스씨에프,-22.13
치킨,맥시칸치킨,(주)맥시칸,3.25
치킨,맥켄치킨,(주)한일팜스,-11.86
치킨,멕시카나,(주)멕시카나,-0.47
치킨,명동닭튀김,명동닭튀김,-50.44
치킨,명랑한찜닭,그레이프컴퍼니(주),-52.48
치킨,모던통닭,(주)모던키친컴퍼니,-38.01
치킨,못말리는파닭,(주)엠엔글로벌,33.52
치킨,몽키스비어,설원식품,20.39
치킨,무봤나 촌닭,(주)무촌식품,13.71
치킨,무성구어바베큐치킨,(주)시즌푸드,0.08
치킨,미쳐버린파닭,(주)수정,-24.31
치킨,바른치킨,(주)이루에프씨,-7.05
치킨,바보스,조이세이(주),-26.01
치킨,바비후,(주)내일,-13.97
치킨,박군치킨,농업회사법인(주)도도푸드,-9.85
치킨,백년가마솥옛날통닭,현성식품(주),11.5
치킨,범벅치킨,(주)마리푸드,-16.92
치킨,범프리카인생치킨,범프리카인생치킨,-7.53
치킨,보드람 치킨,(주)보드람씨앤알,-1.34
치킨,본가옛날통닭,본가옛날통닭,19.73
치킨,본스치킨,(주)비에이지본스,-16.56
치킨,본초불닭발,(주)미래원에프앤씨,-38.3
치킨,봉이치킨,(주)봉이에프엔씨,153.23
치킨,부뚜막치킨,(주)태풍에프앤비,-10.21
치킨,부어치킨,(주)참바른,-5.1
치킨,부여통닭,(주)에카,-31.36
치킨,불로만치킨바베큐,(주)불로만,-1.15
치킨,불촌두마리치킨,신미푸드시스템,-27.79
치킨,브라운치킨,(주)비지씨푸드,-40.83
치킨,브이에프씨치킨파티(VFC치킨파티),선진VFC,-40.63
치킨,비비큐(BBQ),(주)제너시스비비큐,44.26
치킨,비에이치씨(BHC),(주)비에이치씨,32.55
치킨,사바사바치킨앤비어,(주)마세다린,-2.31
치킨,사쿠사쿠,(주)계미락,3.38
치킨,삼십구치킨,39치킨본부,6.09
치킨,삼통치킨,(주)삼통치킨,0.65
치킨,상문이두마리숯불양념치킨,푸드메이트,-0.44
치킨,소담치킨,(주)정성푸드마스타,-7.0
치킨,수상한탕수육,(주)채움푸드,-50.99
치킨,수준이 다른 치킨,오복가,-9.88
치킨,숯양두마리치킨,다온푸드,-14.98
치킨,신통치킨,(주)올치에프씨,1.11
치킨,쌀쌀맞은닭,(주)바름,14.2
치킨,쌀통닭,(주)퐁텐,-7.5
치킨,씨에프숯불바베큐치킨,(주)씨에프,-4.42
치킨,아리아리닭강정,(주)세원,-30.27
치킨,아웃닭,(주)테즈,-4.52
치킨,아이벗치킨,아이프랜드,9.0
치킨,아주커,(주)에이에프씨코리아,10.08
치킨,아침닭,(주)홈앤치킨,-19.84
치킨,알통떡강정,(주)알통컴퍼니,-23.11
치킨,야들리애,(주)제이케이글로벌,-5.59
치킨,양계장집아들,(주)양계장집아들,-9.28
치킨,에디슨치킨,(주)참여텍,-51.08
치킨,영 아맛나,아맛나찜닭분식야식,-52.68
치킨,오늘통닭,(주)대현푸드빌,-24.62
치킨,오닭꼬치,(주)오닭꼬치,0.66
치킨,오리지널 팔칠(87')닭강정,팔칠(87')닭강정,-31.33
치킨,오부장치킨,(주)본에스디코리아,-6.82
치킨,오븐마루,(주)오엠푸드,-5.62
치킨,오븐에빠진닭,(주)에땅,-6.26
치킨,오후엔치킨,태현에프씨(주),-16.53
치킨,온고지신 통닭元,민푸드,6.79
치킨,용달통닭,용달푸드,-24.19
치킨,위드치킨,위드치킨,14.28
치킨,이춘봉인생치킨,(주)마스터아이디,-16.77
치킨,자담치킨,(주)웰빙푸드,8.83
치킨,장모님치킨,장모육계유통,-6.13
치킨,전국3대치킨 오성통닭,오복가,20.09
치킨,전설의치킨,(주)시원전설의푸드,-35.05
치킨,정직한통닭,닭대표,-27.63
치킨,조선CH.S치킨,(주)씨에스,-21.04
치킨,조선의 옛날통닭,제이에프앤씨,-18.03
치킨,존슨켄터키,(주)비브라더스,-19.6
치킨,종국이두마리치킨,종국이두마리치킨체인본부,-28.26
치킨,지코바양념치킨,(주)지코바,0.96
치킨,진미대왕통닭,대왕통닭,4.27
치킨,징기스칸치킨,(자)징기스칸,0.04
치킨,쭈노치킨가게,(주)쭈노에프앤비,-30.62
치킨,처갓집양념치킨,(주)한국일오삼,0.97
치킨,처갓집플러스케이준치킨,(주)한국일오삼,22.34
치킨,철인7호,(주)철인에프앤비,-25.47
치킨,추닭집,패밀리에프앤씨,7.38
치킨,충만치킨,(주)충만,-11.66
치킨,치르치르,리치푸드(주),-4.94
치킨,치킨678,(주)육칠팔,-5.66
치킨,치킨89(치킨팔구),(주)우분트,6.48
치킨,치킨과 바람피자,치킨과바람피자,-3.65
치킨,치킨더비,(주)치킨더비,-12.84
치킨,치킨더홈,케이와이푸드(주),16.78
치킨,치킨매니아,(주)코리아델로스케이디,14.49
치킨,치킨뱅이,(주)원우푸드,11.12
치킨,치킨버스,(주)푸드버스,25.32
치킨,치킨삼파전,이온유통,25.96
치킨,치킨신드롬,(주)오앤씨웰푸드,-3.1
치킨,치킨연구소,치킨연구소,0.73
치킨,치킨주막,(주)치킨주막,-8.27
치킨,치킨처럼,(주)엠에스코리아,7.59
치킨,치킨커플,(주)비엘앤에프,-9.83
치킨,치킨퐁,(주)비어프랜드,-5.73
치킨,치킨플러스,(주)돕는사람들,5.68
치킨,치킨히어로,티오엘드림,17.77
치킨,컬투치킨,(주)컬투에프앤비,-14.03
치킨,코리안바베큐,(주)티비비씨,-4.15
치킨,코리엔탈깻잎두마리치킨,(주)채움푸드,-26.09
치킨,콩닥콩닭,케이디유통,34.84
치킨,큰통치킨,(주)태산유통,-14.58
치킨,태권치킨,(주)티케이푸드,-10.18
치킨,투마리나,(주)삼정코리아,-63.74
치킨,투존치킨,(주)나도람에프씨,-28.84
치킨,티바두마리치킨,(주)신라외식개발,-10.73
치킨,파-닭에파무쳐,에스엠푸드(주),-20.29
치킨,페리카나,(주)페리카나,-6.75
치킨,푸라닭,(주)아이더스코리아,19.42
치킨,피니치니,(주)그린푸드존,-9.3
치킨,필바든치킨,필푸드,-7.46
치킨,하우스홀드,푸드피아,3.62
치킨,하이꼬꼬,(주)귀남,11.24
치킨,한앤둘치킨,(주)더콥,113.93
치킨,해두리치킨,(주)지와이푸드,11.5
치킨,허갈닭강정,(주)유성에프앤비,-19.57
치킨,허대구 대구통닭,(주)디티에프앤비,-5.93
치킨,호식이두마리치킨,호식이두마리치킨,0.55
치킨,호치킨,(주)다울에프앤비,-3.46
치킨,호호닭발,(주)제이앤엠푸드,0.62
커피,9cafe,(주)비비인터내셔널,-12.94
커피,cafe051(카페051),051커피컴퍼니,22.14
커피,cafe65℃,(주)육십오도씨,1.5
커피,감성커피,(주)비브라더스,-7.52
커피,경성코페,(주)경성글로벌,-10.81
커피,까사밍고,(주)라이온에프지,-13.67
커피,꿀스커피GGUL'S COFFEE,(주)정직한,1.97
커피,나인어클락커피,(주)나인어클락,79.5
커피,다빈치커피,(주)다빈치,-6.1
커피,달콤,(주)달콤,-7.56
커피,더마스터커피,(주)제이윈스(Jwins),-5.15
커피,더벤티,(주)더벤티코리아,0.71
커피,더웨이닝커피(THE WAIN-ING COFFEE),(주)웨이닝코리아,14.7
커피,더카페,(주)이랜드이츠,2.42
커피,데니스,데니스,1.52
커피,데일리에스프레소(Daily espresso),데일리에스프레소,-3.31
커피,도노텀블,(주)도노텀블,47.51
커피,디에떼에스프레소,(주)디떼,0.12
커피,디초콜릿커피앤드,(주)할리스에프앤비,16.81
커피,라드커피(LAD COFFEE),라드커피,-10.9
커피,라떼떼,(주)엘에이치지,23.48
커피,라떼킹(latteking),블루빈컴퍼니(주),-11.99
커피,라스베이글,(주)애채,2.84
커피,로반스윗,(주)로반스윗,23.6
커피,루고,(주)이랜드이츠,1.26
커피,마노핀,(주)엠피그룹,0.38
커피,마린커피,마린커피로스터스,11.97
커피,마시그래이,(주)에스이엠,-5.58
커피,만랩커피,(주)만랩,17.0
커피,매머드익스프레스(Mammoth Express),(주)매머드커피랩,33.73
커피,매머드커피(Mammoth coffee),(주)매머드커피랩,20.79
커피,메가엠지씨커피(MEGA MGC COFFEE),(주)앤하우스,10.59
커피,모캄보,(주)마스터코리아,-7.63
커피,바리스타비,(주)바리스타비,-12.66
커피,바빈스,(주)퍼스트에이엔티,-3.75
커피,반반스프링스커피(BANBANSPRINGS COFFEE),반반스프링스,1.36
커피,벌크커피(BULK COFFEE),(주)벌크커피,15.83
커피,베러먼데이,베러먼데이드링크코리아(주),91.5
커피,베스트빈,(주)에스에이치네트웍스,-12.12
커피,벨라빈스커피,(주)놀부,-5.16
커피,브라우니70,(주)브라우니웍스,2.09
커피,블랙라인커피,(주)카페발트,7.74
커피,블레스롤(Bless Roll),블레스롤가맹본부,-12.61
커피,비엔나커피하우스,(주)제이엠케이,15.97
커피,빈스빈스,(주)빈스앤로스터리코리아,-11.78
커피,빨콩,(주)오구본가,-7.23
커피,빽다방,(주)더본코리아,10.9
커피,성별 에이유,성별에프터유,-4.13
커피,셀렉토커피,(주)맥스원이링크,9.2
커피,슈퍼사이즈커피,(주)에스에이치리테일,-6.93
커피,슈퍼커피,(주)슈퍼커피,0.96
커피,아리스타,(주)아리스타,-27.5
커피,아마떼,(주)한국창업경제연구소,-22.61
커피,아마스빈,(주)비케이컴퍼니,34.58
커피,아임일리터,㈜아임일리터,41.4
커피,아임홈,(주)아임홈팩토리,37.26
커피,아프리카커피초콜릿,(주)아프리카커피가게앤학원,-23.35
커피,에슬로우커피(ESLOW COFFEE),(주)에슬로우,21.48
커피,에이바우트커피,㈜메이크어베러(Makeabetter),5.27
커피,엑소엑소핫도그앤커피,(주)세컨드찬스,142.55
커피,엔제리너스,롯데지알에스(주),-0.7
커피,엘아르카,엘아르카,3.04
커피,요거프레소,(주)요거프레소,3.98
커피,이디야커피,(주)이디야,1.11
커피,전광수커피,(주)전광수커피,-6.31
커피,주커피,태영에프앤비(주),-2.32
커피,"지브릭커피(G,BRICK COFFEE)",(주)디자인포비,23.93
커피,청자다방,(주)청자다방,1.89
커피,카페게이트,(유)에브라임이노베이션,-11.23
커피,카페다빈치,(주)다빈치,-3.95
커피,카페도헤이 왕의커피,(주)카페도헤이,16.41
커피,카페띠아모,(주)베모스,4.88
커피,카페루앤비,(주)루앤비,3.6
커피,카페리빈,(주)리빈코리아,-23.04
커피,카페베네,(주)카페베네,-4.42
커피,카페보니또,에스프레소코리아(주),22.54
커피,카페아이엠티,(주)편안,19.13
커피,카페원플러스원,(주)카페원플러스원,5.76
커피,카페인중독,(주)중독컴퍼니,-7.8
커피,카페일루이스,카페일루이스(주),-77.08
커피,카페코나퀸즈,카페코나퀸즈(주),33.22
커피,카페홀릭(CAFE HOLIC),(주)카페홀릭,0.56
커피,커피101스트릿(COFFEE 101 STREET),㈜커피101스트릿,-32.18
커피,커피가예쁘다,BALENASIXCOFFEECOMPANY,-2.5
커피,커피나무,(주)커피나무,-8.95
커피,커피니(COFFEENIE),(주)커피니,-0.43
커피,커피마마,티에고(주),8.22
커피,커피명가,(주)커피명가,-7.09
커피,커피베이,(주)커피베이,1.54
커피,커피볶는집,(주)커피볶는집,-9.22
커피,커피에반하다,(주)커피에반하다,0.47
커피,커피온리,(주)커피만컴퍼니,-11.36
커피,커피코트,(주)커피코트,1.57
커피,커피홀(coffee hole),(자)동명식품서울지점,-22.9
커피,커핀그루나루,(주)커핀그루나루,8.95
커피,컴포즈커피(COMPOSE COFFEE),(주)제이엠커피컴퍼니,8.12
커피,코페아커피(COFFEA COFFEE),(주)감성인터내셔널,-11.22
커피,퀸즈브라운,대현패밀리(주),-9.61
커피,크레이저커피(C.Razer coffee),(주)크레이저커피그룹,-4.89
커피,킹스빈,킹스빈코리아,43.02
커피,탭플레이(TAPLAY),(주)해피랜드에프엔비,22.81
커피,터치카페,(주)더블유씨엠인터내셔널,-27.32
커피,텀브커피,(주)위드텀브,15.2
커피,토리스타특별한커피,토리스타씨앤에스(toristarC&S),32.4
커피,토프레소,(주)에스앤큐플러스,-0.43
커피,투썸플레이스,투썸플레이스(주),1.96
커피,파스쿠찌,(주)파리크라상,1.58
커피,팬도로시,(주)올리브홀딩스,-13.85
커피,포트오브모카(Port of Mocha),(주)에소코리아,-8.43
커피,프롬하츠(FROM HEARTS),(주)프롬하츠,-6.2
커피,하바나익스프레스,(주)주원에프앤비,-13.37
커피,할리스커피,(주)할리스에프앤비,-1.36
커피,해리스카페,(주)해리스,4.23
커피,핸즈커피 (HANDS COFFEE),(주)지핸즈,16.4
커피,히즈빈스(HISBEANS),(주)향기내는사람들,42.87
패스트푸드,뉴욕핫도그앤커피,(주)뉴욕핫도그앤커피,-11.13
패스트푸드,델리랩 (Delilab),"델리랩,여우넷",62.92
패스트푸드,롯데리아,롯데지알에스(주),4.47
패스트푸드,마미쿡,(주)훌랄라,9.42
패스트푸드,미스앤미스터포테이토,(주)도연에프엔씨,8.53
패스트푸드,미스터톡톡(Mr TokTok),(주)두손커머스,-13.51
패스트푸드,버거307,버거307,-28.84
패스트푸드,버거킹(Burger King),(주)비케이알,7.37
패스트푸드,비스트로피자,(주)글로비,42.68
패스트푸드,쉐이크포테이토,(주)도남에프앤에프,104.21
패스트푸드,스테프핫도그,(주)스테프코리아,9.51
패스트푸드,웰덤치킨,(주)푸디노에프앤디,-5.27
패스트푸드,자니로켓,(주)신세계푸드,3.88
패스트푸드,지정환피자,(주)정담에프에스,-0.77
패스트푸드,코끼리가반한핫도그,티에고(주),5.32
패스트푸드,퀴즈노스서브,(주)유썸,-7.06
패스트푸드,토스피아,(주)푸드넷시스템,-5.98
패스트푸드,파파이스,(주)티에스푸드앤시스템,17.01
패스트푸드,팔팔핫도그,(주)프로젝트비,942.49
패스트푸드,피제리아 나인로드,(주)씨엠월드에프앤씨,-21.15
패스트푸드,호봉토스트,(주)호봉푸드시스템,-6.9
피자,7번가피자,(주)7번가사람들,-2.33
피자,Port' Albs 피자굼터,(주)멀티푸드시스템,-15.05
피자,난타5000피자,(유)난타5000,1.44
피자,남자피자,(주)남자피자,-5.65
피자,네오피자,(주)네오에프앤비,-11.23
피자,도미노피자,청오디피케이(주),-5.3
피자,리골레토 시카고피자,(주)다이닝팩토리,13.46
피자,미사랑임실치즈피자,(주)세인에프앤씨,-0.4
피자,미스터파파임실치즈피자,외식그룹진밭,-37.9
피자,미스터피자,(주)엠피그룹,-5.34
피자,브로피자,업텐브로피자체인본부,-39.03
피자,빅스타피자(Bigstar Pizza),(주)빅스타푸드,9.22
피자,빚짜(BEEZZA),(주)프라이데이컴퍼니,-27.89
피자,빨간모자피자,(주)레드캡,-3.99
피자,뽕뜨락피자,(주)웰빙을만드는사람들,10.92
피자,영구스피자,(주)영구스피자,-12.45
피자,옐로우피자(YELLOW PIZZA),옐로우피자,5.1
피자,오르새피자,(주)제이피케이컴퍼니,15.29
피자,오리지널시카고,(주)오리지널시카고피자,-5.41
피자,유로코피자(EUROKO PIZZA),(주)유로코푸드,-19.06
피자,임실치즈피자,(유)승일푸드시스템,-10.89
피자,자가제빵 선명희피자,(주)더온에프앤비,-25.32
피자,자연임실치즈피자,자연임실치즈피자,12.55
피자,착한피자,(주)착한피자,-20.78
피자,청년피자,청년피자가맹본부,17.93
피자,킹스타피자,(주)스타푸드코리아,-24.16
피자,파파밸리피자,(주)파파밸리,29.83
피자,파파존스피자,한국파파존스(주),5.44
피자,피자마루,(주)푸드죤,-2.72
피자,피자명인,피자명인,20.77
피자,피자몰,(주)이랜드이츠,313.53
피자,피자브라더스,(주)피자브라더스,3.29
피자,피자빅,(주)그린푸드존,-19.06
피자,피자빙고,(주)신성마을,-2.95
피자,피자스쿨,(주)피자스쿨,-4.88
피자,피자스쿨,(주)씨에이치컴퍼니,-0.19
피자,피자알볼로,(주)알볼로에프앤씨,3.26
피자,피자애,(주)피자애,-12.98
피자,피자에땅,(주)에땅,-11.67
피자,피자헛,한국피자헛(유),-4.05
피자,피자헤븐,(주)피자헤븐코리아,-4.5
피자,한명숙피자치킨,"한명숙피자,치킨",19.26
피자,후니피자,훈푸드,-50.08
한식,123막창,(주)123푸드,-22.8
한식,153포인츠(POINTZ),(주)에스엔알푸드,-20.9
한식,1인자감자탕,(주)제이에스일인자,7.07
한식,3일국밥,(주)펜톤,-25.26
한식,5.5닭갈비,(주)오점오,11.46
한식,88콩나물국밥,(주)웰미가베스트푸드,-28.17
한식,JBD 종로빈대떡,종로빈대떡체인사업부,-25.85
한식,THE진국,(주)섬김과나눔,-6.63
한식,가얏골감자탕,지앤지푸드,-4.31
한식,가인채,(주)가인채,-0.21
한식,가장맛있는족발,(주)가장맛있는족발,-13.24
한식,갈통삼,(주)드림위드에프씨,-4.5
한식,감성족발,키친씨,11.9
한식,개성집,유황F&S,-5.04
한식,개정,(주)동원기업,15.84
한식,계경순대국,지강에프앤비(주),-2.55
한식,"고기,원칙",(주)반반한행복,-30.63
한식,고래감자탕,(주)디딤,-5.41
한식,고래식당,(주)디딤,-15.68
한식,고봉민김밥人,케이비엠,-9.85
한식,고을래이베리코흑돼지,(주)미락에프씨,-8.54
한식,고집센그집갈비탕,그집푸드,-2.95
한식,고향옥얼큰순대국,(주)더맛있는생각,-8.43
한식,곤지암 한우 소머리국밥,(주)서민상회,-15.33
한식,곤지암할매소머리국밥,(주)동의보감농수산,10.07
한식,곰작골나주곰탕,(주)혜윰에프엔비,-0.62
한식,곽만근갈비탕,(주)곽푸드에프씨,-9.58
한식,교동면옥,(주)교동F&B,-9.74
한식,교동전선생,(주)교동,27.48
한식,구이구이쪽갈비,(주)더맛푸드,-7.67
한식,국민수육국밥&막국수,(주)썬푸드,85.56
한식,국사랑,케이씨컴퍼니,42.1
한식,군산오징어,(주)산무리,-13.84
한식,굴마을낙지촌,(주)두둑한행복,-5.23
한식,금강산감자탕,농업회사법인구삐(주),25.96
한식,길성이,(주)길성이,1.3
한식,김둘레순대국,(주)둘레,4.25
한식,김명자낙지마당,(주)김명자,-3.28
한식,김영희동태찜&코다리냉면,(주)해피푸드,6.4
한식,김충기꽃삼겹,로드다이닝(주),-9.51
한식,김해시락국밥,(주)토장원,8.92
한식,나능이,유정티앤에프(주),24.39
한식,나이스투미츄,아이에스크리에이티브,38.11
한식,날마다대박나는집,(주)명진푸드,33.88
한식,남노갈비,(주)조이에프앤비,-9.43
한식,남다른감자탕(男다른감子탕),(주)보하라,-10.74
한식,남자마늘보쌈,(주)미스터쿡,-5.86
한식,낭만쭈꾸미,(주)낭만연구소,-24.52
한식,내가찜한닭,(주)마이푸드,-0.66
한식,내담 대구탕 해물갈비찜,(주)씨에스에프씨,1.22
한식,노걸대,(주)노걸대,-21.72
한식,노마세야매운갈비찜,(주)노마세야컴퍼니,-11.52
한식,논골집,정준유통,-4.73
한식,놀란곱창,(주)숲풀림식품,-6.96
한식,놀란돼지,(주)숲풀림식품,-3.96
한식,놀부보쌈족발,(주)놀부,-9.24
한식,놀부부대찌개,(주)놀부,-9.58
한식,놀부항아리갈비,(주)놀부,-39.92
한식,놀부화덕족발,(주)놀부,-10.26
한식,누리마을감자탕,(주)영일유통,-1.01
한식,다깡,다감,-30.22
한식,다담뜰 한식뷔페,(주)다담뜰,1.07
한식,닥치고곱창,닥치고곱창,6.66
한식,닭갈비제작소,(주)닥인흥업,-0.66
한식,닭발싸롱,맛있는이야기,35.36
한식,담미온,(주)담미온에프앤비,16.6
한식,담소 소사골 순대 육개장,(주)담소이야기,14.54
한식,대가야삼계탕,(주)대가야,-13.29
한식,대관령양푼이동태찌개,대관령푸드,-2.8
한식,대동,(유)대동상회,48.45
한식,대마족발,(주)조은음식드림,121.03
한식,대박통,대박통,6.09
한식,대장부,엠투(M2)컴퍼니,-37.61
한식,댓짱돈까스,(주)댓짱돈까스,-5.05
한식,더도이종가집돼지국밥,(주)더도이종가집,-13.52
한식,더만족,더만족,-16.6
한식,덕뽀리,씨에이치푸드,77.79
한식,덤덤덤쪽갈비,디앤디코리아,97.91
한식,데일리갈비,해송에프앤에스,-34.77
한식,도둑고기,(주)행복한상상에프앤비,-17.06
한식,도리명가,D.RHOLDINGS,-39.62
한식,도토리편백집,(주)에이컨,0.2
한식,돈오락쪽갈비,(주)지강푸드,20.69
한식,돈통마늘보쌈,(주)코리아푸딩,-6.06
한식,돌배기집,(주)더본코리아,16.07
한식,동서네낙지,(유)동서네낙지본점,-23.67
한식,두거리우신탕,두거리푸드,36.17
한식,두남자찜닭,(주)두남자컴퍼니,-7.94
한식,두리맛감자탕,(주)두리맛푸드,7.65
한식,두부본가어묵,후푸드,-6.28
한식,두찜,(주)기영에프앤비,-18.44
한식,땅스부대찌개,(주)티에스푸드,-3.69
한식,또와유 명태간장조림,(주)해오름에프에스,11.15
한식,뚝배기양평해장국,(주)뉴서진식품,-7.91
한식,뚱삼이와대삼이,(주)엠지에이치,-22.06
한식,뜨끈이 감자탕,(주)엘엔미트,13.57
한식,로꼬로꼬,로꼬로꼬,-0.31
한식,마녀가 만든 족발,제이에이치푸드(주),-4.01
한식,마당쇠돼지갈비,(주)마당쇠,-4.27
한식,마린보이동태탕.찜.코다리1번가,마린보이유통,65.34
한식,마음을 담은 김치찌개,(주)마음을담은,-7.48
한식,마통삼(마스터통삼겹),지에이치컴퍼니,20.8
한식,막돼먹은막창,(주)엠디엠,1.89
한식,만권화밥,(주)만권,-15.82
한식,만나고쪽갈비가,맛있는에프앤비(F&B),-23.88
한식,만복한쭈꾸미낙지볶음,만복이쭈꾸미낙지볶음,-6.56
한식,만족오향족발,(주)만점족,-4.16
한식,맛깔참죽,(주)맛깔,27.06
한식,맛나감자탕,리브가푸드시스템(주),-10.64
한식,맛들의축제,(주)애드쉐어,-92.06
한식,맛찬들왕소금구이,(주)맛찬들,-4.5
한식,망향비빔국수,블루밀,-13.23
한식,맵도리탕,(주)푸드맵,36.99
한식,맷돌로만,농업회사법인(주)엠에스푸드,-14.23
한식,메밀고개 시골막국수,메밀고개푸드(주),-2.78
한식,메밀골동해막국수,(주)해살이뜰,22.63
한식,면채반,(주)면채반,-28.0
한식,명동칼국수샤브샤브,(주)명동,2.71
한식,명륜진사갈비,(주)명륜당,88.35
한식,명사순대,(주)명사에프엠,55.38
한식,명장복집&24시명장복국,명장복집,-5.39
한식,모두의만족,㈜두빛,-6.09
한식,목촌사골돼지국밥,(주)행운식품,23.34
한식,무봉리토종순대국,무봉리토종순대국체인본부,29.18
한식,무쏘,(주)유엔아이에프씨,126.58
한식,무한장소,(주)제이씨엠에프씨,-47.18
한식,문래돼지불백,(주)문래돼지불백,7.44
한식,미사리밀빛초계국수,(주)밀빛,-2.67
한식,미스터닭찜,(주)푸디아,-35.77
한식,미스터보쌈5379,(주)푸디아,-8.49
한식,미스터오징어,미스앤미스터㈜,-16.27
한식,미식가의구이,(주)태인에프앤비,-23.45
한식,바베큐통족구이,(주)케이제이푸드시스템,-17.65
한식,바보돼지두마리,TASTYPLATFORM(테이스티플랫폼),-14.73
한식,바보형제쭈꾸미,(주)바보형제스토리,-4.77
한식,바우네 나주곰탕,(주)엠지에이치,5.28
한식,바우네나주곰탕,(주)지에프포유,-17.98
한식,바푸리죽앤즙,(주)비피알,-36.58
한식,박가부대,원앤원(주),10.49
한식,박군자진주냉면,(주)진주교방,-3.85
한식,박수근네온천골,온천골푸드,8.98
한식,반반식당,(주)아라에프엔비,33.5
한식,반할맛으로 값어치하는 소고깃집,(주)끼니,-2.35
한식,발빠닭,(주)어나더푸드컬쳐,-19.07
한식,밥장인돼지찌개,(주)밥장인,-7.06
한식,밥통령,(주)미식주,5.49
한식,방일해장국,(주)방일에프씨,-4.53
한식,배달삼겹직구삼,(주)모두여는세상,-8.13
한식,배부장찌개,(주)맛있는에프앤비,-7.42
한식,백종원의원조쌈밥집,(주)더본코리아,12.96
한식,백채,(주)심플맨,-2.0
한식,백청우칼국수,백청우칼국수,9.95
한식,백촌진짜대구막창,백촌푸드,-9.19
한식,번지농장돌판아구찜,유한회사번지농장푸드,-28.48
한식,별법 동태탕 왕해물찜,(주)씨에스에프씨,9.15
한식,별을 품은 곱창,(주)스타셀러,-5.0
한식,보승회관,보승FC,44.11
한식,본가,(주)더본코리아,11.56
한식,본가어탕,본가어탕,56.97
한식,본건강한상,본푸드서비스(주),-3.68
한식,본도시락,본아이에프(주),-2.27
한식,본앤본,본앤본(주),-12.88
한식,본죽,본아이에프(주),-3.21
한식,본죽&비빔밥cafe,본아이에프(주),-3.61
한식,봉할매김치찌개불백,(주)씨앤에이치코퍼레이션,-14.21
한식,부대통령뚝배기,(주)부대통령,5.84
한식,부산아지매국밥,(주)제이엘푸드,1.84
한식,북창동순두부,(주)디코레,15.35
한식,북촌삼대갈비,(주)일가브라더스,355.11
한식,불끈낙지,예스람,69.87
한식,불막열삼,(주)꿈을실현하는사람들,-18.02
한식,빚은,(주)에스피씨삼립,-13.81
한식,뼈큰감자탕,(주)뚝심푸드,1.87
한식,사계진미 숯불닭갈비,(주)준인터(JunInter),332.39
한식,사람사는고깃집김일도,(주)고릴라에프앤디,-0.27
한식,사랑담은묵은지찜찌개,(주)사랑담은,5.39
한식,삶다 오로지 족발,(유)케이앤에스오로지,-3.07
한식,삼겹구이,(주)미래에프씨,-25.65
한식,삼겹촌놈,솔담,1053.91
한식,삼겹파티,(주)엠지에이치,-2.73
한식,삼곱식당,삼곱푸드,5.64
한식,삼교리동치미막국수,(주)삼교리,18.71
한식,삼백집,(주)휴림,10.14
한식,삼시세때,(주)국보푸드시스템,21.05
한식,삼육가珍,(주)레블스,5.59
한식,삼육오 족발찜닭,(주)자연가득,-17.12
한식,삼청동멸치국수,(주)삼청동,3.16
한식,삼훈국민생아구찜,(주)백경푸드시스템,14.32
한식,상도늘보리,(주)늘보리에프앤씨,6.43
한식,새마을식당,(주)더본코리아,14.33
한식,생극해장국,(주)에스컴퍼니,-18.17
한식,샤브보트,(주)채선당,1.79
한식,샤브쌈주머니,위드몬,2.09
한식,서래갈매기,(주)서래스터,7.48
한식,서울전통육개장,(주)엠제이에프앤씨,-1.26
한식,설담재,홈메이드푸드,-1.24
한식,설동궁찜닭,설동궁컴퍼니,5.3
한식,설레족발,설렘,77.35
한식,성경만두요리전문점,(주)성경에프앤에스,-5.99
한식,셰프의 국수앤육개장,(주)바인에프씨,38.91
한식,소공동뚝배기집,(주)오백미라클,9.42
한식,"소담애 족발,보쌈",(주)에브릿,-99.91
한식,소래버섯나라,(주)소래버섯,21.27
한식,소플러스,(주)엔조이푸드시스템,27.24
한식,손문대구막창갈매기살,(주)손문에프앤씨,0.72
한식,송담추어탕,(주)송담,0.62
한식,송주불냉면앤칼국수,(주)에스제이푸드시스템,-6.14
한식,송화삼계탕&닭갈비,(주)송화컴퍼니,-0.08
한식,수김밥,손수푸드,-18.04
한식,수육국밥.보쌈전문점 더참맛수육국밥앤보쌈,(주)더참맛푸드,-9.39
한식,순흥골,(주)델리앤,-3.95
한식,숯겹살집,㈜숯겹살,29.87
한식,쉐프돼지,쉐프돼지,-58.82
한식,시골애,(주)시골애,7.58
한식,시골통돼지볶음,코아FS,1.78
한식,시루향기,(주)향기나는사람들,-1.16
한식,신단설렁탕,진대푸드,-5.22
한식,신마포갈매기,(주)디딤,6.28
한식,신사부대찌개&품격삼겹살,(주)신사의품격,5.42
한식,신의주부대찌개,미트준,-17.17
한식,신의주찹쌀순대,(주)거성푸드,3.35
한식,신정골,(주)신정푸드,-13.25
한식,신촌설렁탕,(주)신촌푸드,7.46
한식,쌀눈쌀 현미누룽지,(주)엄마,-58.75
한식,쌈촌,(주)쌈촌패밀리,-21.79
한식,쎌빠,(주)쎌빠,0.57
한식,아빠곰탕,(주)프레솔,-21.03
한식,아지야가꿉으께,아지야가꿉으께,48.75
한식,안동본가국밥,(주)두웰푸드,-3.58
한식,약초마을,약초마을YCM,-10.22
한식,얌샘김밥,(주)얌샘,-5.26
한식,양평서울해장국 큰아들집,(주)정금F&C,-18.72
한식,어머나생고기,(주)스타프렌차이즈,-27.46
한식,어명이요,(주)에브릿,49.33
한식,어바웃샤브,(주)올어바웃푸드,1.42
한식,어부의 밥상,(주)라온유통,-13.59
한식,어죽이네철렵국,어죽이네철렵국,-18.19
한식,엉터리 해장국&감자탕&곱창전골,(주)엉터리,-37.8
한식,엉터리생고기,(주)엉터리,15.6
한식,엉터리생고기 두번째이야기 무한삼겹,(주)엉터리,12.63
한식,연안식당,(주)디딤,-29.65
한식,열선수애호박돼지국밥,(주)열선수푸드,-16.16
한식,예향정,"(주)디케이코리아(D.KKOREACo.,LTD)",-3.11
한식,옛날농장,(주)첨성대,2.02
한식,오늘한점,(주)우용에프앤비,-23.78
한식,오복미역,(주)오복푸드,-12.38
한식,오봉도시락,(주)오색만찬,-9.44
한식,오븐에 빠진 막창,오빠막창,-21.67
한식,오술차,(주)오술차,8.98
한식,온누리장작구이,(주)온누리푸드시스템,3.06
한식,온채당,(주)비본코리아,-10.61
한식,와촌식육식당,(주)와촌본가,2.86
한식,왔쏘,(주)다드림에프앤비,5.93
한식,용추골미궁순대,칠연푸드시스템,-70.29
한식,우거지품은순대국,(주)우품,-15.97
한식,우박집,(주)계경원,1.51
한식,우주최강도시락,(주)톡에프앤비,757.31
한식,울엄마 양평해장국,(주)울엄마푸드,-1.37
한식,울타리없는만두집,제이앤푸드,-6.54
한식,원가회관,(주)디아이디코리아,-38.4
한식,원조전통명가 통큰할매순대국,(주)세븐하베스트,-19.4
한식,원할머니,원앤원(주),1.33
한식,월선네,(주)맛있는상상,4.88
한식,월수금,월수금,10.93
한식,웰미가,(주)웰미가베스트푸드,50.32
한식,유가네 한우곰탕,(주)유가네,89.33
한식,유가네닭갈비,(주)바이올푸드글로벌,8.57
한식,육대장,(주)육대장,-9.93
한식,육마니 옛날전통육개장,육마니(주),1.85
한식,육수당,(주)에이치디푸드,-25.02
한식,육시리,티티씨에프,27.58
한식,육쌈냉면,(주)육쌈,-7.21
한식,육첩반상,(주)대세에프엔비,30.14
한식,육풍,(주)보담,2.83
한식,육회말투아웃,(주)수에프씨,33.92
한식,육회먹은연어,(주)비에프푸드,-3.47
한식,육회본가,(주)본가에프앤비,-7.5
한식,이동근선산뒷고기,근푸드시스템,-28.08
한식,이바돔 외식 Family,(주)이바돔,-18.64
한식,이바돔감자탕,(주)이바돔,-8.22
한식,이태리부대찌개,(주)지니어스,-12.26
한식,인생극장,(주)에이치티코리아,-16.67
한식,일차돌,(주)서래스터,-24.83
한식,일품양평해장국,(주)우분트,3.81
한식,일품장수미역,(주)장수푸드,-10.36
한식,자성화 맛집 코다리네,(주)자성화,16.89
한식,자연정가 양평해장국,(유)전라도푸드에프앤씨,-4.69
한식,장도뚝배기,지강에프앤비(주),1.45
한식,장수본가해장국,(주)장수엔터프라이즈,14.49
한식,장인족발608,(주)제이엠케이에스,14.14
한식,장충동왕족발보쌈,(주)장충동왕족발,-16.03
한식,잭아저씨족발&보쌈,(주)두레에프앤비,-15.41
한식,전주24시참편한39콩나물국밥,(주)참편한칭구,69.29
한식,전주남문조춘자토종피순대국,(주)비엔에스푸드,11.72
한식,전주옥,전주옥,-7.22
한식,전주팔미콩나물국밥,(주)베스트에프앤씨,-5.53
한식,전준수명품청기와감자탕,다니엘푸드,-2.98
한식,전통맛집 할매순대국,(주)한결엔터프라이즈,-3.46
한식,정가대박집,(주)정웅,-3.51
한식,정광석 항아리보쌈,더나은푸드,1.65
한식,제이브이엘(JVL)부대찌개,(주)제이브이엘,-1.64
한식,제주 흑다돈,영농조합법인돈마유통,16.39
한식,제주도야지판,(주)이바돔,-12.87
한식,제주면장,(주)북촌사람들,2.25
한식,제주몬트락,(주)모닥홀딩스,-14.52
한식,제주미향해장국,(주)미향에프엔비,4.58
한식,제주울어멍해장국,(주)바론에프앤비,-0.89
한식,조가네갑오징어,(주)조앤이푸드,-4.3
한식,조리고,조리고,9.67
한식,조마루감자탕,(주)조마루,12.32
한식,조선닭볶음탕,(주)잭팟,27.17
한식,조선화로집,(주)이바돔,40.91
한식,조이박꽃도새기,조이박푸드,-16.39
한식,조춘식동태탕찜,(주)조앤비컨설팅,-21.36
한식,족발3시30분,(주)타임에프앤씨,-12.07
한식,족발쌀롱,족발쌀롱,-0.9
한식,존가네,씨지에프(주),11.25
한식,종로직화쭈꾸미,종로푸드시스템(주),15.77
한식,주순희찌개마을시골촌,(주)순희에프앤비,-4.53
한식,주왕산삼계탕,(주)대가야,-5.37
한식,주원명가,농업회사법인(주)주원산오리,7.19
한식,지호한방삼계탕,(주)지호,0.78
한식,진배기 원조할매국밥,진배기,1.93
한식,진성아구찜,진성,-3.16
한식,진송추어탕,(주)우림에프씨,-85.42
한식,진이찬방,진이푸드(주),-1.85
한식,진한설렁탕담다,(주)놀부,-61.61
한식,집으로돼지,(주)메이에프앤에스,-52.15
한식,쪽찌,(주)마더푸드,-30.36
한식,쭈꾸미시스터즈,(주)제이알에프앤씨,16.75
한식,쭈꾸쭈꾸아,쭈꾸쭈꾸아,12.41
한식,차돌6키로,(주)디딤,-34.42
한식,차돌풍,농부의마음,-6.07
한식,착한돼지,(주)착한푸드,2.75
한식,참이맛감자탕,(주)참이맛,12.59
한식,참토우,(주)참토우,5.46
한식,채돈이,채돈이,-5.79
한식,채선당,(주)채선당,-6.19
한식,천사곱창,(주)식스텐비즈,-85.35
한식,천하제일족발,(주)훌랄라,62.1
한식,철뚝집,(주)브라더푸드시스템,6.97
한식,첨단돌솥감자탕,(주)디케이푸드,-73.31
한식,첫번째필족사랑,거성푸드(주),-10.81
한식,청국장과보리밥,농협회사법인(주)인건,17.63
한식,청기와뼈다귀해장국,청기와뼈다귀해장국,-5.84
한식,청실홍실,(주)푸드피플,-34.8
한식,청양일초,(주)청해,6.74
한식,청와삼대,(주)봄봄,-6.65
한식,청진동해장국,엘푸드,-10.35
한식,최용석의 뼈큰청진동해장국,(주)뚝심푸드,-26.16
한식,춘향골남원추어탕,(주)춘향골,34.18
한식,코다리밥상,(주)올댓컴퍼니,0.73
한식,코다차야,(주)코다,-7.57
한식,콩불,(주)8푸드,13.48
한식,콩시루,시루유통,7.9
한식,쿡친,마시굿,-3.81
한식,큰돈쪽쪽갈비,큰돈쪽쪽갈비,-25.46
한식,큰맘할매순대국,(주)보강엔터프라이즈,5.84
한식,큰정할매순대국,(주)휴앤지,5.18
한식,킹부대찌개테이크아웃,킹부대찌개테이크아웃본점,20.49
한식,킹콩부대찌개,(주)에스엘에프앤비,0.51
한식,태기산더덕순대,(주)푸드프랜,19.05
한식,토고리 옛날막창 소갈비살,(주)지에프코리아,23.77
한식,토정삼계탕,(주)우리모메,-24.64
한식,통뼈감자탕,(주)명가,-25.6
한식,통큰손쭈꾸미마을,(주)하늘샘,-19.61
한식,파주닭국수,(주)송정푸드,-3.78
한식,팔덕식당,MS푸드,15.52
한식,팔백국밥,팔백식품,6.51
한식,팔백집,(주)길품에프엔비,8.0
한식,팔색삼겹살,(주)8푸드,8.16
한식,하누소,(주)하누소푸드시스템,63.73
한식,하수련주왕산삼계탕,주왕산삼계탕부산경남본부,-14.03
한식,한가네숯불닭갈비,(주)한경코퍼레이션,-6.02
한식,한동길전통감자탕,한동길식품,-4.56
한식,한마음정육식당,(주)지피에프씨,14.22
한식,한모둠,(주)미라지식품,-0.45
한식,한방전주콩나물국밥,(주)한사랑푸드,3.71
한식,한솥,(주)한솥,5.32
한식,한신포차,(주)더본코리아,-0.66
한식,한옥마을전주비빔밥,(주)풍년에프씨,0.35
한식,한촌설렁탕,(주)이연에프엔씨,-0.11
한식,한통(한마리 통큰)정육식당,삼보미트&푸드,-10.08
한식,한패,(주)보성녹돈,21.78
한식,해까득,(주)제이오코리아월드,15.98
한식,현대옥,현대옥프랜차이즈,13.33
한식,현풍닭칼국수,신칼,26.93
한식,호세야오리바베큐,호세야(주),-1.45
한식,호수꼬치,(주)호수코리아,-17.16
한식,혼밥대장,(주)원더파트너스,93.69
한식,홍구등갈비,성우,5.46
한식,홍대칼국수와족발,(주)다온에프엔비,-19.14
한식,홍반장신의주찹쌀순대와감자탕,(주)홍반장,34.39
한식,홍익궁중전통육개장,(주)홍익푸드,4.99
한식,홍춘천,(주)훌랄라,37.05
한식,화사랑화로구이,(주)에프엘푸드시스템,7.08
한식,화성옥,화성옥,2.55
한식,화통삼,(주)행복한상상에프앤비,0.12
한식,화평동왕냉면,해피브릿지협동조합,-1.49
한식,황금코다리,(주)유니쉐프,-13.01
한식,황소갈비,(주)명성에프앤비,5.6
한식,황장군,(주)가우정푸드,8.88
한식,흑돼지 삼백식당,정상FC,8.63
