기타 외국식,경성양꼬치,(주)천지,327634.67
기타 외국식,그린하노이,(주)바로에프에스,500867.0
기타 외국식,도스마스,(주)도스마스,214077.67
기타 외국식,도스타코스,(주)도스타코스,261734.67
기타 외국식,램플러스,(주)제이에이치,366191.67
기타 외국식,리틀파파포(Little PAPA Pho),(주)피엠씨에프앤비,352954.67
기타 외국식,메콩타이,(주)메콩타이컴퍼니,638721.33
기타 외국식,미각양꼬치,(주)미각,319186.33
기타 외국식,베트남노상식당,(주)트리플에이컴퍼니,283532.0
기타 외국식,생어거스틴,(주)늘솜,782769.0
기타 외국식,포로이,(주)포로이,256731.0
기타 외국식,포보스,(주)아시아푸드리퍼블릭,313250.33
기타 외국식,핵스테이크,(주)핵가족,180620.33
기타 외국식,호아빈,(주)오리엔탈푸드코리아,375356.67
기타 외식,33떡볶이,성백F&S,274356.67
기타 외식,55온족발,55온푸드,154802.67
기타 외식,WITCH COFFEE & Witch's Stick,(주)위치,54626.67
기타 외식,가마치통닭,(주)티지와이,193098.67
기타 외식,갈매기먹짱,(주)씨엠월드에프앤씨,140901.67
기타 외식,강남교자,(주)강남로하스,391468.0
기타 외식,개성집,(주)바름,395246.0
기타 외식,고반식당,(주)고반에프앤비,776720.67
기타 외식,고양이부엌,(주)교동컴퍼니,218183.67
기타 외식,곱선생,(주)리더스코리아코퍼레이션,199175.0
기타 외식,곱창고,(주)제이엔케이패밀리,421103.67
기타 외식,곱창이야기,(주)기성피제이에스,395275.67
기타 외식,곱창폭식,(주)피플블라썸,450066.0
기타 외식,공룡고기,(주)다이노에프에스,566409.0
기타 외식,공릉동원조멸치국수,원조멸치국수,155344.33
기타 외식,구슬함박,(주)구슬함박,651001.67
기타 외식,국대오리,(주)상건,340379.33
기타 외식,굴세상,(유)굴세상,214720.0
기타 외식,굴천지&초계국수,제이앤에스,225415.0
기타 외식,그라찌에,(주)풍전에프앤비,109977.0
기타 외식,그램그램,(주)빅투,299406.67
기타 외식,김덕후의 곱창조,(주)김덕후컴퍼니,820926.67
기타 외식,김영희강남동태찜,(주)해피푸드,299250.0
기타 외식,김이박부대찌개앤스테이크,(주)영광식품,64874.0
기타 외식,깐깐한족발,(주)깐깐한패밀리,720577.0
기타 외식,꼬챙이,(주)제이에스인터푸드,463878.0
기타 외식,꽃담은소,(주)아리솔에프씨,391963.67
기타 외식,남가네설악추어탕,(주)미라지식품,314137.33
기타 외식,노가리&BEER,(주)티엘에프앤씨,175663.0
기타 외식,노랑강정,(주)와이푸드,343649.67
기타 외식,농부애갈비,(주)농부애푸드,1004548.0
기타 외식,니뽕내뽕,(주)제이테이블,436064.0
기타 외식,다영신토불이,농업회사법인(주)다영푸드,355966.0
기타 외식,다이닝센,(주)더센코리아,437173.67
기타 외식,다채,(주)폴스타파트너스,210158.67
기타 외식,닥엔돈스,FC푸드,159073.67
기타 외식,달곰김밥,달곰푸드,199527.0
기타 외식,달구지막창,(주)달구지푸드,92731.33
기타 외식,닭익는마을,(주)지엔에스에프앤비,168819.0
기타 외식,대구우야지막창,(주)대구우야지막창,410959.0
기타 외식,더돈까스(the돈까스),(주)폴스타파트너스,202829.33
기타 외식,더족발,더족발,275701.0
기타 외식,더코드,(주)더만듦,102973.33
기타 외식,도쿄스테이크,해피브릿지협동조합,513883.67
기타 외식,돈까스클럽,(주)일승식품,736639.67
기타 외식,돈수백,(주)푸디안,501255.0
기타 외식,돈탐라제주,(주)돈탐라제주,239940.33
기타 외식,디저트39,(주)디저트메이커스,148213.67
기타 외식,떼루와,(주)떼루와,137796.67
기타 외식,뚜띠쿠치나,지엘라온(주),543787.0
기타 외식,라라코스트(raracost),(주)라라에프앤비(RARAF&B),841764.67
기타 외식,라무진,(주)라무진,350077.67
기타 외식,리원,(주)리원에프앤씨,170859.67
기타 외식,마늘은약이다 보쌈&족발,(주)하늘푸드시스템,660033.67
기타 외식,마루샤브,마루앤F/D,1315733.67
기타 외식,맛나슈퍼,(주)조은음식드림,210756.33
기타 외식,맛쭈서해쭈꾸미,(주)맛쭈,325844.67
기타 외식,매반생면,매반생면,21928.33
기타 외식,맥쓰(MEXX)세계치킨,맥쓰(MEXX)세계치킨,165639.67
기타 외식,멘무샤,(주)오리엔탈푸드코리아,408130.67
기타 외식,목우촌미소와돈,(주)농협목우촌,184495.67
기타 외식,목우촌웰빙마을,(주)농협목우촌,294231.33
기타 외식,몽뜨레셰프,(주)제이앤피몽뜨레,253599.33
기타 외식,미쓰족발,보승FC,421191.67
기타 외식,밀겨울,(주)오니규,146943.67
기타 외식,바다양푼이 동태탕 찜,(주)예진희알이에프,25532.0
기타 외식,바르미샤브샤브n칼국수,(주)즐거운세상,932955.33
기타 외식,바르미샤브칼국수,(주)즐거운세상,333228.33
기타 외식,바푸리pho베트남쌀국수,(주)비피알,277614.67
기타 외식,밥스테이크,(주)더꿈,427921.33
기타 외식,배달5삼겹,(주)피에프에스,318001.0
기타 외식,배달돼지,(주)배달돼지,234303.67
기타 외식,백정,(주)육칠팔,882280.67
기타 외식,보돌미역,(주)비엔에스에프앤비,520986.0
기타 외식,봉구스밥버거,(주)부자이웃,107552.33
기타 외식,부엉이돈가스,(주)부엉이에프엔비,432990.67
기타 외식,북촌손만두,(주)북촌사람들,324827.0
기타 외식,불난술집,(주)화력발전소,351681.67
기타 외식,불닭발땡초동대문엽기떡볶이,(주)핫시즈너,554462.33
기타 외식,불불이족발,(주)비앤비푸드시스템,210773.67
기타 외식,브라운돈까스,(주)브라운에프앤씨,232811.67
기타 외식,빛나는바다,(주)빛나는바다,978720.33
기타 외식,빨봉분식,(주)비엔피푸드,204373.0
기타 외식,뽕잎사랑샤브칼국수보쌈냉면,(주)성신에프씨,419136.67
기타 외식,삼겹시대1900,(주)비케이세븐코리아,283922.0
기타 외식,삼돈이,(주)알앤씨,251288.33
기타 외식,상 동양수산,(주)일센치,443150.67
기타 외식,샌드프레소,(주)동원홈푸드,68300.67
기타 외식,샐러디,(주)샐러디,173180.33
기타 외식,서병장대김이병,(주)백호에프앤비,248213.0
기타 외식,설원칡냉면&푸짐보쌈,입안에행복,81685.33
기타 외식,설화참숯닭갈비,다원푸드,133671.33
기타 외식,셰프의돈까스,이든푸드그룹,140225.0
기타 외식,소담비빔국수,(주)태강에프앤씨,170317.67
기타 외식,소한마리몽땅무쏘,(주)바른미트,545261.33
기타 외식,수내닭꼬치,(주)현풍,137421.0
기타 외식,수누리,(주)에스엔알푸드,634633.67
기타 외식,순곱이네,(주)순곱이네프랜차이즈,195403.0
기타 외식,순남시래기,바른창업(주),386295.33
기타 외식,숯불의 향기,해피소스,201011.33
기타 외식,쉐프의부대찌개,(주)케이더블유프랜차이즈,209878.0
기타 외식,스푼더마켓,(주)오리지날스푼,858488.0
기타 외식,신복관,신복관,575938.67
기타 외식,신사소곱창,(주)에스에스에프앤비,547067.67
기타 외식,심청아배고파,(주)서정,233174.0
기타 외식,싸움의고수,(주)란체스터에프앤비,315104.0
기타 외식,아그집쭈꾸미,(주)아그집쭈꾸미,455366.67
기타 외식,아비꼬,쿠산코리아(주),506577.33
기타 외식,앗싸곱창,앗싸(주),205538.33
기타 외식,애플블러썸,애플블러썸,99883.33
기타 외식,어묵나라,(주)사모,422138.0
기타 외식,어처구니없는두릉도원북촌순두부,이제이피(주),558232.0
기타 외식,에쎄레젤라또,(주)에쎄레,199071.67
기타 외식,엑소엑소 푸드카페,(주)세컨드찬스,48600.0
기타 외식,연막술,(주)푸드리아,666950.33
기타 외식,연어로만,(주)거룩한일오삼,263742.33
기타 외식,연타발,(주)행복한구이세상,3704354.67
기타 외식,오공복이,(주)남쪽나라,381208.0
기타 외식,오늘김해생뒷고기,오늘김해뒷고기,370018.67
기타 외식,오니기리와이규동,(주)오니규,197717.0
기타 외식,오식야주육회관,(주)에이치제이컴퍼니,305397.67
기타 외식,온마리,온마리에프앤시,206137.67
기타 외식,왕돈까스&왕냉면,오름푸드(주),237622.0
기타 외식,우리동네미미네,(주)예스미미,64363.67
기타 외식,우리집다음에맛있는집양평해장국,(주)우리집다음에맛있는집,272071.67
기타 외식,우마루,(주)마루에프씨,358520.33
기타 외식,웅이네 오돌뼈,(주)웅자네푸드,300808.0
기타 외식,원조설악추어탕,(주)케리온,239631.67
기타 외식,월남선생,(주)이든에프엔씨,195973.33
기타 외식,월남쌈김상사,(주)웰빙푸드에프씨,592477.67
기타 외식,유천냉면,(주)유천대가,283299.67
기타 외식,육감만족,(주)정담,439603.67
기타 외식,육장갈비,(주)마루에프씨,374777.33
기타 외식,육전면사무소,(주)인지상정에이치엔,248057.33
기타 외식,육회공작소,(주)피에프에스,464854.0
기타 외식,육회지존,인터푸드플래닝,304743.33
기타 외식,이시봉 족발보쌈,(주)현백,241715.33
기타 외식,이흥선참치,웃는돌참치,500477.0
기타 외식,장금수부대찌개,금수식품,262605.67
기타 외식,장인닭갈비,(주)다이닝팩토리,704306.67
기타 외식,장충당,(주)장충당,367487.67
기타 외식,전원숯불,전원숯불갈비,1487027.67
기타 외식,정든닭발,(주)정든,795398.0
기타 외식,제주은희네해장국,(주)하솔에프앤비,431959.0
기타 외식,족발야시장,(주)족발야시장,602177.33
기타 외식,지짐이,(주)우용에프앤비,161646.33
기타 외식,지훈남닭발,지훈남에프앤이(주),177629.67
기타 외식,진1926,더진코리아(THEJINKOREA),258542.0
기타 외식,"진가원 전주콩나물국밥,묵사발",(주)진가원푸드,326277.0
기타 외식,짬뽕상회,(주)짬뽕상회,343727.67
기타 외식,쪽갈비전문점 예감,(주)와이지인더스트리,205306.0
기타 외식,쭉심,(주)송상트레이딩,343065.33
기타 외식,청주본가,(주)영광식품,313225.67
기타 외식,청춘감성쌀핫도그,(주)청춘감성쌀핫도그,73608.0
기타 외식,추오정,(주)아정푸드시스템,584538.67
기타 외식,카츠젠,카츠젠,388070.67
기타 외식,카툰공감,(주)라이온에프지,101192.0
기타 외식,칼리가리 박사의 밀실,(주)올모스트페이머스,375472.33
기타 외식,캠토토스트,(주)주안,63186.67
기타 외식,커피스미스,커피스미스에프씨(주),422218.67
기타 외식,코바코,(주)호경에프씨,210995.67
기타 외식,코코샤브,(주)오리엔탈푸드코리아,677917.0
기타 외식,콩샌,(유)콩샌,100989.67
기타 외식,콩심,(주)맛있는푸드,510813.67
기타 외식,쿡1015,(주)홍익푸드,230035.33
기타 외식,타코비,(주)타코비코리아,89661.33
기타 외식,토마토도시락,(주)다채원,182675.67
기타 외식,통큰갈비,(주)해성외식,464314.67
기타 외식,팔삼닭발,TheHoon코퍼레이션,162297.33
기타 외식,팬아시아(Pan Asia),(주)팬아시아다인힐,764569.67
기타 외식,포메인,(주)데일리킹,488158.67
기타 외식,포아이니(PHOINI),(주)아이윈,188373.67
기타 외식,푸릴리,(주)계경원,344835.33
기타 외식,풀잎채,(주)풀잎채,1487512.33
기타 외식,하늘보리피자,(주)웰가코리아,86788.67
기타 외식,하우돈곱창,하우돈곱창,212624.0
기타 외식,한스델리,(주)한스앤컴퍼니,183188.33
기타 외식,한우궁,파워푸드(유),258598.33
기타 외식,해초과메기,(주)해랑,57296.0
기타 외식,현죽,(주)한길에프씨,109465.33
기타 외식,홍대개미,(주)후니에프앤비,734529.33
기타 외식,화로상회,(주)하마에프씨,564812.0
기타 외식,화통집,(주)조은세상에프엔씨,337472.67
기타 외식,화포식당,(주)다이닝에스엠,380065.0
기타 외식,황홀한막창,디오디시스템,102705.67
분식,걸작떡볶이치킨,(주)위드인푸드,304978.0
분식,공수간,(주)놀부,146561.33
분식,구포국수,제이피토탈,202979.67
분식,국수나무,해피브릿지협동조합,241615.33
분식,귀일,(주)오픈스카이앤귀일,177359.0
분식,김대표 김밥,(주)덕,350229.33
분식,김피라(kimpira),(주)솔트앤슈가,227568.0
분식,꾼떡,(주)트로이,108224.33
분식,나는 조선의 떡볶이다,(주)이노레시피,91722.0
분식,더바스켓,(주)성하식품,176243.33
분식,두끼,(주)다른,589072.33
분식,뚱보아저씨 돈가스,뚱보아저씨,216941.33
분식,로봇김밥,(주)로봇에프앤비,215039.67
분식,리김밥,(주)바인인터내셔날,248441.0
분식,명동할머니국수,(주)봉원에프앤비,255759.0
분식,명인만두,(주)명인에프엔비,159738.0
분식,미정국수0410,(주)더본코리아,485917.67
분식,밀크밥버거,(주)오색만찬,45787.0
분식,바르다김선생,(주)바르다김선생,331178.33
분식,바푸리,(주)비피알,188208.33
분식,반장떡볶이,(주)반장푸드,282332.33
분식,밥맛나는세상,(주)소디프비앤에프,260890.0
분식,버무리떡볶이,(주)이플푸드,166479.0
분식,보영만두,(주)보영,365923.67
분식,보용만두,(주)보용에프앤씨,294859.67
분식,북문로떡볶이,(주)북문로키친,105635.67
분식,생생돈까스,(주)에버리치에프앤비,149691.67
분식,서가원김밥,(주)오색만찬,181627.67
분식,송촌꼬마김밥,송촌꼬마김밥,78292.67
분식,수유리우동집,(주)물과소금,211931.33
분식,스쿨스토어,(주)스쿨스토어,439532.67
분식,스쿨푸드,(주)에스에프이노베이션,694175.67
분식,신떡,(주)신화에프앤비,80283.0
분식,신참떡볶이,(주)신참에프앤씨,166463.67
분식,신포우리만두,(유)신포우리식품,341943.0
분식,심할머니안흥찐빵만두,어우리,113779.0
분식,아딸,(주)아딸,87393.67
분식,얌샘,(주)얌샘,204472.67
분식,엄청난떡볶이,엄청난떡볶이,156633.0
분식,역전우동0410,(주)더본코리아,417642.0
분식,오떡,(주)에이치앤비푸드,258017.67
분식,오마뎅,(주)오마뎅,186825.33
분식,오별난멸치국수,(주)누들앤푸드,559862.33
분식,오정은A김밥,(주)오정은,256726.33
분식,올떡,(주)지엔에스올떡,107132.67
분식,용우동,(주)용마을,325228.33
분식,우럼마왕만두,우럼마에프앤디,181375.33
분식,웁스떡볶이,웁스에프앤씨,46368.67
분식,으니의수라간,(주)원스에프엔비,61584.0
분식,응급실국물떡볶이,(주)금해코리아,228595.33
분식,이삭토스트,(주)이삭,139217.33
분식,이여사나무김밥,(주)다온코리아,255617.33
분식,이웃집소녀떡볶이,이웃집소녀쉐프,198572.67
분식,자매떡볶이,(주)든해자매,216074.0
분식,장상궁김밥,(주)장상궁,316529.67
분식,장호덕손만두,장호덕손만두,205898.0
분식,정성한줄,(주)해밀코리아,535467.33
분식,죠스떡볶이,(주)죠스푸드,224117.33
분식,진미면막국수,진미면막국수,277389.33
분식,찰스숯불김밥,(주)찰스푸드,224041.33
분식,채다올김밥,다올에프엔씨,173625.0
분식,춘하추동,"춘하추동F&C,동진여관",151790.33
분식,치피떡,(주)생활에프앤비,87242.67
분식,킹콩떡볶이,이심전심(주),110261.67
분식,토마토김밥,(주)푸름에프앤에스,396502.67
분식,틈새라면,(주)틈새상사,90855.67
분식,파더스김밥,(주)미셰프,148747.0
분식,행컵,(주)혜성푸드빌,234205.33
분식,효형제돈까스,효브라더스,416937.33
서양식,닐리,(주)엔아이에프앤씨,374037.67
서양식,동성로매콩돈까스와 냉면,동성로매콩돈까스와냉면,287483.33
서양식,루스트플레이스,㈜메이크어베러(Makeabetter),1111356.67
서양식,모모스테이크,(주)시작,331098.33
서양식,바네스,바네스코리아(주),323036.67
서양식,봉대박스파게티,(주)에프씨봉대박,228215.0
서양식,빈체로,(주)에스씨케이,461148.0
서양식,샤이바나,(주)태그린,585399.33
서양식,서가앤쿡,(주)에스앤에스컴퍼니,997708.67
서양식,스탠딩스테이크,(주)푸디아,164930.33
서양식,스파게티스토리까르보네,(주)인토외식산업,179102.33
서양식,컨트리맨즈,(주)촌놈인터내셔널,820392.33
서양식,클램(CLAM),(주)씨에프씨(CFC),714935.67
서양식,파스토보이(pastoboy),(주)우주소년,252609.0
서양식,플라잉볼,(주)플라잉테이블,217910.33
서양식,한끼맛있다,(주)쉐프마인드,765478.0
서양식,홍익돈까스,(주)홍익,731229.67
아이스크림/빙수,배스킨라빈스,비알코리아(주),503065.33
아이스크림/빙수,브알라,(주)브알라,123314.33
아이스크림/빙수,빙달,(주)빙달,42153.0
아이스크림/빙수,빨라쪼델프레도,(주)빨라쪼,127771.67
아이스크림/빙수,설빙,(주)설빙,345765.67
아이스크림/빙수,소프트리(SOFTREE),(주)소프트리,92934.0
음료(커피 외),곰브라더스,(주)제이스타임,87583.0
음료(커피 외),공차,(주)공차코리아,335089.33
음료(커피 외),스무디킹(SMOOTHIEKING),스무디킹코리아(주),203500.33
음료(커피 외),아마스빈코리아,(주)스토어하우스,320926.0
음료(커피 외),오가다,(주)오가다,131543.33
음료(커피 외),쥬스스타,선우프로듀스(주),54042.67
음료(커피 외),쥬스팩토리,(주)쥬스팩토리,70617.67
음료(커피 외),쥬씨(JUICY),쥬씨(주),159738.33
음료(커피 외),킹콩쥬스엔커피,(주)킹콩쥬스엔커피,56258.67
일식,金太郞,(주)예가,293873.67
일식,가츠몽,(주)가츠몽,254642.67
일식,겐로쿠우동,겐로쿠우동,250228.67
일식,기소야,(주)공영식품,166187.67
일식,도꼬돈카츠,(주)도꼬야,247287.67
일식,돈돈정,(주)제이에스푸드컴퍼니,597032.33
일식,마싰는끼니,(주)최고식품카페아라,143736.67
일식,멘무샤조이,(주)오리엔탈푸드코리아,104404.0
일식,멘야산다이메,(주)재팬푸드서비스,518404.33
일식,미소야,(주)보우앤파트너스,348896.33
일식,미스터스시,(주)해운대엠에스,458487.67
일식,미카도스시,(주)올바른에프앤비,577974.0
일식,배터지는생동까스,(주)진진에프씨,78901.33
일식,사보텐,(주)캘리스코,749489.33
일식,소노야,(주)공영식품,214688.67
일식,스시웨이,(주)사보르웨이,462181.0
일식,시오도메,(주)소담푸드,229961.0
일식,신기소,(주)공영식품,223834.67
일식,아프로,(주)즐거운,303894.33
일식,야끼화로,(주)야끼화로,519949.67
일식,야미가,(주)제이더블유푸드코리아,536036.33
일식,오와스시,오와스시,580208.33
일식,오이시라멘,오이시라멘,204134.0
일식,유리카모메,(주)광장,259358.0
일식,카모메,(주)카모메호스피탈리티그룹,106513.33
일식,코코로벤또,(주)카모메호스피탈리티그룹,412533.67
일식,쿠우쿠우,(주)쿠우쿠우,2809440.33
일식,키무카츠,㈜키무카츠아시아,404433.33
일식,키햐아,(주)우리우스,324530.67
일식,토끼정,(주)에스앤에스코퍼레이션,1244540.67
일식,하루엔소쿠,(주)하루돈,242350.33
일식,하코야,(주)엘에프푸드,254013.0
일식,홍대돈부리,(주)홍대돈부리,449457.33
제과제빵,갓식빵,(주)무진,252846.33
제과제빵,곤트란쉐리에,(주)곤트란쉐리에코리아,753108.33
제과제빵,그린브라우니(green brownie),(주)그린브라우니,230947.33
제과제빵,나나케이크,(주)나나드림,160827.0
제과제빵,내가만든미케익,케익타르트,83667.33
제과제빵,따삐오,(주)에스피씨삼립,114309.67
제과제빵,또아식빵,(주)또아식빵,357386.33
제과제빵,뚜레쥬르,씨제이푸드빌(주),461768.67
제과제빵,로띠번,(주)로띠번코리아,138382.33
제과제빵,롤링핀,(주)롤링핀컴퍼니,614709.0
제과제빵,르뽀미에,(주)에스피씨삼립,202734.67
제과제빵,명랑시대쌀핫도그,명랑시대외식청년창업협동조합,186342.0
제과제빵,못난이꽈배기,(주)못난이푸드,100992.67
제과제빵,브레댄코(bread&co.DAILY-NEW),(주)브레댄코,393752.33
제과제빵,블럭제빵소,(주)블럭에프에스,178465.67
제과제빵,비어드파파,스위트밀(주),233302.0
제과제빵,빵장수단팥빵,(주)피쉐프코리아,259014.33
제과제빵,신라명과,(주)신라명과,150089.0
제과제빵,심봉사도로케,(주)티엠드,118822.0
제과제빵,쌀똑핫도그,(주)초베이,126733.67
제과제빵,아리랑수제핫도그,(주)아리랑에프앤비,105922.67
제과제빵,앤티앤스,(주)재원푸드,263274.0
제과제빵,오케이크(O'CAKE),H2(에이치2),219452.67
제과제빵,오페뜨,(주)오페뜨,294537.67
제과제빵,이앤바이(이n바이),(주)이지바이플러스,211828.67
제과제빵,정도너츠,농업회사법인(주)정담,117266.0
제과제빵,정항우케익,(주)명품정항우케익,179226.67
제과제빵,천안옛날호두과자,(주)능수제과옛날호두과자,187962.0
제과제빵,케이크를부탁해,(주)케이크를부탁해,184770.33
제과제빵,코코호도,(주)샤마,149189.0
제과제빵,크리스피크림,롯데지알에스(주),312751.0
제과제빵,타르타르,(주)바로만든,417943.33
제과제빵,파리바게뜨,(주)파리크라상,666257.0
제과제빵,풍년제과,(주)강동오케익,284683.0
제과제빵,한스(HANS),(주)한스제과,541375.33
제과제빵,핫브레드,(주)에이치비푸드,390036.0
제과제빵,호밀호두,(주)호밀호두,126150.0
주점,3883 팔도실비집,삼정코리아,241048.33
주점,79대포,(주)더벗,277318.33
주점,간이역,주인프래너스(주),79309.67
주점,개집비어,(주)개집비어,235927.33
주점,구노포차,(주)디디프랜즈,192779.67
주점,구름공방,(주)인토외식산업,182676.33
주점,군선생,(주)군선생,313369.67
주점,김봉남포장마차,(주)봉남푸드,275786.33
주점,김양비어,(주)모두가족,113364.33
주점,꼬지사께,(주)에쓰와이프랜차이즈,143871.67
주점,꾼노리,(주)빅토리어스,514974.33
주점,남오토코,(주)더남,392608.67
주점,노가리슈퍼,(주)대진에프앤비,260260.33
주점,뉴욕야시장,리치푸드(주),357444.67
주점,느린마을양조장&펍,(주)배상면주가,508838.0
주점,달빛한모금,(주)달빛가족,310258.33
주점,대칠성포차,(주)엔에이치에프,310016.0
주점,동경야시장,(주)다이닝팩토리,378732.33
주점,똥꼬,(주)맑음푸드,211475.33
주점,리얼펍,(주)알피,150821.0
주점,맥주바켓(맥주Barket),(주)인토외식산업,211712.67
주점,무한사케무사,미코에프씨(주),245672.0
주점,미술관,(주)디딤,386002.67
주점,민혁이네외국포차,(주)맛있게즐기고,548381.67
주점,백스비어,(주)더본코리아,617157.67
주점,붐비어,붐비어,129313.0
주점,브라더오뎅,프랜차이즈창업연구소올프랜즈,160861.33
주점,비어사케,케이에스에이치(KSH)푸드,160638.67
주점,비어웍스,비어웍스,311853.33
주점,비어팩토리,(주)에스와이네트웍스,207056.33
주점,비턴,(주)비원에프앤씨,166772.0
주점,사거리식당,코리안브라더,381514.67
주점,사나포차,(주)한국창업경제연구소,164162.0
주점,사이야,(주)사람과사람,186276.0
주점,삼구포차,(주)다존,270156.67
주점,생활맥주,(주)데일리비어,273863.33
주점,설맥(SEOL MAC),(주)바이한,167914.0
주점,소소한일상의별난주점,(주)야미,133723.33
주점,시장통,(주)수에프씨,143610.33
주점,엘리팝,(주)에쓰와이프랜차이즈,194528.0
주점,역전할머니맥주1982,(주)역전에프앤씨,468082.33
주점,오말짜비어,(주)엠제이인터내셔널,96037.67
주점,오사카부루스,(주)오성푸드,418676.0
주점,오춘자비어,(주)춘자외식,136162.67
주점,옥탑방오봉자싸롱,(주)봉자체인본부,157266.33
주점,와라와라,(주)에프앤디파트너,517905.67
주점,와바,(주)인토외식산업,228340.33
주점,용구비어,(주)와이비운용사업부,133570.0
주점,임창정의 소주한잔,칠삼비브라더스(주),754604.33
주점,주민상회,(주)시선프랜차이즈,179980.67
주점,주식회사포차천국,(주)미트더석세스,400279.33
주점,준코노래타운,(주)준코,462920.67
주점,짚동가리쌩주,리치푸드(주),222442.0
주점,짝태&노가리,(주)피엘오하모니,166599.67
주점,청담이상,(주)리코플레이트,803055.0
주점,청춘싸롱,(주)리치메이커,338080.0
주점,치어스,(주)치어스,241629.33
주점,코젤다크하우스(KOZELDARKHAUS),(주)케이디코리아,301052.33
주점,코키펍(COCKY-PUB),(주)엘브라더스,643111.67
주점,쿨럭(coolluck),(주)제이에스인터푸드,145175.0
주점,토대력,(주)이원,200876.0
주점,토리고야,토리고야패밀리(주),694645.0
주점,통파이브,(주)이루에프씨,230220.0
주점,투다리,(주)이원,106040.33
주점,투사랑,오엔푸드,45581.67
주점,퍼스트비어,퍼스트프랜차이즈,117516.33
주점,편의점포차핫셰프,(주)비즈플랜비,187820.33
주점,포차35구역,미코에프씨(주),218647.67
주점,폼프리츠,폼프리츠,135545.33
주점,필스너하우스(PILSNER HOUSE),(주)엔디홀딩스,508560.0
주점,하루비어,(주)포앤디코리아,254221.33
중식,교동짬뽕,(주)명가푸드시스템,594528.0
중식,라화쿵부,회풍식품(주),306404.0
중식,이만구교동짬뽕,(주)이만구,559964.33
중식,이비가짬뽕,(주)이비가푸드,467229.67
중식,짬뽕10101,(주)고구려푸드,447569.0
중식,짬뽕지존,투맨홀딩스(주),1037908.0
중식,짬뽕타운,푸얼담식품,283458.33
중식,짬뽕타임,(주)제이에이치푸드시스템,816521.33
중식,홍짜장,(주)한밭에프앤지,199223.67
중식,홍콩반점0410,(주)더본코리아,592848.33
중식,홍탕,(주)홍탕,47416.33
치킨,60계,(주)장스푸드,362997.33
치킨,836숯불바베큐치킨,팔삼육산업(주),182083.0
치킨,8800켄터키치킨,(주)현인에프앤디,223873.0
치킨,94번가,(주)디토코리아,206343.33
치킨,경아두마리치킨,(주)다시만난사람들,171480.33
치킨,교촌치킨,교촌에프앤비(주),616040.0
치킨,굽네치킨,(주)지앤푸드,310668.67
치킨,굽는치킨,계산씨케이,44446.67
치킨,김성구의성마늘치킨,김성구의성마늘치킨,74380.0
치킨,김스타치킨,김스타푸드,229290.33
치킨,김진철동래통닭,(주)태진에프앤디,246073.0
치킨,깐부치킨,(주)깐부,422910.33
치킨,꼬꼬봉투통닭,(주)더콥,37050.0
치킨,꼬꼬팜,포맨에프엔씨,109516.33
치킨,꾸브라꼬 숯불 두마리 치킨,제이케이유통,269977.67
치킨,꿀딱,(주)케이원푸드,131837.67
치킨,네네치킨,(주)혜인식품,204687.33
치킨,노랑통닭,(주)노랑푸드,436469.33
치킨,놀부옛날통닭,(주)놀부,141545.33
치킨,누나홀닭,(주)티앤비코리아,373515.33
치킨,다사랑,(주)다사랑,323741.33
치킨,달닭,(주)참여텍,68180.0
치킨,닭권브이,닭권브이,62327.0
치킨,대박나자 부자치킨,(주)알피,98863.0
치킨,대한맥주집,대한컴퍼니,247888.33
치킨,더기발한치킨(The기발한치킨),(주)더기발한,128140.67
치킨,더썬치킨,(주)더썬컴퍼니,144215.33
치킨,더후라이팬 후라이드 치킨,아이에스크리에이티브,201069.33
치킨,더후라이팬치킨클럽,아이에스크리에이티브,162237.33
치킨,동근이숯불두마리치킨,동근이숯불두마리치킨,198368.33
치킨,두리아,(주)두리아,135669.67
치킨,둘둘치킨,(주)일동인터내쇼날,50520.67
치킨,둘마니치킨,엠앤에이치에프씨,110475.33
치킨,디디치킨(DD치킨),(주)디디에프엔비,150076.67
치킨,땅땅치킨,(주)프랜푸드,195362.0
치킨,또래오래,(주)농협목우촌,124706.33
치킨,또봉이통닭,또봉이에프앤에스(주),122310.33
치킨,림스치킨,림스상사,101765.33
치킨,마슬랜,마슬랜,150306.33
치킨,마파치킨,(주)한국창업경제연구소,269773.0
치킨,만년닭강정,(주)만년푸드,288073.33
치킨,맛닭꼬,(주)꼬꼬에프앤비,282442.67
치킨,매드후라이치킨,(주)에스씨에프,304920.67
치킨,맥시칸치킨,(주)맥시칸,85901.33
치킨,맥켄치킨,(주)한일팜스,69169.67
치킨,멕시카나,(주)멕시카나,207746.0
치킨,모던통닭,(주)모던키친컴퍼니,482502.0
치킨,못말리는파닭,(주)엠엔글로벌,124865.67
치킨,무봤나 촌닭,(주)무촌식품,262716.67
치킨,미쳐버린파닭,(주)수정,124743.33
치킨,바른치킨,(주)이루에프씨,246095.33
치킨,바비후,(주)내일,359757.67
치킨,범벅치킨,(주)마리푸드,206044.33
치킨,보드람 치킨,(주)보드람씨앤알,216621.0
치킨,본스치킨,(주)비에이지본스,83219.33
치킨,본초불닭발,(주)미래원에프앤씨,74393.67
치킨,봉이치킨,(주)봉이에프엔씨,75024.67
치킨,부뚜막치킨,(주)태풍에프앤비,126840.33
치킨,부어치킨,(주)참바른,120515.67
치킨,불로만치킨바베큐,(주)불로만,114053.67
치킨,불촌두마리치킨,신미푸드시스템,64791.0
치킨,브라운치킨,(주)비지씨푸드,204747.67
치킨,비에이치씨(BHC),(주)비에이치씨,357548.0
치킨,사바사바치킨앤비어,(주)마세다린,229612.67
치킨,사쿠사쿠,(주)계미락,167134.0
치킨,삼십구치킨,39치킨본부,59722.67
치킨,상문이두마리숯불양념치킨,푸드메이트,137062.33
치킨,신통치킨,(주)올치에프씨,56206.67
치킨,쌀쌀맞은닭,(주)바름,161191.0
치킨,쌀통닭,(주)퐁텐,190329.67
치킨,씨에프숯불바베큐치킨,(주)씨에프,51623.67
치킨,아웃닭,(주)테즈,567455.0
치킨,아이벗치킨,아이프랜드,118454.33
치킨,아주커,(주)에이에프씨코리아,215917.33
치킨,아침닭,(주)홈앤치킨,132194.0
치킨,알통떡강정,(주)알통컴퍼니,122119.67
치킨,야들리애,(주)제이케이글로벌,217746.33
치킨,양계장집아들,(주)양계장집아들,160947.67
치킨,에디슨치킨,(주)참여텍,54102.67
치킨,오늘통닭,(주)대현푸드빌,273654.67
치킨,오닭꼬치,(주)오닭꼬치,97047.0
치킨,오부장치킨,(주)본에스디코리아,230750.67
치킨,오븐마루,(주)오엠푸드,227281.33
치킨,오븐에빠진닭,(주)에땅,255415.0
치킨,오후엔치킨,태현에프씨(주),193524.67
치킨,용달통닭,용달푸드,207587.33
치킨,위드치킨,위드치킨,34238.67
치킨,이춘봉인생치킨,(주)마스터아이디,232204.33
치킨,자담치킨,(주)웰빙푸드,233104.0
치킨,장모님치킨,장모육계유통,85618.0
치킨,조선CH.S치킨,(주)씨에스,166385.33
치킨,조선의 옛날통닭,제이에프앤씨,72443.33
치킨,존슨켄터키,(주)비브라더스,97804.0
치킨,종국이두마리치킨,종국이두마리치킨체인본부,181175.67
치킨,지코바양념치킨,(주)지코바,216965.67
치킨,징기스칸치킨,(자)징기스칸,60347.0
치킨,쭈노치킨가게,(주)쭈노에프앤비,120409.33
치킨,처갓집양념치킨,(주)한국일오삼,195150.67
치킨,처갓집플러스케이준치킨,(주)한국일오삼,169530.33
치킨,철인7호,(주)철인에프앤비,252468.67
치킨,충만치킨,(주)충만,297091.0
치킨,치르치르,리치푸드(주),292621.0
치킨,치킨678,(주)육칠팔,193521.33
치킨,치킨89(치킨팔구),(주)우분트,158854.33
치킨,치킨더비,(주)치킨더비,293833.0
치킨,치킨더홈,케이와이푸드(주),171532.0
치킨,치킨매니아,(주)코리아델로스케이디,163012.33
치킨,치킨뱅이,(주)원우푸드,258901.67
치킨,치킨버스,(주)푸드버스,315340.0
치킨,치킨삼파전,이온유통,122676.67
치킨,치킨신드롬,(주)오앤씨웰푸드,136209.33
치킨,치킨주막,(주)치킨주막,231668.0
치킨,치킨커플,(주)비엘앤에프,169603.67
치킨,치킨히어로,티오엘드림,146786.33
치킨,칠칠켄터키,(주)더쉐프,389066.0
치킨,컬투치킨,(주)컬투에프앤비,202988.33
치킨,코리안바베큐,(주)티비비씨,130153.33
치킨,코리엔탈깻잎두마리치킨,(주)채움푸드,140041.0
치킨,콩닥콩닭,케이디유통,122383.0
치킨,큰통치킨,(주)태산유통,56458.67
치킨,투존치킨,(주)나도람에프씨,213618.0
치킨,티바두마리치킨,(주)신라외식개발,138625.67
치킨,페리카나,(주)페리카나,124424.67
치킨,푸라닭,(주)아이더스코리아,346868.67
치킨,피니치니,(주)그린푸드존,104145.33
치킨,필바든치킨,필푸드,141137.33
치킨,하우스홀드,푸드피아,60498.67
치킨,하이꼬꼬,(주)귀남,254019.0
치킨,한앤둘치킨,(주)더콥,102106.0
치킨,해두리치킨,(주)지와이푸드,224327.33
치킨,허대구 대구통닭,(주)디티에프앤비,355657.33
치킨,호식이두마리치킨,호식이두마리치킨,241545.33
치킨,호치킨,(주)다울에프앤비,337751.33
치킨,호호닭발,(주)제이앤엠푸드,269075.0
커피,9cafe,(주)비비인터내셔널,162955.67
커피,경성코페,(주)경성글로벌,180850.33
커피,까사밍고,(주)라이온에프지,247084.67
커피,나인어클락커피,(주)나인어클락,156002.67
커피,다빈치커피,(주)다빈치,111915.67
커피,달콤,(주)달콤,244879.33
커피,더벤티,(주)더벤티코리아,220169.67
커피,더웨이닝커피(THE WAIN-ING COFFEE),(주)웨이닝코리아,206307.33
커피,데니스,데니스,149947.33
커피,데일리에스프레소(Daily espresso),데일리에스프레소,181235.67
커피,디에떼에스프레소,(주)디떼,52791.67
커피,디초콜릿커피앤드,(주)할리스에프앤비,200615.0
커피,라드커피(LAD COFFEE),라드커피,208837.33
커피,라떼떼,(주)엘에이치지,45875.0
커피,라떼킹(latteking),블루빈컴퍼니(주),127320.33
커피,마노핀,(주)엠피그룹,193883.33
커피,마시그래이,(주)에스이엠,135004.67
커피,만랩커피,(주)만랩,141588.0
커피,매머드익스프레스(Mammoth Express),(주)매머드커피랩,217978.67
커피,매머드커피(Mammoth coffee),(주)매머드커피랩,231802.0
커피,메가엠지씨커피(MEGA MGC COFFEE),(주)앤하우스,256149.67
커피,모캄보,(주)마스터코리아,157757.0
커피,바리스타비,(주)바리스타비,59226.67
커피,베스트빈,(주)에스에이치네트웍스,73699.0
커피,브라우니70,(주)브라우니웍스,522094.67
커피,블랙라인커피,(주)카페발트,131376.67
커피,빈스빈스,(주)빈스앤로스터리코리아,207023.33
커피,빨콩,(주)오구본가,132357.33
커피,빽다방,(주)더본코리아,290150.33
커피,셀렉토커피,(주)맥스원이링크,108368.0
커피,슈퍼사이즈커피,(주)에스에이치리테일,77743.33
커피,슈퍼커피,(주)슈퍼커피,149042.33
커피,아리스타,(주)아리스타,201392.67
커피,아마떼,(주)한국창업경제연구소,156029.0
커피,아마스빈,(주)비케이컴퍼니,287188.67
커피,에슬로우커피(ESLOW COFFEE),(주)에슬로우,182337.67
커피,엑소엑소핫도그앤커피,(주)세컨드찬스,41564.67
커피,엘아르카,엘아르카,70798.0
커피,요거프레소,(주)요거프레소,103928.0
커피,이디야커피,(주)이디야,213808.0
커피,전광수커피,(주)전광수커피,270512.0
커피,주커피,태영에프앤비(주),181737.33
커피,카페게이트,(유)에브라임이노베이션,210853.67
커피,카페다빈치,(주)다빈치,147337.33
커피,카페도헤이 왕의커피,(주)카페도헤이,74811.33
커피,카페루앤비,(주)루앤비,60613.0
커피,카페리빈,(주)리빈코리아,123555.33
커피,카페베네,(주)카페베네,209505.0
커피,카페아이엠티,(주)편안,186252.0
커피,카페원플러스원,(주)카페원플러스원,106401.0
커피,카페인중독,(주)중독컴퍼니,142969.33
커피,카페코나퀸즈,카페코나퀸즈(주),234272.67
커피,카페홀릭(CAFE HOLIC),(주)카페홀릭,117408.33
커피,커피나무,(주)커피나무,220328.33
커피,커피니(COFFEENIE),(주)커피니,167718.67
커피,커피마마,티에고(주),82789.33
커피,커피명가,(주)커피명가,236564.0
커피,커피볶는집,(주)커피볶는집,122123.67
커피,커피에반하다,(주)커피에반하다,96828.0
커피,커피온리,(주)커피만컴퍼니,200332.33
커피,커피코트,(주)커피코트,177006.0
커피,커피홀(coffee hole),(자)동명식품서울지점,90795.33
커피,커핀그루나루,(주)커핀그루나루,294586.0
커피,컴포즈커피(COMPOSE COFFEE),(주)제이엠커피컴퍼니,252337.67
커피,코페아커피(COFFEA COFFEE),(주)감성인터내셔널,150937.67
커피,퀸즈브라운,대현패밀리(주),120955.67
커피,탭플레이(TAPLAY),(주)해피랜드에프엔비,108294.33
커피,텀브커피,(주)위드텀브,84389.0
커피,토리스타특별한커피,토리스타씨앤에스(toristarC&S),111265.67
커피,토프레소,(주)에스앤큐플러스,94956.0
커피,투썸플레이스,투썸플레이스(주),532535.33
커피,파스쿠찌,(주)파리크라상,389146.33
커피,팬도로시,(주)올리브홀딩스,169877.0
커피,하바나익스프레스,(주)주원에프앤비,123706.0
커피,할리스커피,(주)할리스에프앤비,382692.33
커피,핸즈커피 (HANDS COFFEE),(주)지핸즈,247064.33
커피,히즈빈스(HISBEANS),(주)향기내는사람들,122054.0
패스트푸드,뉴욕핫도그앤커피,(주)뉴욕핫도그앤커피,37469.0
패스트푸드,롯데리아,롯데지알에스(주),656904.0
패스트푸드,미스앤미스터포테이토,(주)도연에프엔씨,161695.0
패스트푸드,미스터톡톡(Mr TokTok),(주)두손커머스,297440.67
패스트푸드,버거307,버거307,229968.0
패스트푸드,버거킹(Burger King),(주)비케이알,926107.0
패스트푸드,쉐이크포테이토,(주)도남에프앤에프,102144.0
패스트푸드,스테프핫도그,(주)스테프코리아,114680.0
패스트푸드,퀴즈노스서브,(주)유썸,265112.0
패스트푸드,토스피아,(주)푸드넷시스템,96397.67
패스트푸드,파파이스,(주)티에스푸드앤시스템,333495.67
패스트푸드,팔팔핫도그,(주)프로젝트비,63809.33
패스트푸드,피제리아 나인로드,(주)씨엠월드에프앤씨,803796.33
피자,7번가피자,(주)7번가사람들,252829.33
피자,Port' Albs 피자굼터,(주)멀티푸드시스템,82985.67
피자,난타5000피자,(유)난타5000,103353.0
피자,남자피자,(주)남자피자,252353.0
피자,도미노피자,청오디피케이(주),784800.0
피자,리골레토 시카고피자,(주)다이닝팩토리,442141.33
피자,미스터파파임실치즈피자,외식그룹진밭,46106.67
피자,미스터피자,(주)엠피그룹,364494.0
피자,빨간모자피자,(주)레드캡,260093.67
피자,뽕뜨락피자,(주)웰빙을만드는사람들,125865.33
피자,영구스피자,(주)영구스피자,162241.0
피자,옐로우피자(YELLOW PIZZA),옐로우피자,258621.33
피자,오르새피자,(주)제이피케이컴퍼니,209103.0
피자,오리지널시카고,(주)오리지널시카고피자,406462.33
피자,임실치즈피자,(유)승일푸드시스템,41472.0
피자,자연임실치즈피자,자연임실치즈피자,193656.67
피자,킹스타피자,(주)스타푸드코리아,185191.33
피자,파파존스피자,한국파파존스(주),430175.33
피자,피자마루,(주)푸드죤,157411.67
피자,피자빅,(주)그린푸드존,133922.0
피자,피자빙고,(주)신성마을,28549.0
피자,피자스쿨,(주)씨에이치컴퍼니,138987.0
피자,피자스쿨,(주)피자스쿨,156463.33
피자,피자알볼로,(주)알볼로에프앤씨,401569.33
피자,피자애,(주)피자애,153709.0
피자,피자에땅,(주)에땅,181697.67
피자,피자헛,한국피자헛(유),712212.67
피자,피자헤븐,(주)피자헤븐코리아,256363.33
피자,한명숙피자치킨,"한명숙피자,치킨",92769.33
피자,후니피자,훈푸드,128062.0
한식,153포인츠(POINTZ),(주)에스엔알푸드,398301.67
한식,1인자감자탕,(주)제이에스일인자,464187.0
한식,88콩나물국밥,(주)웰미가베스트푸드,214471.67
한식,THE진국,(주)섬김과나눔,463087.0
한식,가얏골감자탕,지앤지푸드,189332.67
한식,가인채,(주)가인채,905502.0
한식,가장맛있는족발,(주)가장맛있는족발,600816.0
한식,계경순대국,지강에프앤비(주),321505.0
한식,"고기,원칙",(주)반반한행복,584751.0
한식,고래감자탕,(주)디딤,656669.67
한식,고래식당,(주)디딤,427658.0
한식,고봉민김밥人,케이비엠,197369.0
한식,고집센그집갈비탕,그집푸드,415248.67
한식,곤지암할매소머리국밥,(주)동의보감농수산,130246.67
한식,곽만근갈비탕,(주)곽푸드에프씨,696994.67
한식,교동전선생,(주)교동,265394.33
한식,구이구이쪽갈비,(주)더맛푸드,252462.33
한식,국사랑,케이씨컴퍼니,201731.67
한식,군산오징어,(주)산무리,282805.67
한식,굴마을낙지촌,(주)두둑한행복,351638.33
한식,금강산감자탕,농업회사법인구삐(주),314877.67
한식,김둘레순대국,(주)둘레,714143.33
한식,김명자낙지마당,(주)김명자,447549.33
한식,김영희동태찜&코다리냉면,(주)해피푸드,260228.0
한식,김해시락국밥,(주)토장원,111677.67
한식,나이스투미츄,아이에스크리에이티브,399753.0
한식,날마다대박나는집,(주)명진푸드,1314412.33
한식,남노갈비,(주)조이에프앤비,156157.67
한식,남다른감자탕(男다른감子탕),(주)보하라,674071.0
한식,남자마늘보쌈,(주)미스터쿡,640163.67
한식,낭만쭈꾸미,(주)낭만연구소,627428.0
한식,내가찜한닭,(주)마이푸드,475861.33
한식,내담 대구탕 해물갈비찜,(주)씨에스에프씨,99691.33
한식,노마세야매운갈비찜,(주)노마세야컴퍼니,268434.0
한식,논골집,정준유통,488152.0
한식,놀란곱창,(주)숲풀림식품,54070.67
한식,놀란돼지,(주)숲풀림식품,127672.33
한식,놀부항아리갈비,(주)놀부,299169.67
한식,누리마을감자탕,(주)영일유통,349687.33
한식,다깡,다감,402713.67
한식,다담뜰 한식뷔페,(주)다담뜰,1399751.33
한식,닭갈비제작소,(주)닥인흥업,442747.0
한식,닭발싸롱,맛있는이야기,221363.33
한식,담미온,(주)담미온에프앤비,781072.0
한식,대가야삼계탕,(주)대가야,300782.33
한식,대독장,(주)제니스에프앤비,245097.67
한식,대박통,대박통,224253.0
한식,대장부,엠투(M2)컴퍼니,266005.0
한식,댓짱돈까스,(주)댓짱돈까스,603723.33
한식,더도이종가집돼지국밥,(주)더도이종가집,1346836.0
한식,덕뽀리,씨에이치푸드,136995.67
한식,덤덤덤쪽갈비,디앤디코리아,213483.0
한식,돈오락쪽갈비,(주)지강푸드,242880.0
한식,돈통마늘보쌈,(주)코리아푸딩,316469.0
한식,돌배기집,(주)더본코리아,718986.33
한식,동서네낙지,(유)동서네낙지본점,271982.0
한식,두거리우신탕,두거리푸드,300245.33
한식,두남자찜닭,(주)두남자컴퍼니,510353.33
한식,두리맛감자탕,(주)두리맛푸드,502097.67
한식,두찜,(주)기영에프앤비,269844.0
한식,땅스부대찌개,(주)티에스푸드,176646.33
한식,또와유 명태간장조림,(주)해오름에프에스,315704.33
한식,뚱뚱이할머니족발보쌈,(주)미도식품,23202.0
한식,뚱뚱이할머니족발보쌈,(주)제이비에프씨,253642.33
한식,뚱삼이와대삼이,(주)엠지에이치,390822.0
한식,로꼬로꼬,로꼬로꼬,484019.33
한식,마녀가 만든 족발,제이에이치푸드(주),314888.33
한식,마당쇠돼지갈비,(주)마당쇠,226960.0
한식,마린보이동태탕.찜.코다리1번가,마린보이유통,128200.33
한식,막돼먹은막창,(주)엠디엠,271064.67
한식,만나고쪽갈비가,맛있는에프앤비(F&B),226596.33
한식,만복한쭈꾸미낙지볶음,만복이쭈꾸미낙지볶음,936868.0
한식,만족오향족발,(주)만점족,508048.0
한식,맛깔참죽,(주)맛깔,138280.67
한식,맛나감자탕,리브가푸드시스템(주),549129.67
한식,맛찬들왕소금구이,(주)맛찬들,1219047.33
한식,망향비빔국수,블루밀,536242.0
한식,메밀골동해막국수,(주)해살이뜰,133537.0
한식,면채반,(주)면채반,422188.0
한식,명장복집&24시명장복국,명장복집,424987.67
한식,목촌사골돼지국밥,(주)행운식품,422126.33
한식,무한장소,(주)제이씨엠에프씨,230294.0
한식,미사리밀빛초계국수,(주)밀빛,528550.0
한식,미스터닭찜,(주)푸디아,48025.0
한식,미스터보쌈5379,(주)푸디아,209021.33
한식,미스터오징어,미스앤미스터㈜,717516.67
한식,바베큐통족구이,(주)케이제이푸드시스템,148316.0
한식,바보돼지두마리,TASTYPLATFORM(테이스티플랫폼),195469.33
한식,바보형제쭈꾸미,(주)바보형제스토리,508603.67
한식,바우네나주곰탕,(주)지에프포유,317090.0
한식,바푸리죽앤즙,(주)비피알,160860.33
한식,박가부대,원앤원(주),234081.0
한식,반반식당,(주)아라에프엔비,238000.0
한식,반할맛으로 값어치하는 소고깃집,(주)끼니,829761.67
한식,밥장인돼지찌개,(주)밥장인,229451.33
한식,방일해장국,(주)방일에프씨,212379.67
한식,배부장찌개,(주)맛있는에프앤비,364432.33
한식,백종원의원조쌈밥집,(주)더본코리아,490613.0
한식,백채,(주)심플맨,255312.33
한식,백청우칼국수,백청우칼국수,367890.67
한식,백촌진짜대구막창,백촌푸드,172899.67
한식,별법 동태탕 왕해물찜,(주)씨에스에프씨,120133.67
한식,본가,(주)더본코리아,858062.33
한식,본가어탕,본가어탕,321358.67
한식,본앤본,본앤본(주),129370.33
한식,봉할매김치찌개불백,(주)씨앤에이치코퍼레이션,246075.0
한식,부산아지매국밥,(주)제이엘푸드,439042.67
한식,북창동순두부,(주)디코레,415778.33
한식,불끈낙지,예스람,491485.33
한식,불막열삼,(주)꿈을실현하는사람들,211256.33
한식,빚은,(주)에스피씨삼립,186964.0
한식,뼈큰감자탕,(주)뚝심푸드,520785.67
한식,사랑담은묵은지찜찌개,(주)사랑담은,143761.33
한식,삼겹구이,(주)미래에프씨,232487.67
한식,삼겹촌놈,솔담,234838.67
한식,삼겹파티,(주)엠지에이치,292292.0
한식,삼곱식당,삼곱푸드,536135.33
한식,삼교리동치미막국수,(주)삼교리,361478.0
한식,삼백집,(주)휴림,286090.67
한식,삼시세때,(주)국보푸드시스템,312682.67
한식,삼청동멸치국수,(주)삼청동,205179.0
한식,상도늘보리,(주)늘보리에프앤씨,435800.0
한식,새마을식당,(주)더본코리아,562352.67
한식,샤브쌈주머니,위드몬,613372.33
한식,서래갈매기,(주)서래스터,436301.33
한식,셰프의 국수앤육개장,(주)바인에프씨,215799.33
한식,소공동뚝배기집,(주)오백미라클,352626.67
한식,소래버섯나라,(주)소래버섯,317660.67
한식,소플러스,(주)엔조이푸드시스템,1537176.0
한식,손문대구막창갈매기살,(주)손문에프앤씨,165578.33
한식,송담추어탕,(주)송담,373731.33
한식,수육국밥.보쌈전문점 더참맛수육국밥앤보쌈,(주)더참맛푸드,556509.67
한식,순흥골,(주)델리앤,603429.0
한식,시골애,(주)시골애,455232.67
한식,시골통돼지볶음,코아FS,267563.33
한식,시루향기,(주)향기나는사람들,397776.67
한식,신단설렁탕,진대푸드,177218.33
한식,신마포갈매기,(주)디딤,497289.67
한식,신의주부대찌개,미트준,289873.67
한식,신의주찹쌀순대,(주)거성푸드,419475.33
한식,신정골,(주)신정푸드,124067.0
한식,신촌설렁탕,(주)신촌푸드,408115.67
한식,쌀눈쌀 현미누룽지,(주)엄마,31786.67
한식,쌈촌,(주)쌈촌패밀리,335669.33
한식,아빠곰탕,(주)프레솔,271851.33
한식,안동본가국밥,(주)두웰푸드,416743.67
한식,약초마을,약초마을YCM,319807.67
한식,얌샘김밥,(주)얌샘,277878.67
한식,어머나생고기,(주)스타프렌차이즈,382355.67
한식,어바웃샤브,(주)올어바웃푸드,308369.67
한식,어죽이네철렵국,어죽이네철렵국,173885.67
한식,열선수애호박돼지국밥,(주)열선수푸드,173033.33
한식,예향정,"(주)디케이코리아(D.KKOREACo.,LTD)",443131.33
한식,옛날농장,(주)첨성대,1006232.33
한식,오늘한점,(주)우용에프앤비,347632.67
한식,오복미역,(주)오복푸드,706520.33
한식,오봉도시락,(주)오색만찬,116748.67
한식,오술차,(주)오술차,258121.33
한식,온누리장작구이,(주)온누리푸드시스템,707568.33
한식,왔쏘,(주)다드림에프앤비,567431.67
한식,용추골미궁순대,칠연푸드시스템,185618.33
한식,우거지품은순대국,(주)우품,385317.33
한식,우박집,(주)계경원,349363.33
한식,원조전통명가 통큰할매순대국,(주)세븐하베스트,170226.33
한식,원할머니,원앤원(주),482317.67
한식,월선네,(주)맛있는상상,297336.33
한식,월수금,월수금,284445.33
한식,웰미가,(주)웰미가베스트푸드,355241.67
한식,유가네 한우곰탕,(주)유가네,76789.67
한식,유가네닭갈비,(주)바이올푸드글로벌,518385.33
한식,육대장,(주)육대장,456227.33
한식,육마니 옛날전통육개장,육마니(주),298363.33
한식,육시리,티티씨에프,766776.67
한식,육쌈냉면,(주)육쌈,401017.0
한식,육풍,(주)보담,704279.33
한식,육회먹은연어,(주)비에프푸드,409702.0
한식,육회본가,(주)본가에프앤비,328391.33
한식,이바돔 외식 Family,(주)이바돔,919083.33
한식,이바돔감자탕,(주)이바돔,772843.67
한식,이태리부대찌개,(주)지니어스,469960.33
한식,인생극장,(주)에이치티코리아,123929.67
한식,장도뚝배기,지강에프앤비(주),223814.0
한식,장수본가해장국,(주)장수엔터프라이즈,397014.33
한식,장인족발608,(주)제이엠케이에스,547947.0
한식,장충동왕족발보쌈,(주)장충동왕족발,70245.33
한식,전주남문조춘자토종피순대국,(주)비엔에스푸드,284627.67
한식,전주옥,전주옥,145602.67
한식,전주팔미콩나물국밥,(주)베스트에프앤씨,430913.67
한식,정가대박집,(주)정웅,644511.33
한식,제주도야지판,(주)이바돔,608328.67
한식,제주몬트락,(주)모닥홀딩스,846628.33
한식,제주미향해장국,(주)미향에프엔비,209045.67
한식,조가네갑오징어,(주)조앤이푸드,519028.33
한식,조마루감자탕,(주)조마루,332708.33
한식,조춘식동태탕찜,(주)조앤비컨설팅,177902.33
한식,족발쌀롱,족발쌀롱,217065.0
한식,종로직화쭈꾸미,종로푸드시스템(주),623116.0
한식,주순희찌개마을시골촌,(주)순희에프앤비,253346.0
한식,주왕산삼계탕,(주)대가야,245748.0
한식,지호한방삼계탕,(주)지호,394227.67
한식,진배기 원조할매국밥,진배기,289539.0
한식,진성아구찜,진성,252816.67
한식,진이찬방,진이푸드(주),210389.33
한식,집으로돼지,(주)메이에프앤에스,192650.33
한식,쪽찌,(주)마더푸드,345922.67
한식,착한돼지,(주)착한푸드,809978.0
한식,참이맛감자탕,(주)참이맛,414446.33
한식,참토우,(주)참토우,812480.33
한식,채선당,(주)채선당,541923.33
한식,천사곱창,(주)식스텐비즈,311580.0
한식,첫번째필족사랑,거성푸드(주),137959.67
한식,청국장과보리밥,농협회사법인(주)인건,481813.33
한식,청기와뼈다귀해장국,청기와뼈다귀해장국,654294.67
한식,청양일초,(주)청해,329017.67
한식,청와삼대,(주)봄봄,308304.0
한식,청진동해장국,엘푸드,188631.0
한식,최용석의 뼈큰청진동해장국,(주)뚝심푸드,615906.33
한식,춘향골남원추어탕,(주)춘향골,339150.67
한식,코다차야,(주)코다,2091471.0
한식,콩불,(주)8푸드,254052.0
한식,콩시루,시루유통,262514.33
한식,쿡친,마시굿,137602.33
한식,큰돈쪽쪽갈비,큰돈쪽쪽갈비,245239.0
한식,큰맘할매순대국,(주)보강엔터프라이즈,251100.33
한식,큰정할매순대국,(주)휴앤지,300903.33
한식,킹콩부대찌개,(주)에스엘에프앤비,295565.33
한식,태기산더덕순대,(주)푸드프랜,422968.67
한식,토고리 옛날막창 소갈비살,(주)지에프코리아,214823.0
한식,토정삼계탕,(주)우리모메,444897.33
한식,통큰손쭈꾸미마을,(주)하늘샘,486782.67
한식,파주닭국수,(주)송정푸드,241610.67
한식,팔색삼겹살,(주)8푸드,764261.33
한식,하누소,(주)하누소푸드시스템,1989835.0
한식,하수련주왕산삼계탕,주왕산삼계탕부산경남본부,261903.67
한식,한가네숯불닭갈비,(주)한경코퍼레이션,487932.33
한식,한방전주콩나물국밥,(주)한사랑푸드,389675.33
한식,한솥,(주)한솥,338943.0
한식,한신포차,(주)더본코리아,1044655.33
한식,한촌설렁탕,(주)이연에프엔씨,529432.0
한식,한패,(주)보성녹돈,349717.33
한식,현대옥,현대옥프랜차이즈,428511.67
한식,현풍닭칼국수,신칼,320323.67
한식,호세야오리바베큐,호세야(주),91593.67
한식,홍구등갈비,성우,247742.0
한식,홍대칼국수와족발,(주)다온에프엔비,354825.67
한식,홍익궁중전통육개장,(주)홍익푸드,378225.0
한식,홍춘천,(주)훌랄라,148433.33
한식,화사랑화로구이,(주)에프엘푸드시스템,1916772.0
한식,화성옥,화성옥,276336.67
한식,화통삼,(주)행복한상상에프앤비,374883.0
한식,화평동왕냉면,해피브릿지협동조합,292817.67
한식,황금코다리,(주)유니쉐프,599490.67
한식,황장군,(주)가우정푸드,982655.33
한식,흑돼지 삼백식당,정상FC,472328.33
